slug,id,url,url_2serv_us
strawberry-panzanella-italian-bread-salad-chicken-feta-mint,31115,https://www.mealime.com/recipes/strawberry-panzanella-italian-bread-salad-chicken-feta-mint/31115,https://www.mealime.com/recipes/strawberry-panzanella-italian-bread-salad-chicken-feta-mint/31114
grilled-chicken-skewers-spicy-plum-tomato-corn-feta-salad,31103,https://www.mealime.com/recipes/grilled-chicken-skewers-spicy-plum-tomato-corn-feta-salad/31103,https://www.mealime.com/recipes/grilled-chicken-skewers-spicy-plum-tomato-corn-feta-salad/31102
egg-avocado-tomato-english-muffin-sandwich-chili-garlic-aioli,31073,https://www.mealime.com/recipes/egg-avocado-tomato-english-muffin-sandwich-chili-garlic-aioli/31073,https://www.mealime.com/recipes/egg-avocado-tomato-english-muffin-sandwich-chili-garlic-aioli/31072
creamy-chicken-salad-avocado-artichoke-hearts,31055,https://www.mealime.com/recipes/creamy-chicken-salad-avocado-artichoke-hearts/31055,https://www.mealime.com/recipes/creamy-chicken-salad-avocado-artichoke-hearts/31054
shrimp-louie-inspired-salad-avocado-cucumber-tomato,31049,https://www.mealime.com/recipes/shrimp-louie-inspired-salad-avocado-cucumber-tomato/31049,https://www.mealime.com/recipes/shrimp-louie-inspired-salad-avocado-cucumber-tomato/31048
tuna-edamame-waldorf-salad-apple-grapes-celery,30953,https://www.mealime.com/recipes/tuna-edamame-waldorf-salad-apple-grapes-celery/30953,https://www.mealime.com/recipes/tuna-edamame-waldorf-salad-apple-grapes-celery/30952
spicy-indian-style-kidney-bean-salad-cucumber-tomato-cilantro,30923,https://www.mealime.com/recipes/spicy-indian-style-kidney-bean-salad-cucumber-tomato-cilantro/30923,https://www.mealime.com/recipes/spicy-indian-style-kidney-bean-salad-cucumber-tomato-cilantro/30922
seared-lamb-chops-french-dressed-asparagus-chopped-egg-lemon,30893,https://www.mealime.com/recipes/seared-lamb-chops-french-dressed-asparagus-chopped-egg-lemon/30893,https://www.mealime.com/recipes/seared-lamb-chops-french-dressed-asparagus-chopped-egg-lemon/30892
curried-egg-salad-pita-wrap-avocado-alfalfa-sprouts,30881,https://www.mealime.com/recipes/curried-egg-salad-pita-wrap-avocado-alfalfa-sprouts/30881,https://www.mealime.com/recipes/curried-egg-salad-pita-wrap-avocado-alfalfa-sprouts/30880
pear-nachos-greek-yogurt-pumpkin-seeds-cranberries-honey,30875,https://www.mealime.com/recipes/pear-nachos-greek-yogurt-pumpkin-seeds-cranberries-honey/30875,https://www.mealime.com/recipes/pear-nachos-greek-yogurt-pumpkin-seeds-cranberries-honey/30874
cheesy-portobello-smash-burger-avocado-sprouts-romaine-salad,30863,https://www.mealime.com/recipes/cheesy-portobello-smash-burger-avocado-sprouts-romaine-salad/30863,https://www.mealime.com/recipes/cheesy-portobello-smash-burger-avocado-sprouts-romaine-salad/30862
cheesy-avocado-tomato-alfalfa-sprout-quesadillas,30857,https://www.mealime.com/recipes/cheesy-avocado-tomato-alfalfa-sprout-quesadillas/30857,https://www.mealime.com/recipes/cheesy-avocado-tomato-alfalfa-sprout-quesadillas/30856
sweet-potato-toasts-yogurt-walnuts-dried-cranberries,30851,https://www.mealime.com/recipes/sweet-potato-toasts-yogurt-walnuts-dried-cranberries/30851,https://www.mealime.com/recipes/sweet-potato-toasts-yogurt-walnuts-dried-cranberries/30850
lemony-cucumber-edamame-salad-feta-cheese-mint,30845,https://www.mealime.com/recipes/lemony-cucumber-edamame-salad-feta-cheese-mint/30845,https://www.mealime.com/recipes/lemony-cucumber-edamame-salad-feta-cheese-mint/30844
gnocchi-roasted-grape-tomatoes-basil-parmesan-balsamic,30833,https://www.mealime.com/recipes/gnocchi-roasted-grape-tomatoes-basil-parmesan-balsamic/30833,https://www.mealime.com/recipes/gnocchi-roasted-grape-tomatoes-basil-parmesan-balsamic/30832
grilled-portobello-peanut-satay-bok-choy-edamame-coconut-rice,30809,https://www.mealime.com/recipes/grilled-portobello-peanut-satay-bok-choy-edamame-coconut-rice/30809,https://www.mealime.com/recipes/grilled-portobello-peanut-satay-bok-choy-edamame-coconut-rice/30808
sheet-pan-turkey-meatballs-roasted-apples-plums-basil-yogurt,30785,https://www.mealime.com/recipes/sheet-pan-turkey-meatballs-roasted-apples-plums-basil-yogurt/30785,https://www.mealime.com/recipes/sheet-pan-turkey-meatballs-roasted-apples-plums-basil-yogurt/30784
yogurt-banana-split-strawberries-peanuts,30779,https://www.mealime.com/recipes/yogurt-banana-split-strawberries-peanuts/30779,https://www.mealime.com/recipes/yogurt-banana-split-strawberries-peanuts/30778
tex-mex-black-bean-salad-tomato-corn-bell-pepper-feta,30767,https://www.mealime.com/recipes/tex-mex-black-bean-salad-tomato-corn-bell-pepper-feta/30767,https://www.mealime.com/recipes/tex-mex-black-bean-salad-tomato-corn-bell-pepper-feta/30766
indian-spiced-grilled-cheese-carrot-chutney-apricot-mint-salad,30755,https://www.mealime.com/recipes/indian-spiced-grilled-cheese-carrot-chutney-apricot-mint-salad/30755,https://www.mealime.com/recipes/indian-spiced-grilled-cheese-carrot-chutney-apricot-mint-salad/30754
cheesy-cauliflower-cilantro-fritters-avocado-salsa,30707,https://www.mealime.com/recipes/cheesy-cauliflower-cilantro-fritters-avocado-salsa/30707,https://www.mealime.com/recipes/cheesy-cauliflower-cilantro-fritters-avocado-salsa/30706
couscous-romaine-salad-warm-peaches-almonds-feta-dill,30695,https://www.mealime.com/recipes/couscous-romaine-salad-warm-peaches-almonds-feta-dill/30695,https://www.mealime.com/recipes/couscous-romaine-salad-warm-peaches-almonds-feta-dill/30694
zesty-cottage-cheese-crema-nachos-avocado-cilantro,30665,https://www.mealime.com/recipes/zesty-cottage-cheese-crema-nachos-avocado-cilantro/30665,https://www.mealime.com/recipes/zesty-cottage-cheese-crema-nachos-avocado-cilantro/30664
lemon-basil-fettuccine-seared-salmon-broccoli,30641,https://www.mealime.com/recipes/lemon-basil-fettuccine-seared-salmon-broccoli/30641,https://www.mealime.com/recipes/lemon-basil-fettuccine-seared-salmon-broccoli/30640
poached-tofu-scallion-ginger-sauce-noodles-carrots-bok-choy,30611,https://www.mealime.com/recipes/poached-tofu-scallion-ginger-sauce-noodles-carrots-bok-choy/30611,https://www.mealime.com/recipes/poached-tofu-scallion-ginger-sauce-noodles-carrots-bok-choy/30610
white-bean-chard-saute-seared-scallops-leeks-lemon-parmesan,30605,https://www.mealime.com/recipes/white-bean-chard-saute-seared-scallops-leeks-lemon-parmesan/30605,https://www.mealime.com/recipes/white-bean-chard-saute-seared-scallops-leeks-lemon-parmesan/30604
grilled-tofu-broccoli-skewers-creamy-chickpea-salad,30581,https://www.mealime.com/recipes/grilled-tofu-broccoli-skewers-creamy-chickpea-salad/30581,https://www.mealime.com/recipes/grilled-tofu-broccoli-skewers-creamy-chickpea-salad/30580
orzo-pasta-skillet-cottage-cheese-zucchini-snap-peas-basil,30575,https://www.mealime.com/recipes/orzo-pasta-skillet-cottage-cheese-zucchini-snap-peas-basil/30575,https://www.mealime.com/recipes/orzo-pasta-skillet-cottage-cheese-zucchini-snap-peas-basil/30574
grilled-curry-chicken-spicy-apple-mango-cucumber-salad,30569,https://www.mealime.com/recipes/grilled-curry-chicken-spicy-apple-mango-cucumber-salad/30569,https://www.mealime.com/recipes/grilled-curry-chicken-spicy-apple-mango-cucumber-salad/30568
turkey-meatballs-baked-zucchini-noodles-cream-sauce-parsley,30545,https://www.mealime.com/recipes/turkey-meatballs-baked-zucchini-noodles-cream-sauce-parsley/30545,https://www.mealime.com/recipes/turkey-meatballs-baked-zucchini-noodles-cream-sauce-parsley/30544
chicken-eggplant-feta-stuffed-peppers-creamy-basil-salad,30527,https://www.mealime.com/recipes/chicken-eggplant-feta-stuffed-peppers-creamy-basil-salad/30527,https://www.mealime.com/recipes/chicken-eggplant-feta-stuffed-peppers-creamy-basil-salad/30526
spaghetti-carbonara-tempeh-parsley-lemony-kale-salad,30491,https://www.mealime.com/recipes/spaghetti-carbonara-tempeh-parsley-lemony-kale-salad/30491,https://www.mealime.com/recipes/spaghetti-carbonara-tempeh-parsley-lemony-kale-salad/30490
carrot-salad-lettuce-wraps-hard-boiled-eggs-mayo-capers,30458,https://www.mealime.com/recipes/carrot-salad-lettuce-wraps-hard-boiled-eggs-mayo-capers/30458,https://www.mealime.com/recipes/carrot-salad-lettuce-wraps-hard-boiled-eggs-mayo-capers/30457
creamy-artichoke-green-goddess-cottage-cheese-dip-bell-pepper,30434,https://www.mealime.com/recipes/creamy-artichoke-green-goddess-cottage-cheese-dip-bell-pepper/30434,https://www.mealime.com/recipes/creamy-artichoke-green-goddess-cottage-cheese-dip-bell-pepper/30433
blueberry-banana-pecan-oatmeal-protein-bites,30428,https://www.mealime.com/recipes/blueberry-banana-pecan-oatmeal-protein-bites/30428,https://www.mealime.com/recipes/blueberry-banana-pecan-oatmeal-protein-bites/30427
spicy-cottage-cheese-nacho-dip-tortilla-chips,30416,https://www.mealime.com/recipes/spicy-cottage-cheese-nacho-dip-tortilla-chips/30416,https://www.mealime.com/recipes/spicy-cottage-cheese-nacho-dip-tortilla-chips/30415
thai-turkey-burger-cucumber-lettuce-salad-spicy-mayo-peanuts,30398,https://www.mealime.com/recipes/thai-turkey-burger-cucumber-lettuce-salad-spicy-mayo-peanuts/30398,https://www.mealime.com/recipes/thai-turkey-burger-cucumber-lettuce-salad-spicy-mayo-peanuts/30397
cinnamon-apple-banana-oatmeal-protein-bites,30386,https://www.mealime.com/recipes/cinnamon-apple-banana-oatmeal-protein-bites/30386,https://www.mealime.com/recipes/cinnamon-apple-banana-oatmeal-protein-bites/30385
strawberry-banana-vanilla-protein-shake,30374,https://www.mealime.com/recipes/strawberry-banana-vanilla-protein-shake/30374,https://www.mealime.com/recipes/strawberry-banana-vanilla-protein-shake/30373
chocolate-peanut-butter-banana-date-oatmeal-protein-bites,30362,https://www.mealime.com/recipes/chocolate-peanut-butter-banana-date-oatmeal-protein-bites/30362,https://www.mealime.com/recipes/chocolate-peanut-butter-banana-date-oatmeal-protein-bites/30361
creamy-mango-lassi-protein-shake-cardamom,30356,https://www.mealime.com/recipes/creamy-mango-lassi-protein-shake-cardamom/30356,https://www.mealime.com/recipes/creamy-mango-lassi-protein-shake-cardamom/30355
date-sweetened-vanilla-chai-protein-shake,30338,https://www.mealime.com/recipes/date-sweetened-vanilla-chai-protein-shake/30338,https://www.mealime.com/recipes/date-sweetened-vanilla-chai-protein-shake/30337
chocolate-cherry-date-protein-shake,30326,https://www.mealime.com/recipes/chocolate-cherry-date-protein-shake/30326,https://www.mealime.com/recipes/chocolate-cherry-date-protein-shake/30325
cottage-cheese-apricot-bites-almonds-sesame-honey-cinnamon,30308,https://www.mealime.com/recipes/cottage-cheese-apricot-bites-almonds-sesame-honey-cinnamon/30308,https://www.mealime.com/recipes/cottage-cheese-apricot-bites-almonds-sesame-honey-cinnamon/30307
grilled-steak-mushroom-salad-parmesan-creamy-garlic-dressing,30290,https://www.mealime.com/recipes/grilled-steak-mushroom-salad-parmesan-creamy-garlic-dressing/30290,https://www.mealime.com/recipes/grilled-steak-mushroom-salad-parmesan-creamy-garlic-dressing/30289
bread-salad-panzanella-tuna-tomatoes-mozzarella-olives,30188,https://www.mealime.com/recipes/bread-salad-panzanella-tuna-tomatoes-mozzarella-olives/30188,https://www.mealime.com/recipes/bread-salad-panzanella-tuna-tomatoes-mozzarella-olives/30187
sesame-ginger-orzo-pasta-salad-shrimp-carrot-bell-pepper,30122,https://www.mealime.com/recipes/sesame-ginger-orzo-pasta-salad-shrimp-carrot-bell-pepper/30122,https://www.mealime.com/recipes/sesame-ginger-orzo-pasta-salad-shrimp-carrot-bell-pepper/30121
grilled-pork-chop-over-strawberry-kiwi-spinach-salad-pistachios,30104,https://www.mealime.com/recipes/grilled-pork-chop-over-strawberry-kiwi-spinach-salad-pistachios/30104,https://www.mealime.com/recipes/grilled-pork-chop-over-strawberry-kiwi-spinach-salad-pistachios/30103
ham-broccoli-red-onion-cottage-cheese-frittata,29972,https://www.mealime.com/recipes/ham-broccoli-red-onion-cottage-cheese-frittata/29972,https://www.mealime.com/recipes/ham-broccoli-red-onion-cottage-cheese-frittata/29971
grilled-lime-shrimp-black-bean-corn-pepper-tomato-feta-salad,29906,https://www.mealime.com/recipes/grilled-lime-shrimp-black-bean-corn-pepper-tomato-feta-salad/29906,https://www.mealime.com/recipes/grilled-lime-shrimp-black-bean-corn-pepper-tomato-feta-salad/29905
deli-roast-beef-stew-sauerkraut-potatoes-carrots-peas,29900,https://www.mealime.com/recipes/deli-roast-beef-stew-sauerkraut-potatoes-carrots-peas/29900,https://www.mealime.com/recipes/deli-roast-beef-stew-sauerkraut-potatoes-carrots-peas/29899
blt-macaroni-salad-crispy-bacon-tomato-lettuce-bread-crumbs,29876,https://www.mealime.com/recipes/blt-macaroni-salad-crispy-bacon-tomato-lettuce-bread-crumbs/29876,https://www.mealime.com/recipes/blt-macaroni-salad-crispy-bacon-tomato-lettuce-bread-crumbs/29875
cottage-cheese-flatbread-bell-pepper-tomato-basil-hot-honey,29828,https://www.mealime.com/recipes/cottage-cheese-flatbread-bell-pepper-tomato-basil-hot-honey/29828,https://www.mealime.com/recipes/cottage-cheese-flatbread-bell-pepper-tomato-basil-hot-honey/29827
arugula-tempeh-salad-blistered-tomatoes-avocado-chive-dressing,29804,https://www.mealime.com/recipes/arugula-tempeh-salad-blistered-tomatoes-avocado-chive-dressing/29804,https://www.mealime.com/recipes/arugula-tempeh-salad-blistered-tomatoes-avocado-chive-dressing/29803
balsamic-sage-halibut-roasted-potatoes-carrots-broccoli,29762,https://www.mealime.com/recipes/balsamic-sage-halibut-roasted-potatoes-carrots-broccoli/29762,https://www.mealime.com/recipes/balsamic-sage-halibut-roasted-potatoes-carrots-broccoli/29761
prosciutto-wrapped-asparagus-herbed-cheese-mashed-potatoes,29756,https://www.mealime.com/recipes/prosciutto-wrapped-asparagus-herbed-cheese-mashed-potatoes/29756,https://www.mealime.com/recipes/prosciutto-wrapped-asparagus-herbed-cheese-mashed-potatoes/29755
cream-fennel-soup-potato-leek-celery-pumpkin-seeds,29744,https://www.mealime.com/recipes/cream-fennel-soup-potato-leek-celery-pumpkin-seeds/29744,https://www.mealime.com/recipes/cream-fennel-soup-potato-leek-celery-pumpkin-seeds/29743
flank-steak-street-tacos-cilantro-spicy-cabbage-jalapeno-slaw,29714,https://www.mealime.com/recipes/flank-steak-street-tacos-cilantro-spicy-cabbage-jalapeno-slaw/29714,https://www.mealime.com/recipes/flank-steak-street-tacos-cilantro-spicy-cabbage-jalapeno-slaw/29713
cheesy-chicken-tortilla-burger-special-sauce-side-salad,29660,https://www.mealime.com/recipes/cheesy-chicken-tortilla-burger-special-sauce-side-salad/29660,https://www.mealime.com/recipes/cheesy-chicken-tortilla-burger-special-sauce-side-salad/29659
creamy-sesame-ginger-spaghetti-squash-shrimp-edamame,29636,https://www.mealime.com/recipes/creamy-sesame-ginger-spaghetti-squash-shrimp-edamame/29636,https://www.mealime.com/recipes/creamy-sesame-ginger-spaghetti-squash-shrimp-edamame/29635
smoky-sausage-zucchini-noodle-skillet-tomato-cream-sauce,29516,https://www.mealime.com/recipes/smoky-sausage-zucchini-noodle-skillet-tomato-cream-sauce/29516,https://www.mealime.com/recipes/smoky-sausage-zucchini-noodle-skillet-tomato-cream-sauce/29515
indian-style-fried-rice-turkey-carrots-green-onions-cashews,29426,https://www.mealime.com/recipes/indian-style-fried-rice-turkey-carrots-green-onions-cashews/29426,https://www.mealime.com/recipes/indian-style-fried-rice-turkey-carrots-green-onions-cashews/29425
pork-sausage-cassoulet-white-beans-fennel-thyme-bread-crumbs,29390,https://www.mealime.com/recipes/pork-sausage-cassoulet-white-beans-fennel-thyme-bread-crumbs/29390,https://www.mealime.com/recipes/pork-sausage-cassoulet-white-beans-fennel-thyme-bread-crumbs/29389
general-tsos-tempeh-green-onion-bok-choy-sesame-seeds-rice,29378,https://www.mealime.com/recipes/general-tsos-tempeh-green-onion-bok-choy-sesame-seeds-rice/29378,https://www.mealime.com/recipes/general-tsos-tempeh-green-onion-bok-choy-sesame-seeds-rice/29377
scallop-fettuccine-alfredo-lemon-parsley-sauteed-asparagus,29330,https://www.mealime.com/recipes/scallop-fettuccine-alfredo-lemon-parsley-sauteed-asparagus/29330,https://www.mealime.com/recipes/scallop-fettuccine-alfredo-lemon-parsley-sauteed-asparagus/29329
pork-sausage-gnocchi-skillet-bell-pepper-mushroom-sauerkraut,29318,https://www.mealime.com/recipes/pork-sausage-gnocchi-skillet-bell-pepper-mushroom-sauerkraut/29318,https://www.mealime.com/recipes/pork-sausage-gnocchi-skillet-bell-pepper-mushroom-sauerkraut/29317
hot-honey-chicken-tenders-blue-cheese-wedge-salad-herby-ranch,29294,https://www.mealime.com/recipes/hot-honey-chicken-tenders-blue-cheese-wedge-salad-herby-ranch/29294,https://www.mealime.com/recipes/hot-honey-chicken-tenders-blue-cheese-wedge-salad-herby-ranch/29293
asian-pork-stir-fry-pineapple-bok-choy-coconut-rice,29282,https://www.mealime.com/recipes/asian-pork-stir-fry-pineapple-bok-choy-coconut-rice/29282,https://www.mealime.com/recipes/asian-pork-stir-fry-pineapple-bok-choy-coconut-rice/29281
roasted-fennel-quinoa-salad-arugula-dates-pistachios-feta,29270,https://www.mealime.com/recipes/roasted-fennel-quinoa-salad-arugula-dates-pistachios-feta/29270,https://www.mealime.com/recipes/roasted-fennel-quinoa-salad-arugula-dates-pistachios-feta/29269
cheesy-beef-hash-brown-patties-ranch-mixed-green-salad,29258,https://www.mealime.com/recipes/cheesy-beef-hash-brown-patties-ranch-mixed-green-salad/29258,https://www.mealime.com/recipes/cheesy-beef-hash-brown-patties-ranch-mixed-green-salad/29257
thai-beef-patties-minty-pineapple-cucumber-salad-peanuts,29051,https://www.mealime.com/recipes/thai-beef-patties-minty-pineapple-cucumber-salad-peanuts/29051,https://www.mealime.com/recipes/thai-beef-patties-minty-pineapple-cucumber-salad-peanuts/29050
spicy-honey-mustard-wings-radish-avocado-cabbage-slaw,28913,https://www.mealime.com/recipes/spicy-honey-mustard-wings-radish-avocado-cabbage-slaw/28913,https://www.mealime.com/recipes/spicy-honey-mustard-wings-radish-avocado-cabbage-slaw/28912
ribeye-spicy-cowboy-butter-butternut-squash-brussels-sprouts,28889,https://www.mealime.com/recipes/ribeye-spicy-cowboy-butter-butternut-squash-brussels-sprouts/28889,https://www.mealime.com/recipes/ribeye-spicy-cowboy-butter-butternut-squash-brussels-sprouts/28888
roast-beef-caesar-wrap-roasted-pepper-arugula-salad-parmesan,28859,https://www.mealime.com/recipes/roast-beef-caesar-wrap-roasted-pepper-arugula-salad-parmesan/28859,https://www.mealime.com/recipes/roast-beef-caesar-wrap-roasted-pepper-arugula-salad-parmesan/28858
tomato-spinach-orzo-ground-turkey-parmesan-parsley,28769,https://www.mealime.com/recipes/tomato-spinach-orzo-ground-turkey-parmesan-parsley/28769,https://www.mealime.com/recipes/tomato-spinach-orzo-ground-turkey-parmesan-parsley/28768
fennel-white-bean-soup-mixed-vegetables-basil-pesto-parmesan,28763,https://www.mealime.com/recipes/fennel-white-bean-soup-mixed-vegetables-basil-pesto-parmesan/28763,https://www.mealime.com/recipes/fennel-white-bean-soup-mixed-vegetables-basil-pesto-parmesan/28762
sticky-lemon-pepper-wings-creamy-kale-brussels-sprout-salad,28739,https://www.mealime.com/recipes/sticky-lemon-pepper-wings-creamy-kale-brussels-sprout-salad/28739,https://www.mealime.com/recipes/sticky-lemon-pepper-wings-creamy-kale-brussels-sprout-salad/28738
spaghetti-spinach-peas-asparagus-poached-eggs-parmesan,28715,https://www.mealime.com/recipes/spaghetti-spinach-peas-asparagus-poached-eggs-parmesan/28715,https://www.mealime.com/recipes/spaghetti-spinach-peas-asparagus-poached-eggs-parmesan/28714
asian-pork-noodle-soup-swiss-chard-mushrooms-cilantro-lime,28673,https://www.mealime.com/recipes/asian-pork-noodle-soup-swiss-chard-mushrooms-cilantro-lime/28673,https://www.mealime.com/recipes/asian-pork-noodle-soup-swiss-chard-mushrooms-cilantro-lime/28672
vietnamese-style-noodle-bowl-tofu-mushrooms-pickled-veggies,28601,https://www.mealime.com/recipes/vietnamese-style-noodle-bowl-tofu-mushrooms-pickled-veggies/28601,https://www.mealime.com/recipes/vietnamese-style-noodle-bowl-tofu-mushrooms-pickled-veggies/28600
grilled-pork-chop-raw-brussels-sprout-orange-avocado-salad,28559,https://www.mealime.com/recipes/grilled-pork-chop-raw-brussels-sprout-orange-avocado-salad/28559,https://www.mealime.com/recipes/grilled-pork-chop-raw-brussels-sprout-orange-avocado-salad/28558
beef-vegetable-soup-tomatoes-carrots-green-beans-peas-corn,28541,https://www.mealime.com/recipes/beef-vegetable-soup-tomatoes-carrots-green-beans-peas-corn/28541,https://www.mealime.com/recipes/beef-vegetable-soup-tomatoes-carrots-green-beans-peas-corn/28540
ny-steak-roasted-fennel-grape-walnut-parmesan-arugula-salad,28505,https://www.mealime.com/recipes/ny-steak-roasted-fennel-grape-walnut-parmesan-arugula-salad/28505,https://www.mealime.com/recipes/ny-steak-roasted-fennel-grape-walnut-parmesan-arugula-salad/28504
thai-chicken-tacos-sesame-ginger-cucumber-cabbage-salad,28469,https://www.mealime.com/recipes/thai-chicken-tacos-sesame-ginger-cucumber-cabbage-salad/28469,https://www.mealime.com/recipes/thai-chicken-tacos-sesame-ginger-cucumber-cabbage-salad/28468
cheddar-panko-crusted-pork-cutlets-bell-pepper-broccoli-slaw,28445,https://www.mealime.com/recipes/cheddar-panko-crusted-pork-cutlets-bell-pepper-broccoli-slaw/28445,https://www.mealime.com/recipes/cheddar-panko-crusted-pork-cutlets-bell-pepper-broccoli-slaw/28444
portobello-mushroom-parmesan-zucchini-olive-pine-nut-salad,28433,https://www.mealime.com/recipes/portobello-mushroom-parmesan-zucchini-olive-pine-nut-salad/28433,https://www.mealime.com/recipes/portobello-mushroom-parmesan-zucchini-olive-pine-nut-salad/28432
asian-style-pork-soup-napa-cabbage-potatoes-carrots-mushrooms,28403,https://www.mealime.com/recipes/asian-style-pork-soup-napa-cabbage-potatoes-carrots-mushrooms/28403,https://www.mealime.com/recipes/asian-style-pork-soup-napa-cabbage-potatoes-carrots-mushrooms/28402
seared-scallops-lemon-parsley-sauce-bacon-roasted-acorn-squash,28373,https://www.mealime.com/recipes/seared-scallops-lemon-parsley-sauce-bacon-roasted-acorn-squash/28373,https://www.mealime.com/recipes/seared-scallops-lemon-parsley-sauce-bacon-roasted-acorn-squash/28372
fettuccine-tomatoes-ricotta-lemony-dressed-arugula,28337,https://www.mealime.com/recipes/fettuccine-tomatoes-ricotta-lemony-dressed-arugula/28337,https://www.mealime.com/recipes/fettuccine-tomatoes-ricotta-lemony-dressed-arugula/28336
lentil-swiss-chard-mushroom-saute-feta-over-quinoa,28325,https://www.mealime.com/recipes/lentil-swiss-chard-mushroom-saute-feta-over-quinoa/28325,https://www.mealime.com/recipes/lentil-swiss-chard-mushroom-saute-feta-over-quinoa/28324
sweet-potato-onion-quesadilla-corn-tomato-lime-mixed-greens,28319,https://www.mealime.com/recipes/sweet-potato-onion-quesadilla-corn-tomato-lime-mixed-greens/28319,https://www.mealime.com/recipes/sweet-potato-onion-quesadilla-corn-tomato-lime-mixed-greens/28318
strip-steak-roasted-hot-honey-butternut-squash-arugula-salad,28313,https://www.mealime.com/recipes/strip-steak-roasted-hot-honey-butternut-squash-arugula-salad/28313,https://www.mealime.com/recipes/strip-steak-roasted-hot-honey-butternut-squash-arugula-salad/28312
mediterranean-chickpea-sandwich-sprouts-tomato-side-salad,28289,https://www.mealime.com/recipes/mediterranean-chickpea-sandwich-sprouts-tomato-side-salad/28289,https://www.mealime.com/recipes/mediterranean-chickpea-sandwich-sprouts-tomato-side-salad/28288
crispy-tempeh-bowl-roasted-beets-maple-lemon-kale-couscous,28277,https://www.mealime.com/recipes/crispy-tempeh-bowl-roasted-beets-maple-lemon-kale-couscous/28277,https://www.mealime.com/recipes/crispy-tempeh-bowl-roasted-beets-maple-lemon-kale-couscous/28276
spicy-chicken-stir-fry-noodles-mushrooms-bell-pepper-broccoli,28253,https://www.mealime.com/recipes/spicy-chicken-stir-fry-noodles-mushrooms-bell-pepper-broccoli/28253,https://www.mealime.com/recipes/spicy-chicken-stir-fry-noodles-mushrooms-bell-pepper-broccoli/28252
everything-spice-baked-salmon-rice-bowl-avocado-tomatoes,28223,https://www.mealime.com/recipes/everything-spice-baked-salmon-rice-bowl-avocado-tomatoes/28223,https://www.mealime.com/recipes/everything-spice-baked-salmon-rice-bowl-avocado-tomatoes/28222
sun-dried-tomato-fettuccine-olives-pine-nuts-arugula-parmesan,28175,https://www.mealime.com/recipes/sun-dried-tomato-fettuccine-olives-pine-nuts-arugula-parmesan/28175,https://www.mealime.com/recipes/sun-dried-tomato-fettuccine-olives-pine-nuts-arugula-parmesan/28174
sheet-pan-pork-meatballs-yogurt-sauce-ranch-baked-broccoli,28151,https://www.mealime.com/recipes/sheet-pan-pork-meatballs-yogurt-sauce-ranch-baked-broccoli/28151,https://www.mealime.com/recipes/sheet-pan-pork-meatballs-yogurt-sauce-ranch-baked-broccoli/28150
cheesy-pork-sausage-bell-pepper-quesadilla-lettuce-tomato,28103,https://www.mealime.com/recipes/cheesy-pork-sausage-bell-pepper-quesadilla-lettuce-tomato/28103,https://www.mealime.com/recipes/cheesy-pork-sausage-bell-pepper-quesadilla-lettuce-tomato/28102
grilled-cod-tacos-spicy-tomato-cilantro-salsa-lettuce,28070,https://www.mealime.com/recipes/grilled-cod-tacos-spicy-tomato-cilantro-salsa-lettuce/28070,https://www.mealime.com/recipes/grilled-cod-tacos-spicy-tomato-cilantro-salsa-lettuce/28069
flank-steak-italian-style-spicy-fennel-orange-olive-salad,28064,https://www.mealime.com/recipes/flank-steak-italian-style-spicy-fennel-orange-olive-salad/28064,https://www.mealime.com/recipes/flank-steak-italian-style-spicy-fennel-orange-olive-salad/28063
polenta-goat-cheese-prosciutto-swiss-chard-sun-dried-tomatoes,28040,https://www.mealime.com/recipes/polenta-goat-cheese-prosciutto-swiss-chard-sun-dried-tomatoes/28040,https://www.mealime.com/recipes/polenta-goat-cheese-prosciutto-swiss-chard-sun-dried-tomatoes/28039
creamy-black-bean-kale-bell-pepper-stuffed-acorn-squash,28028,https://www.mealime.com/recipes/creamy-black-bean-kale-bell-pepper-stuffed-acorn-squash/28028,https://www.mealime.com/recipes/creamy-black-bean-kale-bell-pepper-stuffed-acorn-squash/28027
sheet-pan-shrimp-fajita-rice-bowl-avocado-lime-cilantro,28004,https://www.mealime.com/recipes/sheet-pan-shrimp-fajita-rice-bowl-avocado-lime-cilantro/28004,https://www.mealime.com/recipes/sheet-pan-shrimp-fajita-rice-bowl-avocado-lime-cilantro/28003
tomato-white-bean-soup-orzo-kale-parmesan,27980,https://www.mealime.com/recipes/tomato-white-bean-soup-orzo-kale-parmesan/27980,https://www.mealime.com/recipes/tomato-white-bean-soup-orzo-kale-parmesan/27979
bell-pepper-feta-frittata-swiss-chard-apricot-pine-nut-salad,27974,https://www.mealime.com/recipes/bell-pepper-feta-frittata-swiss-chard-apricot-pine-nut-salad/27974,https://www.mealime.com/recipes/bell-pepper-feta-frittata-swiss-chard-apricot-pine-nut-salad/27973
egyptian-inspired-breakfast-beans-tomato-tahini-warm-pita,27968,https://www.mealime.com/recipes/egyptian-inspired-breakfast-beans-tomato-tahini-warm-pita/27968,https://www.mealime.com/recipes/egyptian-inspired-breakfast-beans-tomato-tahini-warm-pita/27967
german-style-sausage-bake-potato-apple-sauerkraut-curry-mayo,27950,https://www.mealime.com/recipes/german-style-sausage-bake-potato-apple-sauerkraut-curry-mayo/27950,https://www.mealime.com/recipes/german-style-sausage-bake-potato-apple-sauerkraut-curry-mayo/27949
spanish-style-baked-beans-olives-parsley-chimichurri-flatbread,27932,https://www.mealime.com/recipes/spanish-style-baked-beans-olives-parsley-chimichurri-flatbread/27932,https://www.mealime.com/recipes/spanish-style-baked-beans-olives-parsley-chimichurri-flatbread/27931
grilled-spicy-asian-pork-skewers-pineapple-salsa-cabbage-slaw,27854,https://www.mealime.com/recipes/grilled-spicy-asian-pork-skewers-pineapple-salsa-cabbage-slaw/27854,https://www.mealime.com/recipes/grilled-spicy-asian-pork-skewers-pineapple-salsa-cabbage-slaw/27853
garlicky-bean-swiss-chard-bell-pepper-almond-saute-eggs,27842,https://www.mealime.com/recipes/garlicky-bean-swiss-chard-bell-pepper-almond-saute-eggs/27842,https://www.mealime.com/recipes/garlicky-bean-swiss-chard-bell-pepper-almond-saute-eggs/27841
italian-chicken-gnocchi-skillet-broccoli-snap-peas-lemon,27818,https://www.mealime.com/recipes/italian-chicken-gnocchi-skillet-broccoli-snap-peas-lemon/27818,https://www.mealime.com/recipes/italian-chicken-gnocchi-skillet-broccoli-snap-peas-lemon/27817
pan-fried-sausage-fennel-apple-celery-walnut-parmesan-salad,27788,https://www.mealime.com/recipes/pan-fried-sausage-fennel-apple-celery-walnut-parmesan-salad/27788,https://www.mealime.com/recipes/pan-fried-sausage-fennel-apple-celery-walnut-parmesan-salad/27787
tempeh-tacos-tomato-radish-salsa-cilantro-lime-aioli,27764,https://www.mealime.com/recipes/tempeh-tacos-tomato-radish-salsa-cilantro-lime-aioli/27764,https://www.mealime.com/recipes/tempeh-tacos-tomato-radish-salsa-cilantro-lime-aioli/27763
sesame-ginger-tossed-salad-edamame-mango-cabbage-almonds,27758,https://www.mealime.com/recipes/sesame-ginger-tossed-salad-edamame-mango-cabbage-almonds/27758,https://www.mealime.com/recipes/sesame-ginger-tossed-salad-edamame-mango-cabbage-almonds/27757
chicken-stuffed-portobellos-blue-cheese-apple-pecan-salad,27746,https://www.mealime.com/recipes/chicken-stuffed-portobellos-blue-cheese-apple-pecan-salad/27746,https://www.mealime.com/recipes/chicken-stuffed-portobellos-blue-cheese-apple-pecan-salad/27745
kung-pao-pork-meatballs-peppers-peanuts-cauliflower-rice,27722,https://www.mealime.com/recipes/kung-pao-pork-meatballs-peppers-peanuts-cauliflower-rice/27722,https://www.mealime.com/recipes/kung-pao-pork-meatballs-peppers-peanuts-cauliflower-rice/27721
vegan-tofu-tacos-bell-pepper-lettuce-avocado-salsa,27692,https://www.mealime.com/recipes/vegan-tofu-tacos-bell-pepper-lettuce-avocado-salsa/27692,https://www.mealime.com/recipes/vegan-tofu-tacos-bell-pepper-lettuce-avocado-salsa/27691
mexican-style-scrambled-eggs-bell-pepper-green-onion-tortillas,27662,https://www.mealime.com/recipes/mexican-style-scrambled-eggs-bell-pepper-green-onion-tortillas/27662,https://www.mealime.com/recipes/mexican-style-scrambled-eggs-bell-pepper-green-onion-tortillas/27661
chinese-egg-tomato-green-onion-stir-fry-sesame-seeds-over-rice,27608,https://www.mealime.com/recipes/chinese-egg-tomato-green-onion-stir-fry-sesame-seeds-over-rice/27608,https://www.mealime.com/recipes/chinese-egg-tomato-green-onion-stir-fry-sesame-seeds-over-rice/27607
stuffed-peppers-spiced-indian-beef-cucumber-corn-salad,27548,https://www.mealime.com/recipes/stuffed-peppers-spiced-indian-beef-cucumber-corn-salad/27548,https://www.mealime.com/recipes/stuffed-peppers-spiced-indian-beef-cucumber-corn-salad/27547
creamy-linguine-crispy-prosciutto-squash-fennel-parmesan,27506,https://www.mealime.com/recipes/creamy-linguine-crispy-prosciutto-squash-fennel-parmesan/27506,https://www.mealime.com/recipes/creamy-linguine-crispy-prosciutto-squash-fennel-parmesan/27505
crispy-chicken-thighs-maple-mustard-roast-red-cabbage-parsley,27500,https://www.mealime.com/recipes/crispy-chicken-thighs-maple-mustard-roast-red-cabbage-parsley/27500,https://www.mealime.com/recipes/crispy-chicken-thighs-maple-mustard-roast-red-cabbage-parsley/27499
turkey-chili-style-soup-white-beans-peppers-bread-crumbs,27470,https://www.mealime.com/recipes/turkey-chili-style-soup-white-beans-peppers-bread-crumbs/27470,https://www.mealime.com/recipes/turkey-chili-style-soup-white-beans-peppers-bread-crumbs/27469
seared-barbecue-tempeh-couscous-broccoli-bell-pepper,27452,https://www.mealime.com/recipes/seared-barbecue-tempeh-couscous-broccoli-bell-pepper/27452,https://www.mealime.com/recipes/seared-barbecue-tempeh-couscous-broccoli-bell-pepper/27451
prosciutto-wrapped-chicken-warm-lentil-pepper-zucchini-salad,27434,https://www.mealime.com/recipes/prosciutto-wrapped-chicken-warm-lentil-pepper-zucchini-salad/27434,https://www.mealime.com/recipes/prosciutto-wrapped-chicken-warm-lentil-pepper-zucchini-salad/27433
cheesy-orzo-skillet-bake-zucchini-bell-pepper-basil-eggs,27356,https://www.mealime.com/recipes/cheesy-orzo-skillet-bake-zucchini-bell-pepper-basil-eggs/27356,https://www.mealime.com/recipes/cheesy-orzo-skillet-bake-zucchini-bell-pepper-basil-eggs/27355
open-face-turmeric-tofu-scramble-buns-tomato-curry-mayo,27344,https://www.mealime.com/recipes/open-face-turmeric-tofu-scramble-buns-tomato-curry-mayo/27344,https://www.mealime.com/recipes/open-face-turmeric-tofu-scramble-buns-tomato-curry-mayo/27343
soba-noodles-garlicky-green-sauce-scallion-oil-avocado,27332,https://www.mealime.com/recipes/soba-noodles-garlicky-green-sauce-scallion-oil-avocado/27332,https://www.mealime.com/recipes/soba-noodles-garlicky-green-sauce-scallion-oil-avocado/27331
spaghetti-roasted-bacon-brussels-sprouts-mushrooms-parmesan,27281,https://www.mealime.com/recipes/spaghetti-roasted-bacon-brussels-sprouts-mushrooms-parmesan/27281,https://www.mealime.com/recipes/spaghetti-roasted-bacon-brussels-sprouts-mushrooms-parmesan/27280
sesame-tuna-rice-bowl-lettuce-cucumber-radish-avocado,27269,https://www.mealime.com/recipes/sesame-tuna-rice-bowl-lettuce-cucumber-radish-avocado/27269,https://www.mealime.com/recipes/sesame-tuna-rice-bowl-lettuce-cucumber-radish-avocado/27268
penne-pork-sausage-caramelized-onion-fennel-swiss-chard,27257,https://www.mealime.com/recipes/penne-pork-sausage-caramelized-onion-fennel-swiss-chard/27257,https://www.mealime.com/recipes/penne-pork-sausage-caramelized-onion-fennel-swiss-chard/27256
breakfast-quesadilla-peanut-butter-raspberries-maple-syrup,27251,https://www.mealime.com/recipes/breakfast-quesadilla-peanut-butter-raspberries-maple-syrup/27251,https://www.mealime.com/recipes/breakfast-quesadilla-peanut-butter-raspberries-maple-syrup/27250
seared-pork-salad-carrots-blue-cheese-pistachios-balsamic,27245,https://www.mealime.com/recipes/seared-pork-salad-carrots-blue-cheese-pistachios-balsamic/27245,https://www.mealime.com/recipes/seared-pork-salad-carrots-blue-cheese-pistachios-balsamic/27244
steak-spicy-west-african-tomato-salsa-peanuts-cauliflower-rice,27209,https://www.mealime.com/recipes/steak-spicy-west-african-tomato-salsa-peanuts-cauliflower-rice/27209,https://www.mealime.com/recipes/steak-spicy-west-african-tomato-salsa-peanuts-cauliflower-rice/27208
greek-salmon-salad-tomato-olives-yogurt-dressing-breadsticks,27197,https://www.mealime.com/recipes/greek-salmon-salad-tomato-olives-yogurt-dressing-breadsticks/27197,https://www.mealime.com/recipes/greek-salmon-salad-tomato-olives-yogurt-dressing-breadsticks/27196
ginger-pork-green-bean-stir-fry-over-cauliflower-rice-sesame,27173,https://www.mealime.com/recipes/ginger-pork-green-bean-stir-fry-over-cauliflower-rice-sesame/27173,https://www.mealime.com/recipes/ginger-pork-green-bean-stir-fry-over-cauliflower-rice-sesame/27172
oatmeal-cherries-nutmeg-honey-yogurt,27155,https://www.mealime.com/recipes/oatmeal-cherries-nutmeg-honey-yogurt/27155,https://www.mealime.com/recipes/oatmeal-cherries-nutmeg-honey-yogurt/27154
roasted-broccoli-pasta-lemon-mint-pistachios-parmesan,27113,https://www.mealime.com/recipes/roasted-broccoli-pasta-lemon-mint-pistachios-parmesan/27113,https://www.mealime.com/recipes/roasted-broccoli-pasta-lemon-mint-pistachios-parmesan/27112
nicoise-inspired-salad-tuna-green-beans-potatoes-olives,27101,https://www.mealime.com/recipes/nicoise-inspired-salad-tuna-green-beans-potatoes-olives/27101,https://www.mealime.com/recipes/nicoise-inspired-salad-tuna-green-beans-potatoes-olives/27100
arugula-breakfast-salad-fried-egg-prosciutto-cheddar-croutons,26999,https://www.mealime.com/recipes/arugula-breakfast-salad-fried-egg-prosciutto-cheddar-croutons/26999,https://www.mealime.com/recipes/arugula-breakfast-salad-fried-egg-prosciutto-cheddar-croutons/26998
maple-dijon-bacon-wrapped-salmon-roasted-asparagus,26987,https://www.mealime.com/recipes/maple-dijon-bacon-wrapped-salmon-roasted-asparagus/26987,https://www.mealime.com/recipes/maple-dijon-bacon-wrapped-salmon-roasted-asparagus/26986
tahini-cardamom-oatmeal-oranges-dates-sesame-seeds-honey,26975,https://www.mealime.com/recipes/tahini-cardamom-oatmeal-oranges-dates-sesame-seeds-honey/26975,https://www.mealime.com/recipes/tahini-cardamom-oatmeal-oranges-dates-sesame-seeds-honey/26974
tofu-scramble-breakfast-tostadas-feta-tomatoes-olives-parsley,26963,https://www.mealime.com/recipes/tofu-scramble-breakfast-tostadas-feta-tomatoes-olives-parsley/26963,https://www.mealime.com/recipes/tofu-scramble-breakfast-tostadas-feta-tomatoes-olives-parsley/26962
spanish-rice-pinto-beans-tomatoes-avocado-cilantro,26915,https://www.mealime.com/recipes/spanish-rice-pinto-beans-tomatoes-avocado-cilantro/26915,https://www.mealime.com/recipes/spanish-rice-pinto-beans-tomatoes-avocado-cilantro/26914
grilled-peach-zucchini-flatbread-cream-cheese-balsamic-greens,26909,https://www.mealime.com/recipes/grilled-peach-zucchini-flatbread-cream-cheese-balsamic-greens/26909,https://www.mealime.com/recipes/grilled-peach-zucchini-flatbread-cream-cheese-balsamic-greens/26908
chicken-smash-burger-tacos-cheese-tomato-special-sauce,26897,https://www.mealime.com/recipes/chicken-smash-burger-tacos-cheese-tomato-special-sauce/26897,https://www.mealime.com/recipes/chicken-smash-burger-tacos-cheese-tomato-special-sauce/26896
creamy-pumpkin-parmesan-chicken-spinach-crispy-sage,26843,https://www.mealime.com/recipes/creamy-pumpkin-parmesan-chicken-spinach-crispy-sage/26843,https://www.mealime.com/recipes/creamy-pumpkin-parmesan-chicken-spinach-crispy-sage/26842
roast-pepper-pork-patties-carrot-cucumber-almond-dill-salad,26807,https://www.mealime.com/recipes/roast-pepper-pork-patties-carrot-cucumber-almond-dill-salad/26807,https://www.mealime.com/recipes/roast-pepper-pork-patties-carrot-cucumber-almond-dill-salad/26806
greek-pita-pizza-chickpea-spread-bell-peppers-tomatoes-olives,26771,https://www.mealime.com/recipes/greek-pita-pizza-chickpea-spread-bell-peppers-tomatoes-olives/26771,https://www.mealime.com/recipes/greek-pita-pizza-chickpea-spread-bell-peppers-tomatoes-olives/26770
breakfast-quesadilla-cinnamon-cream-cheese-blueberries-almonds,26765,https://www.mealime.com/recipes/breakfast-quesadilla-cinnamon-cream-cheese-blueberries-almonds/26765,https://www.mealime.com/recipes/breakfast-quesadilla-cinnamon-cream-cheese-blueberries-almonds/26764
ground-chicken-wrap-sauteed-bell-peppers-apple-cilantro-slaw,26753,https://www.mealime.com/recipes/ground-chicken-wrap-sauteed-bell-peppers-apple-cilantro-slaw/26753,https://www.mealime.com/recipes/ground-chicken-wrap-sauteed-bell-peppers-apple-cilantro-slaw/26752
broiled-parmesan-tilapia-sauteed-broccoli-zucchini-pine-nuts,26735,https://www.mealime.com/recipes/broiled-parmesan-tilapia-sauteed-broccoli-zucchini-pine-nuts/26735,https://www.mealime.com/recipes/broiled-parmesan-tilapia-sauteed-broccoli-zucchini-pine-nuts/26734
bacon-blackberry-pita-pizza-basil-tomato-peach-salad,26729,https://www.mealime.com/recipes/bacon-blackberry-pita-pizza-basil-tomato-peach-salad/26729,https://www.mealime.com/recipes/bacon-blackberry-pita-pizza-basil-tomato-peach-salad/26728
seared-salmon-parmesan-crusted-potatoes-cabbage-cucumber-salad,26723,https://www.mealime.com/recipes/seared-salmon-parmesan-crusted-potatoes-cabbage-cucumber-salad/26723,https://www.mealime.com/recipes/seared-salmon-parmesan-crusted-potatoes-cabbage-cucumber-salad/26722
fried-egg-breakfast-tostadas-tomato-avocado-feta-hot-sauce,26711,https://www.mealime.com/recipes/fried-egg-breakfast-tostadas-tomato-avocado-feta-hot-sauce/26711,https://www.mealime.com/recipes/fried-egg-breakfast-tostadas-tomato-avocado-feta-hot-sauce/26710
seared-cod-dill-scented-couscous-caper-ranch-veggie-salad,26693,https://www.mealime.com/recipes/seared-cod-dill-scented-couscous-caper-ranch-veggie-salad/26693,https://www.mealime.com/recipes/seared-cod-dill-scented-couscous-caper-ranch-veggie-salad/26692
creamy-caesar-chickpea-toasts-romaine-grape-pecan-salad,26657,https://www.mealime.com/recipes/creamy-caesar-chickpea-toasts-romaine-grape-pecan-salad/26657,https://www.mealime.com/recipes/creamy-caesar-chickpea-toasts-romaine-grape-pecan-salad/26656
spicy-grilled-chicken-tomato-cilantro-salsa-mexican-corn-salad,26621,https://www.mealime.com/recipes/spicy-grilled-chicken-tomato-cilantro-salsa-mexican-corn-salad/26621,https://www.mealime.com/recipes/spicy-grilled-chicken-tomato-cilantro-salsa-mexican-corn-salad/26620
turkey-feta-meatballs-lemony-tahini-sauce-roasted-carrots-mint,26609,https://www.mealime.com/recipes/turkey-feta-meatballs-lemony-tahini-sauce-roasted-carrots-mint/26609,https://www.mealime.com/recipes/turkey-feta-meatballs-lemony-tahini-sauce-roasted-carrots-mint/26608
italian-style-chef-salad-prosciutto-cheese-marinated-veggies,26597,https://www.mealime.com/recipes/italian-style-chef-salad-prosciutto-cheese-marinated-veggies/26597,https://www.mealime.com/recipes/italian-style-chef-salad-prosciutto-cheese-marinated-veggies/26596
moroccan-chickpea-apricot-bell-pepper-zucchini-curry-couscous,26585,https://www.mealime.com/recipes/moroccan-chickpea-apricot-bell-pepper-zucchini-curry-couscous/26585,https://www.mealime.com/recipes/moroccan-chickpea-apricot-bell-pepper-zucchini-curry-couscous/26584
creamy-indian-tomato-eggplant-curry-basmati-rice-yogurt,26567,https://www.mealime.com/recipes/creamy-indian-tomato-eggplant-curry-basmati-rice-yogurt/26567,https://www.mealime.com/recipes/creamy-indian-tomato-eggplant-curry-basmati-rice-yogurt/26566
creamy-hummus-pasta-kale-roasted-peppers-olives-feta,26531,https://www.mealime.com/recipes/creamy-hummus-pasta-kale-roasted-peppers-olives-feta/26531,https://www.mealime.com/recipes/creamy-hummus-pasta-kale-roasted-peppers-olives-feta/26530
seared-strip-steak-crunchy-zucchini-noodles-sizzling-chili-oil,26525,https://www.mealime.com/recipes/seared-strip-steak-crunchy-zucchini-noodles-sizzling-chili-oil/26525,https://www.mealime.com/recipes/seared-strip-steak-crunchy-zucchini-noodles-sizzling-chili-oil/26524
seared-strip-steak-cajun-corn-tomato-roasted-red-pepper-saute,26519,https://www.mealime.com/recipes/seared-strip-steak-cajun-corn-tomato-roasted-red-pepper-saute/26519,https://www.mealime.com/recipes/seared-strip-steak-cajun-corn-tomato-roasted-red-pepper-saute/26518
zucchini-red-pepper-sun-dried-tomato-frittata-dressed-arugula,26501,https://www.mealime.com/recipes/zucchini-red-pepper-sun-dried-tomato-frittata-dressed-arugula/26501,https://www.mealime.com/recipes/zucchini-red-pepper-sun-dried-tomato-frittata-dressed-arugula/26500
pinto-bean-quesadilla-salsa-guacamole-creamy-veggie-salad,26489,https://www.mealime.com/recipes/pinto-bean-quesadilla-salsa-guacamole-creamy-veggie-salad/26489,https://www.mealime.com/recipes/pinto-bean-quesadilla-salsa-guacamole-creamy-veggie-salad/26488
grilled-tomato-garlic-chicken-thighs-bell-pepper-cabbage-salad,26465,https://www.mealime.com/recipes/grilled-tomato-garlic-chicken-thighs-bell-pepper-cabbage-salad/26465,https://www.mealime.com/recipes/grilled-tomato-garlic-chicken-thighs-bell-pepper-cabbage-salad/26464
seared-ribeye-roasted-peppers-tomatoes-pickled-onions-basil,26453,https://www.mealime.com/recipes/seared-ribeye-roasted-peppers-tomatoes-pickled-onions-basil/26453,https://www.mealime.com/recipes/seared-ribeye-roasted-peppers-tomatoes-pickled-onions-basil/26452
hot-honey-wings-celery-carrot-radish-blue-cheese-salad,26435,https://www.mealime.com/recipes/hot-honey-wings-celery-carrot-radish-blue-cheese-salad/26435,https://www.mealime.com/recipes/hot-honey-wings-celery-carrot-radish-blue-cheese-salad/26434
chicken-skewers-roasted-strawberry-arugula-basil-feta-salad,26429,https://www.mealime.com/recipes/chicken-skewers-roasted-strawberry-arugula-basil-feta-salad/26429,https://www.mealime.com/recipes/chicken-skewers-roasted-strawberry-arugula-basil-feta-salad/26428
maple-dijon-chicken-drumsticks-lemony-dill-kale-cabbage-slaw,26423,https://www.mealime.com/recipes/maple-dijon-chicken-drumsticks-lemony-dill-kale-cabbage-slaw/26423,https://www.mealime.com/recipes/maple-dijon-chicken-drumsticks-lemony-dill-kale-cabbage-slaw/26422
sweet-n-spicy-shrimp-stir-fry-pineapple-bell-pepper-rice,26405,https://www.mealime.com/recipes/sweet-n-spicy-shrimp-stir-fry-pineapple-bell-pepper-rice/26405,https://www.mealime.com/recipes/sweet-n-spicy-shrimp-stir-fry-pineapple-bell-pepper-rice/26404
basil-pesto-gnocchi-bake-asparagus-mushrooms-tomato-parmesan,26363,https://www.mealime.com/recipes/basil-pesto-gnocchi-bake-asparagus-mushrooms-tomato-parmesan/26363,https://www.mealime.com/recipes/basil-pesto-gnocchi-bake-asparagus-mushrooms-tomato-parmesan/26362
chili-chicken-skewers-ranch-cabbage-apple-cucumber-slaw,26351,https://www.mealime.com/recipes/chili-chicken-skewers-ranch-cabbage-apple-cucumber-slaw/26351,https://www.mealime.com/recipes/chili-chicken-skewers-ranch-cabbage-apple-cucumber-slaw/26350
smoked-salmon-tzatziki-poppy-seed-caper-flatbread-mixed-salad,26318,https://www.mealime.com/recipes/smoked-salmon-tzatziki-poppy-seed-caper-flatbread-mixed-salad/26318,https://www.mealime.com/recipes/smoked-salmon-tzatziki-poppy-seed-caper-flatbread-mixed-salad/26317
turkey-bolognese-stuffed-acorn-squash-parmesan-basil,26306,https://www.mealime.com/recipes/turkey-bolognese-stuffed-acorn-squash-parmesan-basil/26306,https://www.mealime.com/recipes/turkey-bolognese-stuffed-acorn-squash-parmesan-basil/26305
cheesy-mexican-zucchini-boats-black-beans-salsa-tossed-salad,26300,https://www.mealime.com/recipes/cheesy-mexican-zucchini-boats-black-beans-salsa-tossed-salad/26300,https://www.mealime.com/recipes/cheesy-mexican-zucchini-boats-black-beans-salsa-tossed-salad/26299
sheet-pan-orange-hoisin-rotisserie-chicken-broccoli-bell-pepper,26288,https://www.mealime.com/recipes/sheet-pan-orange-hoisin-rotisserie-chicken-broccoli-bell-pepper/26288,https://www.mealime.com/recipes/sheet-pan-orange-hoisin-rotisserie-chicken-broccoli-bell-pepper/26287
pan-fried-thai-red-curry-cod-carrot-avocado-cashew-salad,26264,https://www.mealime.com/recipes/pan-fried-thai-red-curry-cod-carrot-avocado-cashew-salad/26264,https://www.mealime.com/recipes/pan-fried-thai-red-curry-cod-carrot-avocado-cashew-salad/26263
broccoli-cheese-soup-honey-mustard-kale-apple-salad,26258,https://www.mealime.com/recipes/broccoli-cheese-soup-honey-mustard-kale-apple-salad/26258,https://www.mealime.com/recipes/broccoli-cheese-soup-honey-mustard-kale-apple-salad/26257
pasta-salad-salmon-artichokes-pine-nuts-basil-vinaigrette,26210,https://www.mealime.com/recipes/pasta-salad-salmon-artichokes-pine-nuts-basil-vinaigrette/26210,https://www.mealime.com/recipes/pasta-salad-salmon-artichokes-pine-nuts-basil-vinaigrette/26209
prosciutto-wrapped-cod-tomato-corn-peach-goat-cheese-salad,26204,https://www.mealime.com/recipes/prosciutto-wrapped-cod-tomato-corn-peach-goat-cheese-salad/26204,https://www.mealime.com/recipes/prosciutto-wrapped-cod-tomato-corn-peach-goat-cheese-salad/26203
chicken-salad-cucumbers-peaches-mint-goat-cheese-almonds,26192,https://www.mealime.com/recipes/chicken-salad-cucumbers-peaches-mint-goat-cheese-almonds/26192,https://www.mealime.com/recipes/chicken-salad-cucumbers-peaches-mint-goat-cheese-almonds/26191
grilled-pork-chop-blueberry-salsa-cilantro-ranch-tossed-salad,26180,https://www.mealime.com/recipes/grilled-pork-chop-blueberry-salsa-cilantro-ranch-tossed-salad/26180,https://www.mealime.com/recipes/grilled-pork-chop-blueberry-salsa-cilantro-ranch-tossed-salad/26179
grilled-salmon-avocado-corn-salsa-dressed-arugula,26132,https://www.mealime.com/recipes/grilled-salmon-avocado-corn-salsa-dressed-arugula/26132,https://www.mealime.com/recipes/grilled-salmon-avocado-corn-salsa-dressed-arugula/26131
roasted-broccoli-salad-beans-peppers-pickled-onions-pine-nuts,26126,https://www.mealime.com/recipes/roasted-broccoli-salad-beans-peppers-pickled-onions-pine-nuts/26126,https://www.mealime.com/recipes/roasted-broccoli-salad-beans-peppers-pickled-onions-pine-nuts/26125
spicy-seared-lamb-chops-cucumbers-peaches-almonds-yogurt,26108,https://www.mealime.com/recipes/spicy-seared-lamb-chops-cucumbers-peaches-almonds-yogurt/26108,https://www.mealime.com/recipes/spicy-seared-lamb-chops-cucumbers-peaches-almonds-yogurt/26107
pan-fried-chicken-cranberry-orange-relish-mixed-greens-feta,26096,https://www.mealime.com/recipes/pan-fried-chicken-cranberry-orange-relish-mixed-greens-feta/26096,https://www.mealime.com/recipes/pan-fried-chicken-cranberry-orange-relish-mixed-greens-feta/26095
sun-dried-tomato-pesto-tofu-zucchini-couscous-carrot-salad,26084,https://www.mealime.com/recipes/sun-dried-tomato-pesto-tofu-zucchini-couscous-carrot-salad/26084,https://www.mealime.com/recipes/sun-dried-tomato-pesto-tofu-zucchini-couscous-carrot-salad/26083
english-muffin-cream-cheese-blueberries-honey,26078,https://www.mealime.com/recipes/english-muffin-cream-cheese-blueberries-honey/26078,https://www.mealime.com/recipes/english-muffin-cream-cheese-blueberries-honey/26077
english-muffin-pizzas-basil-pesto-goat-cheese-tomatoes,26054,https://www.mealime.com/recipes/english-muffin-pizzas-basil-pesto-goat-cheese-tomatoes/26054,https://www.mealime.com/recipes/english-muffin-pizzas-basil-pesto-goat-cheese-tomatoes/26053
parmesan-polenta-lemony-kale-corn-saute-fried-egg,26024,https://www.mealime.com/recipes/parmesan-polenta-lemony-kale-corn-saute-fried-egg/26024,https://www.mealime.com/recipes/parmesan-polenta-lemony-kale-corn-saute-fried-egg/26023
cottage-cheese-peaches-blueberries-maple-syrup,26000,https://www.mealime.com/recipes/cottage-cheese-peaches-blueberries-maple-syrup/26000,https://www.mealime.com/recipes/cottage-cheese-peaches-blueberries-maple-syrup/25999
savory-cottage-cheese-cucumber-tomato-sesame-seeds,25994,https://www.mealime.com/recipes/savory-cottage-cheese-cucumber-tomato-sesame-seeds/25994,https://www.mealime.com/recipes/savory-cottage-cheese-cucumber-tomato-sesame-seeds/25993
parmesan-polenta-garlicky-shrimp-spinach-tomatoes-corn-basil,25988,https://www.mealime.com/recipes/parmesan-polenta-garlicky-shrimp-spinach-tomatoes-corn-basil/25988,https://www.mealime.com/recipes/parmesan-polenta-garlicky-shrimp-spinach-tomatoes-corn-basil/25987
pork-skewers-jalapeno-blueberry-sauce-feta-pecan-mixed-greens,25958,https://www.mealime.com/recipes/pork-skewers-jalapeno-blueberry-sauce-feta-pecan-mixed-greens/25958,https://www.mealime.com/recipes/pork-skewers-jalapeno-blueberry-sauce-feta-pecan-mixed-greens/25957
lemony-chicken-thighs-charred-scallion-dressing-grilled-veggies,25946,https://www.mealime.com/recipes/lemony-chicken-thighs-charred-scallion-dressing-grilled-veggies/25946,https://www.mealime.com/recipes/lemony-chicken-thighs-charred-scallion-dressing-grilled-veggies/25945
creamy-dijon-kale-peach-salad-walnuts-goat-cheese-bread-crumbs,25922,https://www.mealime.com/recipes/creamy-dijon-kale-peach-salad-walnuts-goat-cheese-bread-crumbs/25922,https://www.mealime.com/recipes/creamy-dijon-kale-peach-salad-walnuts-goat-cheese-bread-crumbs/25921
kidney-bean-curry-rajma-chawal-rice-mango-cucumber-salad,25898,https://www.mealime.com/recipes/kidney-bean-curry-rajma-chawal-rice-mango-cucumber-salad/25898,https://www.mealime.com/recipes/kidney-bean-curry-rajma-chawal-rice-mango-cucumber-salad/25897
spanakopita-inspired-flatbread-creamy-feta-spinach-lemon-dill,25892,https://www.mealime.com/recipes/spanakopita-inspired-flatbread-creamy-feta-spinach-lemon-dill/25892,https://www.mealime.com/recipes/spanakopita-inspired-flatbread-creamy-feta-spinach-lemon-dill/25891
spicy-black-bean-cauliflower-rice-bowl-corn-avocado-feta,25880,https://www.mealime.com/recipes/spicy-black-bean-cauliflower-rice-bowl-corn-avocado-feta/25880,https://www.mealime.com/recipes/spicy-black-bean-cauliflower-rice-bowl-corn-avocado-feta/25879
tuna-zucchini-boats-sun-dried-tomato-pesto-parmesan-potatoes,25856,https://www.mealime.com/recipes/tuna-zucchini-boats-sun-dried-tomato-pesto-parmesan-potatoes/25856,https://www.mealime.com/recipes/tuna-zucchini-boats-sun-dried-tomato-pesto-parmesan-potatoes/25855
strawberry-peach-quinoa-salad-cucumber-goat-cheese-pistachio,25850,https://www.mealime.com/recipes/strawberry-peach-quinoa-salad-cucumber-goat-cheese-pistachio/25850,https://www.mealime.com/recipes/strawberry-peach-quinoa-salad-cucumber-goat-cheese-pistachio/25849
grilled-cajun-ham-cheesy-asparagus-cauliflower-rice-corn-bake,25832,https://www.mealime.com/recipes/grilled-cajun-ham-cheesy-asparagus-cauliflower-rice-corn-bake/25832,https://www.mealime.com/recipes/grilled-cajun-ham-cheesy-asparagus-cauliflower-rice-corn-bake/25831
pan-fried-beef-meatballs-spinach-marinara-sauce-polenta,25802,https://www.mealime.com/recipes/pan-fried-beef-meatballs-spinach-marinara-sauce-polenta/25802,https://www.mealime.com/recipes/pan-fried-beef-meatballs-spinach-marinara-sauce-polenta/25801
bbq-pork-stuffed-portobellos-cheese-blueberry-spinach-salad,25790,https://www.mealime.com/recipes/bbq-pork-stuffed-portobellos-cheese-blueberry-spinach-salad/25790,https://www.mealime.com/recipes/bbq-pork-stuffed-portobellos-cheese-blueberry-spinach-salad/25789
thai-red-curry-fried-rice-ground-pork-carrots-snap-peas,25772,https://www.mealime.com/recipes/thai-red-curry-fried-rice-ground-pork-carrots-snap-peas/25772,https://www.mealime.com/recipes/thai-red-curry-fried-rice-ground-pork-carrots-snap-peas/25771
miso-hoisin-rice-noodles-chicken-bok-choy-bell-pepper,25736,https://www.mealime.com/recipes/miso-hoisin-rice-noodles-chicken-bok-choy-bell-pepper/25736,https://www.mealime.com/recipes/miso-hoisin-rice-noodles-chicken-bok-choy-bell-pepper/25735
pasta-salad-edamame-cucumber-carrot-peanut-lime-dressing,25694,https://www.mealime.com/recipes/pasta-salad-edamame-cucumber-carrot-peanut-lime-dressing/25694,https://www.mealime.com/recipes/pasta-salad-edamame-cucumber-carrot-peanut-lime-dressing/25693
ginger-beef-bell-pepper-cabbage-stir-fry-cauliflower-rice,25688,https://www.mealime.com/recipes/ginger-beef-bell-pepper-cabbage-stir-fry-cauliflower-rice/25688,https://www.mealime.com/recipes/ginger-beef-bell-pepper-cabbage-stir-fry-cauliflower-rice/25687
cajun-spiced-steak-garlic-butter-broccoli-carrots,25682,https://www.mealime.com/recipes/cajun-spiced-steak-garlic-butter-broccoli-carrots/25682,https://www.mealime.com/recipes/cajun-spiced-steak-garlic-butter-broccoli-carrots/25681
strip-steak-peach-salsa-sauteed-asparagus-tortilla-chips,25670,https://www.mealime.com/recipes/strip-steak-peach-salsa-sauteed-asparagus-tortilla-chips/25670,https://www.mealime.com/recipes/strip-steak-peach-salsa-sauteed-asparagus-tortilla-chips/25669
pan-fried-tilapia-green-onion-miso-sauce-pickled-veggies-rice,25664,https://www.mealime.com/recipes/pan-fried-tilapia-green-onion-miso-sauce-pickled-veggies-rice/25664,https://www.mealime.com/recipes/pan-fried-tilapia-green-onion-miso-sauce-pickled-veggies-rice/25663
tabbouleh-style-quinoa-bowl-chili-roasted-chicken-cauliflower,25652,https://www.mealime.com/recipes/tabbouleh-style-quinoa-bowl-chili-roasted-chicken-cauliflower/25652,https://www.mealime.com/recipes/tabbouleh-style-quinoa-bowl-chili-roasted-chicken-cauliflower/25651
cheesy-antipasti-frittata-prosciutto-pine-nut-arugula-salad,25628,https://www.mealime.com/recipes/cheesy-antipasti-frittata-prosciutto-pine-nut-arugula-salad/25628,https://www.mealime.com/recipes/cheesy-antipasti-frittata-prosciutto-pine-nut-arugula-salad/25627
cheesy-shrimp-tostadas-zucchini-bell-pepper-guacamole-salsa,25622,https://www.mealime.com/recipes/cheesy-shrimp-tostadas-zucchini-bell-pepper-guacamole-salsa/25622,https://www.mealime.com/recipes/cheesy-shrimp-tostadas-zucchini-bell-pepper-guacamole-salsa/25621
grilled-pork-chop-basil-pesto-balsamic-apple-cabbage-slaw,25616,https://www.mealime.com/recipes/grilled-pork-chop-basil-pesto-balsamic-apple-cabbage-slaw/25616,https://www.mealime.com/recipes/grilled-pork-chop-basil-pesto-balsamic-apple-cabbage-slaw/25615
cauliflower-rice-burrito-bowl-steak-peppers-guacamole-cheese,25604,https://www.mealime.com/recipes/cauliflower-rice-burrito-bowl-steak-peppers-guacamole-cheese/25604,https://www.mealime.com/recipes/cauliflower-rice-burrito-bowl-steak-peppers-guacamole-cheese/25603
baked-zucchini-noodles-mushrooms-creamy-marinara-parmesan,25598,https://www.mealime.com/recipes/baked-zucchini-noodles-mushrooms-creamy-marinara-parmesan/25598,https://www.mealime.com/recipes/baked-zucchini-noodles-mushrooms-creamy-marinara-parmesan/25597
lemon-basil-ricotta-pasta-sauteed-zucchini-parmesan,25580,https://www.mealime.com/recipes/lemon-basil-ricotta-pasta-sauteed-zucchini-parmesan/25580,https://www.mealime.com/recipes/lemon-basil-ricotta-pasta-sauteed-zucchini-parmesan/25579
rotisserie-chicken-parmesan-spaghetti-squash-basil,25562,https://www.mealime.com/recipes/rotisserie-chicken-parmesan-spaghetti-squash-basil/25562,https://www.mealime.com/recipes/rotisserie-chicken-parmesan-spaghetti-squash-basil/25561
zucchini-noodles-shrimp-sun-dried-tomato-alfredo-pine-nuts,25514,https://www.mealime.com/recipes/zucchini-noodles-shrimp-sun-dried-tomato-alfredo-pine-nuts/25514,https://www.mealime.com/recipes/zucchini-noodles-shrimp-sun-dried-tomato-alfredo-pine-nuts/25513
grilled-romaine-steak-salad-celery-dill-blue-cheese-dressing,25502,https://www.mealime.com/recipes/grilled-romaine-steak-salad-celery-dill-blue-cheese-dressing/25502,https://www.mealime.com/recipes/grilled-romaine-steak-salad-celery-dill-blue-cheese-dressing/25501
rotisserie-chicken-pasta-kale-tomato-lemon-italian-dressing,25454,https://www.mealime.com/recipes/rotisserie-chicken-pasta-kale-tomato-lemon-italian-dressing/25454,https://www.mealime.com/recipes/rotisserie-chicken-pasta-kale-tomato-lemon-italian-dressing/25453
tuna-salad-stuffed-tomatoes-cheesy-rosemary-breadsticks,25442,https://www.mealime.com/recipes/tuna-salad-stuffed-tomatoes-cheesy-rosemary-breadsticks/25442,https://www.mealime.com/recipes/tuna-salad-stuffed-tomatoes-cheesy-rosemary-breadsticks/25441
walnut-crusted-salmon-greek-style-kale-dill-feta-saute,25430,https://www.mealime.com/recipes/walnut-crusted-salmon-greek-style-kale-dill-feta-saute/25430,https://www.mealime.com/recipes/walnut-crusted-salmon-greek-style-kale-dill-feta-saute/25429
tzatziki-dressed-salad-chicken-pita-chips-olives-feta,25418,https://www.mealime.com/recipes/tzatziki-dressed-salad-chicken-pita-chips-olives-feta/25418,https://www.mealime.com/recipes/tzatziki-dressed-salad-chicken-pita-chips-olives-feta/25417
spicy-vietnamese-style-steak-salad-carrots-radishes-cashews,25406,https://www.mealime.com/recipes/spicy-vietnamese-style-steak-salad-carrots-radishes-cashews/25406,https://www.mealime.com/recipes/spicy-vietnamese-style-steak-salad-carrots-radishes-cashews/25405
seared-ny-strip-spicy-celery-cucumber-cilantro-tiger-salad,25394,https://www.mealime.com/recipes/seared-ny-strip-spicy-celery-cucumber-cilantro-tiger-salad/25394,https://www.mealime.com/recipes/seared-ny-strip-spicy-celery-cucumber-cilantro-tiger-salad/25393
black-bean-ham-soup-zucchini-kale-red-peppers-tortilla-chips,25352,https://www.mealime.com/recipes/black-bean-ham-soup-zucchini-kale-red-peppers-tortilla-chips/25352,https://www.mealime.com/recipes/black-bean-ham-soup-zucchini-kale-red-peppers-tortilla-chips/25351
raspberry-basil-quinoa-spinach-salad-orange-pecans-goat-cheese,25340,https://www.mealime.com/recipes/raspberry-basil-quinoa-spinach-salad-orange-pecans-goat-cheese/25340,https://www.mealime.com/recipes/raspberry-basil-quinoa-spinach-salad-orange-pecans-goat-cheese/25339
shrimp-scampi-caesar-salad-kale-romaine-toasted-bread-crumbs,25307,https://www.mealime.com/recipes/shrimp-scampi-caesar-salad-kale-romaine-toasted-bread-crumbs/25307,https://www.mealime.com/recipes/shrimp-scampi-caesar-salad-kale-romaine-toasted-bread-crumbs/25306
asian-chicken-crunchy-carrot-asparagus-avocado-sesame-salad,25265,https://www.mealime.com/recipes/asian-chicken-crunchy-carrot-asparagus-avocado-sesame-salad/25265,https://www.mealime.com/recipes/asian-chicken-crunchy-carrot-asparagus-avocado-sesame-salad/25264
prosciutto-asparagus-pea-goat-cheese-frittata-mixed-salad,25253,https://www.mealime.com/recipes/prosciutto-asparagus-pea-goat-cheese-frittata-mixed-salad/25253,https://www.mealime.com/recipes/prosciutto-asparagus-pea-goat-cheese-frittata-mixed-salad/25252
pan-fried-cajun-chicken-thighs-zucchini-carrot-rice-pilaf,25229,https://www.mealime.com/recipes/pan-fried-cajun-chicken-thighs-zucchini-carrot-rice-pilaf/25229,https://www.mealime.com/recipes/pan-fried-cajun-chicken-thighs-zucchini-carrot-rice-pilaf/25228
cheesy-asparagus-pea-frittata-strawberry-balsamic-green-salad,25217,https://www.mealime.com/recipes/cheesy-asparagus-pea-frittata-strawberry-balsamic-green-salad/25217,https://www.mealime.com/recipes/cheesy-asparagus-pea-frittata-strawberry-balsamic-green-salad/25216
lemon-tahini-chicken-thighs-tomato-cucumber-feta-salad,25211,https://www.mealime.com/recipes/lemon-tahini-chicken-thighs-tomato-cucumber-feta-salad/25211,https://www.mealime.com/recipes/lemon-tahini-chicken-thighs-tomato-cucumber-feta-salad/25210
lemon-roasted-salmon-asparagus-cheesy-polenta-marinara-bake,25199,https://www.mealime.com/recipes/lemon-roasted-salmon-asparagus-cheesy-polenta-marinara-bake/25199,https://www.mealime.com/recipes/lemon-roasted-salmon-asparagus-cheesy-polenta-marinara-bake/25198
cauliflower-fritters-tzatziki-smoked-salmon-greens-pine-nuts,25175,https://www.mealime.com/recipes/cauliflower-fritters-tzatziki-smoked-salmon-greens-pine-nuts/25175,https://www.mealime.com/recipes/cauliflower-fritters-tzatziki-smoked-salmon-greens-pine-nuts/25174
grilled-miso-chicken-mushrooms-peanut-broccoli-slaw,25169,https://www.mealime.com/recipes/grilled-miso-chicken-mushrooms-peanut-broccoli-slaw/25169,https://www.mealime.com/recipes/grilled-miso-chicken-mushrooms-peanut-broccoli-slaw/25168
lemony-white-bean-dip-bell-pepper,25163,https://www.mealime.com/recipes/lemony-white-bean-dip-bell-pepper/25163,https://www.mealime.com/recipes/lemony-white-bean-dip-bell-pepper/25162
shredded-bbq-tofu-bun-creamy-cabbage-radish-celery-chive-slaw,25139,https://www.mealime.com/recipes/shredded-bbq-tofu-bun-creamy-cabbage-radish-celery-chive-slaw/25139,https://www.mealime.com/recipes/shredded-bbq-tofu-bun-creamy-cabbage-radish-celery-chive-slaw/25138
baked-turkey-meatballs-spicy-tomato-sauce-blue-cheese-slaw,25103,https://www.mealime.com/recipes/baked-turkey-meatballs-spicy-tomato-sauce-blue-cheese-slaw/25103,https://www.mealime.com/recipes/baked-turkey-meatballs-spicy-tomato-sauce-blue-cheese-slaw/25102
spaghetti-squash-creamy-spinach-artichoke-sauce-basil-parmesan,25097,https://www.mealime.com/recipes/spaghetti-squash-creamy-spinach-artichoke-sauce-basil-parmesan/25097,https://www.mealime.com/recipes/spaghetti-squash-creamy-spinach-artichoke-sauce-basil-parmesan/25096
seared-strip-steak-lemon-miso-butter-curry-roasted-vegetables,25091,https://www.mealime.com/recipes/seared-strip-steak-lemon-miso-butter-curry-roasted-vegetables/25091,https://www.mealime.com/recipes/seared-strip-steak-lemon-miso-butter-curry-roasted-vegetables/25090
cajun-style-salmon-saucy-chickpea-tomato-pepper-cilantro-bake,25085,https://www.mealime.com/recipes/cajun-style-salmon-saucy-chickpea-tomato-pepper-cilantro-bake/25085,https://www.mealime.com/recipes/cajun-style-salmon-saucy-chickpea-tomato-pepper-cilantro-bake/25084
salmon-mushroom-tomato-bake-caper-parsley-gremolata-over-rice,25073,https://www.mealime.com/recipes/salmon-mushroom-tomato-bake-caper-parsley-gremolata-over-rice/25073,https://www.mealime.com/recipes/salmon-mushroom-tomato-bake-caper-parsley-gremolata-over-rice/25072
spaghetti-bolognese-chicken-mushrooms-carrots-parmesan,25037,https://www.mealime.com/recipes/spaghetti-bolognese-chicken-mushrooms-carrots-parmesan/25037,https://www.mealime.com/recipes/spaghetti-bolognese-chicken-mushrooms-carrots-parmesan/25036
baked-miso-hoisin-chicken-broccoli-asparagus-rice,25025,https://www.mealime.com/recipes/baked-miso-hoisin-chicken-broccoli-asparagus-rice/25025,https://www.mealime.com/recipes/baked-miso-hoisin-chicken-broccoli-asparagus-rice/25024
fettuccine-alfredo-crispy-smoked-salmon-honey-mustard-arugula,25019,https://www.mealime.com/recipes/fettuccine-alfredo-crispy-smoked-salmon-honey-mustard-arugula/25019,https://www.mealime.com/recipes/fettuccine-alfredo-crispy-smoked-salmon-honey-mustard-arugula/25018
basil-pesto-white-bean-polenta-stacks-pepper-artichoke-salad,25007,https://www.mealime.com/recipes/basil-pesto-white-bean-polenta-stacks-pepper-artichoke-salad/25007,https://www.mealime.com/recipes/basil-pesto-white-bean-polenta-stacks-pepper-artichoke-salad/25006
chickpea-tomato-curry-chana-masala-kale-yogurt-naan,24983,https://www.mealime.com/recipes/chickpea-tomato-curry-chana-masala-kale-yogurt-naan/24983,https://www.mealime.com/recipes/chickpea-tomato-curry-chana-masala-kale-yogurt-naan/24982
creamy-indian-style-tomato-chicken-curry-bell-peppers-rice,24971,https://www.mealime.com/recipes/creamy-indian-style-tomato-chicken-curry-bell-peppers-rice/24971,https://www.mealime.com/recipes/creamy-indian-style-tomato-chicken-curry-bell-peppers-rice/24970
ranch-potato-egg-salad-cheese-celery-dill-lemony-arugula,24965,https://www.mealime.com/recipes/ranch-potato-egg-salad-cheese-celery-dill-lemony-arugula/24965,https://www.mealime.com/recipes/ranch-potato-egg-salad-cheese-celery-dill-lemony-arugula/24964
bbq-chicken-zucchini-bell-pepper-bake-cauliflower-rice,24959,https://www.mealime.com/recipes/bbq-chicken-zucchini-bell-pepper-bake-cauliflower-rice/24959,https://www.mealime.com/recipes/bbq-chicken-zucchini-bell-pepper-bake-cauliflower-rice/24958
cheesy-turkey-potato-carrot-celery-soup,24947,https://www.mealime.com/recipes/cheesy-turkey-potato-carrot-celery-soup/24947,https://www.mealime.com/recipes/cheesy-turkey-potato-carrot-celery-soup/24946
chicken-bell-pepper-kale-stir-fry-peanut-sauce-over-rice,24935,https://www.mealime.com/recipes/chicken-bell-pepper-kale-stir-fry-peanut-sauce-over-rice/24935,https://www.mealime.com/recipes/chicken-bell-pepper-kale-stir-fry-peanut-sauce-over-rice/24934
thai-red-curry-wings-romaine-cucumber-edamame-peanut-salad,24923,https://www.mealime.com/recipes/thai-red-curry-wings-romaine-cucumber-edamame-peanut-salad/24923,https://www.mealime.com/recipes/thai-red-curry-wings-romaine-cucumber-edamame-peanut-salad/24922
deli-turkey-salad-cranberries-almonds-goat-cheese-balsamic,24911,https://www.mealime.com/recipes/deli-turkey-salad-cranberries-almonds-goat-cheese-balsamic/24911,https://www.mealime.com/recipes/deli-turkey-salad-cranberries-almonds-goat-cheese-balsamic/24910
curried-cauliflower-quinoa-bowl-arugula-pistachios-mint,24887,https://www.mealime.com/recipes/curried-cauliflower-quinoa-bowl-arugula-pistachios-mint/24887,https://www.mealime.com/recipes/curried-cauliflower-quinoa-bowl-arugula-pistachios-mint/24886
hummus-baked-chicken-zucchini-onion-pepper-tomato-stew,24881,https://www.mealime.com/recipes/hummus-baked-chicken-zucchini-onion-pepper-tomato-stew/24881,https://www.mealime.com/recipes/hummus-baked-chicken-zucchini-onion-pepper-tomato-stew/24880
seared-black-pepper-steak-creamy-mushroom-spinach-saute,24869,https://www.mealime.com/recipes/seared-black-pepper-steak-creamy-mushroom-spinach-saute/24869,https://www.mealime.com/recipes/seared-black-pepper-steak-creamy-mushroom-spinach-saute/24868
baked-sausage-german-style-cabbage-honey-dijon-potatoes,24845,https://www.mealime.com/recipes/baked-sausage-german-style-cabbage-honey-dijon-potatoes/24845,https://www.mealime.com/recipes/baked-sausage-german-style-cabbage-honey-dijon-potatoes/24844
masala-roasted-carrot-lentil-feta-tacos-tomato-cucumber-salad,24833,https://www.mealime.com/recipes/masala-roasted-carrot-lentil-feta-tacos-tomato-cucumber-salad/24833,https://www.mealime.com/recipes/masala-roasted-carrot-lentil-feta-tacos-tomato-cucumber-salad/24832
roasted-miso-butter-salmon-rice-cucumber-apple-salad,24821,https://www.mealime.com/recipes/roasted-miso-butter-salmon-rice-cucumber-apple-salad/24821,https://www.mealime.com/recipes/roasted-miso-butter-salmon-rice-cucumber-apple-salad/24820
peanut-tofu-cauliflower-bake-bell-pepper-edamame-rice,24815,https://www.mealime.com/recipes/peanut-tofu-cauliflower-bake-bell-pepper-edamame-rice/24815,https://www.mealime.com/recipes/peanut-tofu-cauliflower-bake-bell-pepper-edamame-rice/24814
cheesy-broiled-pork-chops-pineapple-salsa-roasted-asparagus,24809,https://www.mealime.com/recipes/cheesy-broiled-pork-chops-pineapple-salsa-roasted-asparagus/24809,https://www.mealime.com/recipes/cheesy-broiled-pork-chops-pineapple-salsa-roasted-asparagus/24808
rotisserie-chicken-butternut-squash-bell-pepper-stir-fry-rice,24785,https://www.mealime.com/recipes/rotisserie-chicken-butternut-squash-bell-pepper-stir-fry-rice/24785,https://www.mealime.com/recipes/rotisserie-chicken-butternut-squash-bell-pepper-stir-fry-rice/24784
cheesy-broiled-chicken-sun-dried-tomato-pesto-over-italian-salad,24767,https://www.mealime.com/recipes/cheesy-broiled-chicken-sun-dried-tomato-pesto-over-italian-salad/24767,https://www.mealime.com/recipes/cheesy-broiled-chicken-sun-dried-tomato-pesto-over-italian-salad/24766
barbecue-pinto-bean-zucchini-tacos-romaine-pepper-ranch-salad,24755,https://www.mealime.com/recipes/barbecue-pinto-bean-zucchini-tacos-romaine-pepper-ranch-salad/24755,https://www.mealime.com/recipes/barbecue-pinto-bean-zucchini-tacos-romaine-pepper-ranch-salad/24754
balsamic-arugula-salad-lentils-tomato-cucumber-avocado-feta,24743,https://www.mealime.com/recipes/balsamic-arugula-salad-lentils-tomato-cucumber-avocado-feta/24743,https://www.mealime.com/recipes/balsamic-arugula-salad-lentils-tomato-cucumber-avocado-feta/24742
grilled-ribeye-spicy-miso-sauce-sesame-steamed-veggies,24713,https://www.mealime.com/recipes/grilled-ribeye-spicy-miso-sauce-sesame-steamed-veggies/24713,https://www.mealime.com/recipes/grilled-ribeye-spicy-miso-sauce-sesame-steamed-veggies/24712
peanut-chicken-rice-noodle-bowl-snap-peas-carrots-cucumber,24701,https://www.mealime.com/recipes/peanut-chicken-rice-noodle-bowl-snap-peas-carrots-cucumber/24701,https://www.mealime.com/recipes/peanut-chicken-rice-noodle-bowl-snap-peas-carrots-cucumber/24700
chicken-lemon-dill-artichoke-sauce-roasted-potatoes-broccoli,24689,https://www.mealime.com/recipes/chicken-lemon-dill-artichoke-sauce-roasted-potatoes-broccoli/24689,https://www.mealime.com/recipes/chicken-lemon-dill-artichoke-sauce-roasted-potatoes-broccoli/24688
seared-scallop-salad-balsamic-roasted-grapes-avocado-feta,24683,https://www.mealime.com/recipes/seared-scallop-salad-balsamic-roasted-grapes-avocado-feta/24683,https://www.mealime.com/recipes/seared-scallop-salad-balsamic-roasted-grapes-avocado-feta/24682
cauliflower-fried-rice-chicken-mushrooms-carrots-peanuts,24671,https://www.mealime.com/recipes/cauliflower-fried-rice-chicken-mushrooms-carrots-peanuts/24671,https://www.mealime.com/recipes/cauliflower-fried-rice-chicken-mushrooms-carrots-peanuts/24670
chicken-wrap-feta-dates-lettuce-parsley-curried-carrot-salad,24659,https://www.mealime.com/recipes/chicken-wrap-feta-dates-lettuce-parsley-curried-carrot-salad/24659,https://www.mealime.com/recipes/chicken-wrap-feta-dates-lettuce-parsley-curried-carrot-salad/24658
pineapple-pork-skewers-bell-pepper-tomato-salad-rice,24617,https://www.mealime.com/recipes/pineapple-pork-skewers-bell-pepper-tomato-salad-rice/24617,https://www.mealime.com/recipes/pineapple-pork-skewers-bell-pepper-tomato-salad-rice/24616
soba-noodle-salad-bowl-steak-bok-choy-broccoli-slaw-ginger,24605,https://www.mealime.com/recipes/soba-noodle-salad-bowl-steak-bok-choy-broccoli-slaw-ginger/24605,https://www.mealime.com/recipes/soba-noodle-salad-bowl-steak-bok-choy-broccoli-slaw-ginger/24604
seared-ribeye-roasted-thai-green-curry-veggies-sesame-seeds,24575,https://www.mealime.com/recipes/seared-ribeye-roasted-thai-green-curry-veggies-sesame-seeds/24575,https://www.mealime.com/recipes/seared-ribeye-roasted-thai-green-curry-veggies-sesame-seeds/24574
seared-pork-chop-warm-ranch-tossed-radishes-snap-peas,24569,https://www.mealime.com/recipes/seared-pork-chop-warm-ranch-tossed-radishes-snap-peas/24569,https://www.mealime.com/recipes/seared-pork-chop-warm-ranch-tossed-radishes-snap-peas/24568
ginger-miso-pasta-salad-edamame-cabbage-cucumber,24539,https://www.mealime.com/recipes/ginger-miso-pasta-salad-edamame-cabbage-cucumber/24539,https://www.mealime.com/recipes/ginger-miso-pasta-salad-edamame-cabbage-cucumber/24538
tzatziki-pasta-salad-tuna-mixed-veggies-olives-feta,24503,https://www.mealime.com/recipes/tzatziki-pasta-salad-tuna-mixed-veggies-olives-feta/24503,https://www.mealime.com/recipes/tzatziki-pasta-salad-tuna-mixed-veggies-olives-feta/24502
salade-nicoise-tuna-potato-asparagus-artichokes-olives,24470,https://www.mealime.com/recipes/salade-nicoise-tuna-potato-asparagus-artichokes-olives/24470,https://www.mealime.com/recipes/salade-nicoise-tuna-potato-asparagus-artichokes-olives/24469
steak-salad-tomatoes-prosciutto-olives-blue-cheese-dressing,24446,https://www.mealime.com/recipes/steak-salad-tomatoes-prosciutto-olives-blue-cheese-dressing/24446,https://www.mealime.com/recipes/steak-salad-tomatoes-prosciutto-olives-blue-cheese-dressing/24445
lentils-cauliflower-carrots-caper-anchovy-salsa-verde-feta,24386,https://www.mealime.com/recipes/lentils-cauliflower-carrots-caper-anchovy-salsa-verde-feta/24386,https://www.mealime.com/recipes/lentils-cauliflower-carrots-caper-anchovy-salsa-verde-feta/24385
spicy-garlic-miso-steak-bites-pepper-onion-cauliflower-rice,24350,https://www.mealime.com/recipes/spicy-garlic-miso-steak-bites-pepper-onion-cauliflower-rice/24350,https://www.mealime.com/recipes/spicy-garlic-miso-steak-bites-pepper-onion-cauliflower-rice/24349
buffalo-chicken-sloppy-joes-blue-cheese-celery-cucumber-sticks,24338,https://www.mealime.com/recipes/buffalo-chicken-sloppy-joes-blue-cheese-celery-cucumber-sticks/24338,https://www.mealime.com/recipes/buffalo-chicken-sloppy-joes-blue-cheese-celery-cucumber-sticks/24337
tortilla-chip-crusted-chicken-salad-tomatoes-cheese-ranch,24326,https://www.mealime.com/recipes/tortilla-chip-crusted-chicken-salad-tomatoes-cheese-ranch/24326,https://www.mealime.com/recipes/tortilla-chip-crusted-chicken-salad-tomatoes-cheese-ranch/24325
ranch-yogurt-dip-cauliflower-florets,24314,https://www.mealime.com/recipes/ranch-yogurt-dip-cauliflower-florets/24314,https://www.mealime.com/recipes/ranch-yogurt-dip-cauliflower-florets/24313
cheesy-broccoli-bacon-soup-bell-pepper-cucumber-arugula-salad,24242,https://www.mealime.com/recipes/cheesy-broccoli-bacon-soup-bell-pepper-cucumber-arugula-salad/24242,https://www.mealime.com/recipes/cheesy-broccoli-bacon-soup-bell-pepper-cucumber-arugula-salad/24241
cheesy-veggie-burger-guacamole-salsa-lime-cilantro-greens,24230,https://www.mealime.com/recipes/cheesy-veggie-burger-guacamole-salsa-lime-cilantro-greens/24230,https://www.mealime.com/recipes/cheesy-veggie-burger-guacamole-salsa-lime-cilantro-greens/24229
baked-thai-style-peanut-chicken-green-beans-mushrooms-rice,24206,https://www.mealime.com/recipes/baked-thai-style-peanut-chicken-green-beans-mushrooms-rice/24206,https://www.mealime.com/recipes/baked-thai-style-peanut-chicken-green-beans-mushrooms-rice/24205
cheesy-basil-pesto-polenta-bake-spinach-mushrooms,24176,https://www.mealime.com/recipes/cheesy-basil-pesto-polenta-bake-spinach-mushrooms/24176,https://www.mealime.com/recipes/cheesy-basil-pesto-polenta-bake-spinach-mushrooms/24175
shrimp-coconut-curry-spinach-cilantro-over-rice,24152,https://www.mealime.com/recipes/shrimp-coconut-curry-spinach-cilantro-over-rice/24152,https://www.mealime.com/recipes/shrimp-coconut-curry-spinach-cilantro-over-rice/24151
avocado-toast-crispy-prosciutto,24134,https://www.mealime.com/recipes/avocado-toast-crispy-prosciutto/24134,https://www.mealime.com/recipes/avocado-toast-crispy-prosciutto/24133
vegan-lemon-jalapeno-lentil-pate-cucumber-slices,24128,https://www.mealime.com/recipes/vegan-lemon-jalapeno-lentil-pate-cucumber-slices/24128,https://www.mealime.com/recipes/vegan-lemon-jalapeno-lentil-pate-cucumber-slices/24127
garlicky-roasted-tomatoes-feta-sesame-seeds-pita-bread,24122,https://www.mealime.com/recipes/garlicky-roasted-tomatoes-feta-sesame-seeds-pita-bread/24122,https://www.mealime.com/recipes/garlicky-roasted-tomatoes-feta-sesame-seeds-pita-bread/24121
apple-mozzarella-prosciutto-roll-ups,24110,https://www.mealime.com/recipes/apple-mozzarella-prosciutto-roll-ups/24110,https://www.mealime.com/recipes/apple-mozzarella-prosciutto-roll-ups/24109
sheet-pan-gnocchi-bake-bacon-mushrooms-arugula-green-peas,24098,https://www.mealime.com/recipes/sheet-pan-gnocchi-bake-bacon-mushrooms-arugula-green-peas/24098,https://www.mealime.com/recipes/sheet-pan-gnocchi-bake-bacon-mushrooms-arugula-green-peas/24097
strawberry-cream-cheese-sandwich,24086,https://www.mealime.com/recipes/strawberry-cream-cheese-sandwich/24086,https://www.mealime.com/recipes/strawberry-cream-cheese-sandwich/24085
linguine-alfredo-deli-turkey-bell-pepper-spinach-side-salad,24062,https://www.mealime.com/recipes/linguine-alfredo-deli-turkey-bell-pepper-spinach-side-salad/24062,https://www.mealime.com/recipes/linguine-alfredo-deli-turkey-bell-pepper-spinach-side-salad/24061
seared-pork-chop-bbq-beans-green-onion-ranch-cabbage-slaw,24050,https://www.mealime.com/recipes/seared-pork-chop-bbq-beans-green-onion-ranch-cabbage-slaw/24050,https://www.mealime.com/recipes/seared-pork-chop-bbq-beans-green-onion-ranch-cabbage-slaw/24049
caesar-pasta-salad-tomatoes-cucumber-pine-nuts-eggs,24026,https://www.mealime.com/recipes/caesar-pasta-salad-tomatoes-cucumber-pine-nuts-eggs/24026,https://www.mealime.com/recipes/caesar-pasta-salad-tomatoes-cucumber-pine-nuts-eggs/24025
cheesy-bbq-chicken-bake-green-onion-bell-pepper-cauliflower-rice,24014,https://www.mealime.com/recipes/cheesy-bbq-chicken-bake-green-onion-bell-pepper-cauliflower-rice/24014,https://www.mealime.com/recipes/cheesy-bbq-chicken-bake-green-onion-bell-pepper-cauliflower-rice/24013
cream-cheese-avocado-basil-toast,24002,https://www.mealime.com/recipes/cream-cheese-avocado-basil-toast/24002,https://www.mealime.com/recipes/cream-cheese-avocado-basil-toast/24001
warm-goat-cheese-parmesan-sun-dried-tomato-stuffed-mushrooms,23996,https://www.mealime.com/recipes/warm-goat-cheese-parmesan-sun-dried-tomato-stuffed-mushrooms/23996,https://www.mealime.com/recipes/warm-goat-cheese-parmesan-sun-dried-tomato-stuffed-mushrooms/23995
curried-chicken-chickpea-cauliflower-bake-cilantro-raita,23984,https://www.mealime.com/recipes/curried-chicken-chickpea-cauliflower-bake-cilantro-raita/23984,https://www.mealime.com/recipes/curried-chicken-chickpea-cauliflower-bake-cilantro-raita/23983
turkey-banh-mi-rice-bowl-pickled-veggies-cilantro-mint,23954,https://www.mealime.com/recipes/turkey-banh-mi-rice-bowl-pickled-veggies-cilantro-mint/23954,https://www.mealime.com/recipes/turkey-banh-mi-rice-bowl-pickled-veggies-cilantro-mint/23953
steak-fajita-cauliflower-rice-bowl-avocado-cilantro,23930,https://www.mealime.com/recipes/steak-fajita-cauliflower-rice-bowl-avocado-cilantro/23930,https://www.mealime.com/recipes/steak-fajita-cauliflower-rice-bowl-avocado-cilantro/23929
spicy-sichuan-style-dan-dan-zucchini-noodles-pork-peanuts,23882,https://www.mealime.com/recipes/spicy-sichuan-style-dan-dan-zucchini-noodles-pork-peanuts/23882,https://www.mealime.com/recipes/spicy-sichuan-style-dan-dan-zucchini-noodles-pork-peanuts/23881
avocado-tomato-salad-walnut-olive-sun-dried-tomato-tapenade,23876,https://www.mealime.com/recipes/avocado-tomato-salad-walnut-olive-sun-dried-tomato-tapenade/23876,https://www.mealime.com/recipes/avocado-tomato-salad-walnut-olive-sun-dried-tomato-tapenade/23875
cheesy-prosciutto-tomato-leek-frittata-lemony-arugula-salad,23864,https://www.mealime.com/recipes/cheesy-prosciutto-tomato-leek-frittata-lemony-arugula-salad/23864,https://www.mealime.com/recipes/cheesy-prosciutto-tomato-leek-frittata-lemony-arugula-salad/23863
coriander-ginger-tomato-soup-crispy-chickpeas-cilantro-yogurt,23858,https://www.mealime.com/recipes/coriander-ginger-tomato-soup-crispy-chickpeas-cilantro-yogurt/23858,https://www.mealime.com/recipes/coriander-ginger-tomato-soup-crispy-chickpeas-cilantro-yogurt/23857
italian-style-macaroni-soup-beef-carrot-celery-bell-pepper,23834,https://www.mealime.com/recipes/italian-style-macaroni-soup-beef-carrot-celery-bell-pepper/23834,https://www.mealime.com/recipes/italian-style-macaroni-soup-beef-carrot-celery-bell-pepper/23833
asian-chicken-salad-wraps-cucumber-bell-pepper-hoisin-sauce,23828,https://www.mealime.com/recipes/asian-chicken-salad-wraps-cucumber-bell-pepper-hoisin-sauce/23828,https://www.mealime.com/recipes/asian-chicken-salad-wraps-cucumber-bell-pepper-hoisin-sauce/23827
spicy-ginger-soy-rice-bowl-tofu-mushrooms-brussels-sprouts,23816,https://www.mealime.com/recipes/spicy-ginger-soy-rice-bowl-tofu-mushrooms-brussels-sprouts/23816,https://www.mealime.com/recipes/spicy-ginger-soy-rice-bowl-tofu-mushrooms-brussels-sprouts/23815
lebanese-style-beef-meatballs-tahini-sauce-peppers-onions,23804,https://www.mealime.com/recipes/lebanese-style-beef-meatballs-tahini-sauce-peppers-onions/23804,https://www.mealime.com/recipes/lebanese-style-beef-meatballs-tahini-sauce-peppers-onions/23803
cornmeal-crusted-fish-tacos-bell-pepper-onion-avocado-slaw,23792,https://www.mealime.com/recipes/cornmeal-crusted-fish-tacos-bell-pepper-onion-avocado-slaw/23792,https://www.mealime.com/recipes/cornmeal-crusted-fish-tacos-bell-pepper-onion-avocado-slaw/23791
basil-pesto-tortellini-roasted-peppers-zucchini-parmesan,23786,https://www.mealime.com/recipes/basil-pesto-tortellini-roasted-peppers-zucchini-parmesan/23786,https://www.mealime.com/recipes/basil-pesto-tortellini-roasted-peppers-zucchini-parmesan/23785
garlic-parmesan-chicken-tenders-green-beans-honey-mustard-dip,23762,https://www.mealime.com/recipes/garlic-parmesan-chicken-tenders-green-beans-honey-mustard-dip/23762,https://www.mealime.com/recipes/garlic-parmesan-chicken-tenders-green-beans-honey-mustard-dip/23761
thai-inspired-pizza-mushroom-bell-pepper-peanut-sauce,23756,https://www.mealime.com/recipes/thai-inspired-pizza-mushroom-bell-pepper-peanut-sauce/23756,https://www.mealime.com/recipes/thai-inspired-pizza-mushroom-bell-pepper-peanut-sauce/23755
cheesy-pasta-marinara-roasted-edamame-mushrooms-bell-pepper,23732,https://www.mealime.com/recipes/cheesy-pasta-marinara-roasted-edamame-mushrooms-bell-pepper/23732,https://www.mealime.com/recipes/cheesy-pasta-marinara-roasted-edamame-mushrooms-bell-pepper/23731
chicken-caesar-lettuce-wraps-parmesan-toasted-bread-crumbs,23708,https://www.mealime.com/recipes/chicken-caesar-lettuce-wraps-parmesan-toasted-bread-crumbs/23708,https://www.mealime.com/recipes/chicken-caesar-lettuce-wraps-parmesan-toasted-bread-crumbs/23707
apple-cranberry-tuna-salad-toasts-creamy-walnut-romaine-salad,23684,https://www.mealime.com/recipes/apple-cranberry-tuna-salad-toasts-creamy-walnut-romaine-salad/23684,https://www.mealime.com/recipes/apple-cranberry-tuna-salad-toasts-creamy-walnut-romaine-salad/23683
kung-pao-tofu-bell-peppers-celery-cashews-over-rice,23672,https://www.mealime.com/recipes/kung-pao-tofu-bell-peppers-celery-cashews-over-rice/23672,https://www.mealime.com/recipes/kung-pao-tofu-bell-peppers-celery-cashews-over-rice/23671
italian-chickpea-salad-artichoke-carrot-celery-bell-pepper,23666,https://www.mealime.com/recipes/italian-chickpea-salad-artichoke-carrot-celery-bell-pepper/23666,https://www.mealime.com/recipes/italian-chickpea-salad-artichoke-carrot-celery-bell-pepper/23665
balsamic-steak-tomato-skewers-steamed-cauliflower-tzatziki,23654,https://www.mealime.com/recipes/balsamic-steak-tomato-skewers-steamed-cauliflower-tzatziki/23654,https://www.mealime.com/recipes/balsamic-steak-tomato-skewers-steamed-cauliflower-tzatziki/23653
peanut-butter-banana-honey-tortilla-roll-ups,23630,https://www.mealime.com/recipes/peanut-butter-banana-honey-tortilla-roll-ups/23630,https://www.mealime.com/recipes/peanut-butter-banana-honey-tortilla-roll-ups/23629
creamy-macaroni-salad-bell-pepper-carrot-celery,23618,https://www.mealime.com/recipes/creamy-macaroni-salad-bell-pepper-carrot-celery/23618,https://www.mealime.com/recipes/creamy-macaroni-salad-bell-pepper-carrot-celery/23617
peanut-butter-toast-blackberries-honey-cinnamon,23594,https://www.mealime.com/recipes/peanut-butter-toast-blackberries-honey-cinnamon/23594,https://www.mealime.com/recipes/peanut-butter-toast-blackberries-honey-cinnamon/23593
miso-tuna-salad-toast-tomato-chives-sesame-seeds,23576,https://www.mealime.com/recipes/miso-tuna-salad-toast-tomato-chives-sesame-seeds/23576,https://www.mealime.com/recipes/miso-tuna-salad-toast-tomato-chives-sesame-seeds/23575
quinoa-tabbouleh-salad-tomato-parsley-mint,23570,https://www.mealime.com/recipes/quinoa-tabbouleh-salad-tomato-parsley-mint/23570,https://www.mealime.com/recipes/quinoa-tabbouleh-salad-tomato-parsley-mint/23569
garlic-rosemary-lamb-chops-balsamic-roasted-vegetables,23564,https://www.mealime.com/recipes/garlic-rosemary-lamb-chops-balsamic-roasted-vegetables/23564,https://www.mealime.com/recipes/garlic-rosemary-lamb-chops-balsamic-roasted-vegetables/23563
italian-baked-salmon-hummus-tomato-feta-stuffed-peppers,23546,https://www.mealime.com/recipes/italian-baked-salmon-hummus-tomato-feta-stuffed-peppers/23546,https://www.mealime.com/recipes/italian-baked-salmon-hummus-tomato-feta-stuffed-peppers/23545
ginger-pork-mushroom-avocado-lettuce-wraps-pickled-green-onion,23522,https://www.mealime.com/recipes/ginger-pork-mushroom-avocado-lettuce-wraps-pickled-green-onion/23522,https://www.mealime.com/recipes/ginger-pork-mushroom-avocado-lettuce-wraps-pickled-green-onion/23521
thai-green-curry-chicken-snap-peas-bell-pepper-cilantro-rice,23510,https://www.mealime.com/recipes/thai-green-curry-chicken-snap-peas-bell-pepper-cilantro-rice/23510,https://www.mealime.com/recipes/thai-green-curry-chicken-snap-peas-bell-pepper-cilantro-rice/23509
cheesy-spaghetti-squash-chickpea-tomato-ragu-parsley,23504,https://www.mealime.com/recipes/cheesy-spaghetti-squash-chickpea-tomato-ragu-parsley/23504,https://www.mealime.com/recipes/cheesy-spaghetti-squash-chickpea-tomato-ragu-parsley/23503
turkey-burger-lettuce-wrap-special-sauce-blue-cheese-mushrooms,23486,https://www.mealime.com/recipes/turkey-burger-lettuce-wrap-special-sauce-blue-cheese-mushrooms/23486,https://www.mealime.com/recipes/turkey-burger-lettuce-wrap-special-sauce-blue-cheese-mushrooms/23485
spicy-taco-beef-lettuce-wraps-fajita-peppers-onions-avocado,23474,https://www.mealime.com/recipes/spicy-taco-beef-lettuce-wraps-fajita-peppers-onions-avocado/23474,https://www.mealime.com/recipes/spicy-taco-beef-lettuce-wraps-fajita-peppers-onions-avocado/23473
butternut-squash-soup-arugula-cranberry-pumpkin-seed-salad,23456,https://www.mealime.com/recipes/butternut-squash-soup-arugula-cranberry-pumpkin-seed-salad/23456,https://www.mealime.com/recipes/butternut-squash-soup-arugula-cranberry-pumpkin-seed-salad/23455
pork-chop-italian-seasoned-brussels-sprouts-butternut-squash,23450,https://www.mealime.com/recipes/pork-chop-italian-seasoned-brussels-sprouts-butternut-squash/23450,https://www.mealime.com/recipes/pork-chop-italian-seasoned-brussels-sprouts-butternut-squash/23449
sesame-chicken-soba-noodle-bowl-broccoli-carrots-miso-dressing,23426,https://www.mealime.com/recipes/sesame-chicken-soba-noodle-bowl-broccoli-carrots-miso-dressing/23426,https://www.mealime.com/recipes/sesame-chicken-soba-noodle-bowl-broccoli-carrots-miso-dressing/23425
thai-coconut-red-curry-soup-tofu-mixed-veggies-cilantro,23414,https://www.mealime.com/recipes/thai-coconut-red-curry-soup-tofu-mixed-veggies-cilantro/23414,https://www.mealime.com/recipes/thai-coconut-red-curry-soup-tofu-mixed-veggies-cilantro/23413
sun-dried-tomato-turkey-meatballs-sauteed-garlicky-kale-ricotta,23402,https://www.mealime.com/recipes/sun-dried-tomato-turkey-meatballs-sauteed-garlicky-kale-ricotta/23402,https://www.mealime.com/recipes/sun-dried-tomato-turkey-meatballs-sauteed-garlicky-kale-ricotta/23401
roasted-bbq-chicken-drumsticks-potatoes-sauteed-broccoli,23396,https://www.mealime.com/recipes/roasted-bbq-chicken-drumsticks-potatoes-sauteed-broccoli/23396,https://www.mealime.com/recipes/roasted-bbq-chicken-drumsticks-potatoes-sauteed-broccoli/23395
baked-bbq-salmon-cajun-spiced-broccoli-bell-pepper-rice,23375,https://www.mealime.com/recipes/baked-bbq-salmon-cajun-spiced-broccoli-bell-pepper-rice/23375,https://www.mealime.com/recipes/baked-bbq-salmon-cajun-spiced-broccoli-bell-pepper-rice/23374
steak-salad-tomato-wedges-goat-cheese-balsamic-vinaigrette,23369,https://www.mealime.com/recipes/steak-salad-tomato-wedges-goat-cheese-balsamic-vinaigrette/23369,https://www.mealime.com/recipes/steak-salad-tomato-wedges-goat-cheese-balsamic-vinaigrette/23368
chicken-white-bean-stew-carrot-bell-pepper-dill-cheese,23363,https://www.mealime.com/recipes/chicken-white-bean-stew-carrot-bell-pepper-dill-cheese/23363,https://www.mealime.com/recipes/chicken-white-bean-stew-carrot-bell-pepper-dill-cheese/23362
black-bean-dip-feta-bell-pepper-chips,23351,https://www.mealime.com/recipes/black-bean-dip-feta-bell-pepper-chips/23351,https://www.mealime.com/recipes/black-bean-dip-feta-bell-pepper-chips/23350
creamy-avocado-yogurt-dip-tortilla-chips,23339,https://www.mealime.com/recipes/creamy-avocado-yogurt-dip-tortilla-chips/23339,https://www.mealime.com/recipes/creamy-avocado-yogurt-dip-tortilla-chips/23338
broccoli-florets-vegan-cashew-caesar-dip,23327,https://www.mealime.com/recipes/broccoli-florets-vegan-cashew-caesar-dip/23327,https://www.mealime.com/recipes/broccoli-florets-vegan-cashew-caesar-dip/23326
bell-pepper-nacho-bites-chili-pinto-beans-cheese-salsa,23321,https://www.mealime.com/recipes/bell-pepper-nacho-bites-chili-pinto-beans-cheese-salsa/23321,https://www.mealime.com/recipes/bell-pepper-nacho-bites-chili-pinto-beans-cheese-salsa/23320
baked-cod-peppers-olives-capers-lemony-pine-nut-arugula-salad,23309,https://www.mealime.com/recipes/baked-cod-peppers-olives-capers-lemony-pine-nut-arugula-salad/23309,https://www.mealime.com/recipes/baked-cod-peppers-olives-capers-lemony-pine-nut-arugula-salad/23308
upside-down-beef-cottage-pie-spinach-peas-sweet-potato-mash,23297,https://www.mealime.com/recipes/upside-down-beef-cottage-pie-spinach-peas-sweet-potato-mash/23297,https://www.mealime.com/recipes/upside-down-beef-cottage-pie-spinach-peas-sweet-potato-mash/23296
cod-tikka-masala-over-pilau-rice-cucumber-tomato-mint-salad,23291,https://www.mealime.com/recipes/cod-tikka-masala-over-pilau-rice-cucumber-tomato-mint-salad/23291,https://www.mealime.com/recipes/cod-tikka-masala-over-pilau-rice-cucumber-tomato-mint-salad/23290
honey-mustard-cobb-salad-tomato-avocado-bacon-egg-feta,23279,https://www.mealime.com/recipes/honey-mustard-cobb-salad-tomato-avocado-bacon-egg-feta/23279,https://www.mealime.com/recipes/honey-mustard-cobb-salad-tomato-avocado-bacon-egg-feta/23278
thai-green-coconut-curry-shrimp-broccoli-bell-pepper-rice,23267,https://www.mealime.com/recipes/thai-green-coconut-curry-shrimp-broccoli-bell-pepper-rice/23267,https://www.mealime.com/recipes/thai-green-coconut-curry-shrimp-broccoli-bell-pepper-rice/23266
creamy-chicken-enchiladas-bell-pepper-cilantro-ranch-slaw,23243,https://www.mealime.com/recipes/creamy-chicken-enchiladas-bell-pepper-cilantro-ranch-slaw/23243,https://www.mealime.com/recipes/creamy-chicken-enchiladas-bell-pepper-cilantro-ranch-slaw/23242
bbq-beef-sloppy-joe-roasted-cajun-cauliflower,23219,https://www.mealime.com/recipes/bbq-beef-sloppy-joe-roasted-cajun-cauliflower/23219,https://www.mealime.com/recipes/bbq-beef-sloppy-joe-roasted-cajun-cauliflower/23218
penne-alfredo-ham-broccoli,23195,https://www.mealime.com/recipes/penne-alfredo-ham-broccoli/23195,https://www.mealime.com/recipes/penne-alfredo-ham-broccoli/23194
beef-lasagna-noodle-soup-carrots-spinach-basil,23183,https://www.mealime.com/recipes/beef-lasagna-noodle-soup-carrots-spinach-basil/23183,https://www.mealime.com/recipes/beef-lasagna-noodle-soup-carrots-spinach-basil/23182
creamy-indian-chicken-stew-spinach-cauliflower-cilantro,23171,https://www.mealime.com/recipes/creamy-indian-chicken-stew-spinach-cauliflower-cilantro/23171,https://www.mealime.com/recipes/creamy-indian-chicken-stew-spinach-cauliflower-cilantro/23170
masala-steak-cardamom-root-veggies-goat-cheese-pistachios,23153,https://www.mealime.com/recipes/masala-steak-cardamom-root-veggies-goat-cheese-pistachios/23153,https://www.mealime.com/recipes/masala-steak-cardamom-root-veggies-goat-cheese-pistachios/23152
japanese-ginger-beef-skillet-mushrooms-peas-green-onions-rice,23117,https://www.mealime.com/recipes/japanese-ginger-beef-skillet-mushrooms-peas-green-onions-rice/23117,https://www.mealime.com/recipes/japanese-ginger-beef-skillet-mushrooms-peas-green-onions-rice/23116
ribeye-steak-roasted-mushroom-sun-dried-tomato-arugula-salad,23105,https://www.mealime.com/recipes/ribeye-steak-roasted-mushroom-sun-dried-tomato-arugula-salad/23105,https://www.mealime.com/recipes/ribeye-steak-roasted-mushroom-sun-dried-tomato-arugula-salad/23104
kale-salad-chicken-apple-dates-pumpkin-seeds-crispy-parmesan,23087,https://www.mealime.com/recipes/kale-salad-chicken-apple-dates-pumpkin-seeds-crispy-parmesan/23087,https://www.mealime.com/recipes/kale-salad-chicken-apple-dates-pumpkin-seeds-crispy-parmesan/23086
creamy-white-bean-alfredo-soup-bacon-mushrooms-kale-parsley,23069,https://www.mealime.com/recipes/creamy-white-bean-alfredo-soup-bacon-mushrooms-kale-parsley/23069,https://www.mealime.com/recipes/creamy-white-bean-alfredo-soup-bacon-mushrooms-kale-parsley/23068
cheesy-cajun-ham-butternut-squash-pepper-zucchini-hash-eggs,23057,https://www.mealime.com/recipes/cheesy-cajun-ham-butternut-squash-pepper-zucchini-hash-eggs/23057,https://www.mealime.com/recipes/cheesy-cajun-ham-butternut-squash-pepper-zucchini-hash-eggs/23056
seared-striploin-steak-apple-cranberry-blue-cheese-salad,23051,https://www.mealime.com/recipes/seared-striploin-steak-apple-cranberry-blue-cheese-salad/23051,https://www.mealime.com/recipes/seared-striploin-steak-apple-cranberry-blue-cheese-salad/23050
spicy-cajun-macaroni-ground-chicken-veggies-cheese,23027,https://www.mealime.com/recipes/spicy-cajun-macaroni-ground-chicken-veggies-cheese/23027,https://www.mealime.com/recipes/spicy-cajun-macaroni-ground-chicken-veggies-cheese/23026
warm-squash-leek-orange-lentil-spinach-salad-goat-cheese,23003,https://www.mealime.com/recipes/warm-squash-leek-orange-lentil-spinach-salad-goat-cheese/23003,https://www.mealime.com/recipes/warm-squash-leek-orange-lentil-spinach-salad-goat-cheese/23002
cajun-style-ham-kidney-bean-stew-over-rice-green-onions,22979,https://www.mealime.com/recipes/cajun-style-ham-kidney-bean-stew-over-rice-green-onions/22979,https://www.mealime.com/recipes/cajun-style-ham-kidney-bean-stew-over-rice-green-onions/22978
baked-ranch-crusted-chicken-brussels-sprouts-cauliflower,22961,https://www.mealime.com/recipes/baked-ranch-crusted-chicken-brussels-sprouts-cauliflower/22961,https://www.mealime.com/recipes/baked-ranch-crusted-chicken-brussels-sprouts-cauliflower/22960
sheet-pan-pork-warm-broccoli-potato-salad-creamy-cajun-dressing,22949,https://www.mealime.com/recipes/sheet-pan-pork-warm-broccoli-potato-salad-creamy-cajun-dressing/22949,https://www.mealime.com/recipes/sheet-pan-pork-warm-broccoli-potato-salad-creamy-cajun-dressing/22948
italian-sausage-cabbage-stew-tomato-carrot-parmesan-toast,22907,https://www.mealime.com/recipes/italian-sausage-cabbage-stew-tomato-carrot-parmesan-toast/22907,https://www.mealime.com/recipes/italian-sausage-cabbage-stew-tomato-carrot-parmesan-toast/22906
warm-steak-broccoli-bell-pepper-salad-sesame-dressing,22883,https://www.mealime.com/recipes/warm-steak-broccoli-bell-pepper-salad-sesame-dressing/22883,https://www.mealime.com/recipes/warm-steak-broccoli-bell-pepper-salad-sesame-dressing/22882
turkey-carrot-fritters-tzatziki-dressed-veggie-salad,22871,https://www.mealime.com/recipes/turkey-carrot-fritters-tzatziki-dressed-veggie-salad/22871,https://www.mealime.com/recipes/turkey-carrot-fritters-tzatziki-dressed-veggie-salad/22870
mini-polenta-pizzas-crispy-prosciutto-italian-arugula-salad,22805,https://www.mealime.com/recipes/mini-polenta-pizzas-crispy-prosciutto-italian-arugula-salad/22805,https://www.mealime.com/recipes/mini-polenta-pizzas-crispy-prosciutto-italian-arugula-salad/22804
creamy-cajun-style-shrimp-scampi-bell-pepper-spaghetti-squash,22799,https://www.mealime.com/recipes/creamy-cajun-style-shrimp-scampi-bell-pepper-spaghetti-squash/22799,https://www.mealime.com/recipes/creamy-cajun-style-shrimp-scampi-bell-pepper-spaghetti-squash/22798
chicken-taco-soup-bell-pepper-cheese-tortilla-chips,22787,https://www.mealime.com/recipes/chicken-taco-soup-bell-pepper-cheese-tortilla-chips/22787,https://www.mealime.com/recipes/chicken-taco-soup-bell-pepper-cheese-tortilla-chips/22786
sun-dried-tomato-spaghetti-alfredo-spinach-mushrooms,22751,https://www.mealime.com/recipes/sun-dried-tomato-spaghetti-alfredo-spinach-mushrooms/22751,https://www.mealime.com/recipes/sun-dried-tomato-spaghetti-alfredo-spinach-mushrooms/22750
creamy-cauliflower-salad-ham-celery-dill,22703,https://www.mealime.com/recipes/creamy-cauliflower-salad-ham-celery-dill/22703,https://www.mealime.com/recipes/creamy-cauliflower-salad-ham-celery-dill/22702
strip-steak-fried-egg-bell-pepper-onion-medley-jalapeno-aioli,22691,https://www.mealime.com/recipes/strip-steak-fried-egg-bell-pepper-onion-medley-jalapeno-aioli/22691,https://www.mealime.com/recipes/strip-steak-fried-egg-bell-pepper-onion-medley-jalapeno-aioli/22690
spicy-thai-style-chicken-caesar-salad-cucumber-radish-croutons,22667,https://www.mealime.com/recipes/spicy-thai-style-chicken-caesar-salad-cucumber-radish-croutons/22667,https://www.mealime.com/recipes/spicy-thai-style-chicken-caesar-salad-cucumber-radish-croutons/22666
thai-green-curry-soup-chicken-noodles-mushrooms-green-beans,22655,https://www.mealime.com/recipes/thai-green-curry-soup-chicken-noodles-mushrooms-green-beans/22655,https://www.mealime.com/recipes/thai-green-curry-soup-chicken-noodles-mushrooms-green-beans/22654
curried-deviled-eggs-fresh-dill,22643,https://www.mealime.com/recipes/curried-deviled-eggs-fresh-dill/22643,https://www.mealime.com/recipes/curried-deviled-eggs-fresh-dill/22642
creamy-tuna-salad-tortilla-chips,22631,https://www.mealime.com/recipes/creamy-tuna-salad-tortilla-chips/22631,https://www.mealime.com/recipes/creamy-tuna-salad-tortilla-chips/22630
tomato-cabbage-stew-ground-chicken-bacon-carrots,22625,https://www.mealime.com/recipes/tomato-cabbage-stew-ground-chicken-bacon-carrots/22625,https://www.mealime.com/recipes/tomato-cabbage-stew-ground-chicken-bacon-carrots/22624
salmon-cauliflower-rice-spinach-tomatoes-creamy-basil-sauce,22607,https://www.mealime.com/recipes/salmon-cauliflower-rice-spinach-tomatoes-creamy-basil-sauce/22607,https://www.mealime.com/recipes/salmon-cauliflower-rice-spinach-tomatoes-creamy-basil-sauce/22606
pita-bread-pizza-basil-pesto-mozzarella-sun-dried-tomatoes,22601,https://www.mealime.com/recipes/pita-bread-pizza-basil-pesto-mozzarella-sun-dried-tomatoes/22601,https://www.mealime.com/recipes/pita-bread-pizza-basil-pesto-mozzarella-sun-dried-tomatoes/22600
greek-salad-cucumber-bell-pepper-tomato-feta-olives,22589,https://www.mealime.com/recipes/greek-salad-cucumber-bell-pepper-tomato-feta-olives/22589,https://www.mealime.com/recipes/greek-salad-cucumber-bell-pepper-tomato-feta-olives/22588
parmesan-roasted-edamame-lemon-almonds,22583,https://www.mealime.com/recipes/parmesan-roasted-edamame-lemon-almonds/22583,https://www.mealime.com/recipes/parmesan-roasted-edamame-lemon-almonds/22582
smoked-salmon-herb-cream-cheese-cucumber-sandwich,22559,https://www.mealime.com/recipes/smoked-salmon-herb-cream-cheese-cucumber-sandwich/22559,https://www.mealime.com/recipes/smoked-salmon-herb-cream-cheese-cucumber-sandwich/22558
crunchy-broccoli-grape-salad-blue-cheese-creamy-yogurt-dressing,22547,https://www.mealime.com/recipes/crunchy-broccoli-grape-salad-blue-cheese-creamy-yogurt-dressing/22547,https://www.mealime.com/recipes/crunchy-broccoli-grape-salad-blue-cheese-creamy-yogurt-dressing/22546
spinach-artichoke-yogurt-dip-toasted-naan,22541,https://www.mealime.com/recipes/spinach-artichoke-yogurt-dip-toasted-naan/22541,https://www.mealime.com/recipes/spinach-artichoke-yogurt-dip-toasted-naan/22540
caprese-salad-fresh-mozzarella-tomatoes-basil-balsamic,22535,https://www.mealime.com/recipes/caprese-salad-fresh-mozzarella-tomatoes-basil-balsamic/22535,https://www.mealime.com/recipes/caprese-salad-fresh-mozzarella-tomatoes-basil-balsamic/22534
pina-colada-fruit-salad-pineapple-cashews-coconut,22529,https://www.mealime.com/recipes/pina-colada-fruit-salad-pineapple-cashews-coconut/22529,https://www.mealime.com/recipes/pina-colada-fruit-salad-pineapple-cashews-coconut/22528
toast-loaded-garden-veggie-cream-cheese-spread,22505,https://www.mealime.com/recipes/toast-loaded-garden-veggie-cream-cheese-spread/22505,https://www.mealime.com/recipes/toast-loaded-garden-veggie-cream-cheese-spread/22504
chicken-mushroom-broccoli-cashew-stir-fry-over-rice,22493,https://www.mealime.com/recipes/chicken-mushroom-broccoli-cashew-stir-fry-over-rice/22493,https://www.mealime.com/recipes/chicken-mushroom-broccoli-cashew-stir-fry-over-rice/22492
creamy-tuscan-ravioli-mushrooms-tomatoes-spinach-pine-nuts,22487,https://www.mealime.com/recipes/creamy-tuscan-ravioli-mushrooms-tomatoes-spinach-pine-nuts/22487,https://www.mealime.com/recipes/creamy-tuscan-ravioli-mushrooms-tomatoes-spinach-pine-nuts/22486
cheesy-baked-penne-tomato-spinach-roasted-red-peppers,22475,https://www.mealime.com/recipes/cheesy-baked-penne-tomato-spinach-roasted-red-peppers/22475,https://www.mealime.com/recipes/cheesy-baked-penne-tomato-spinach-roasted-red-peppers/22474
hoisin-shrimp-pineapple-cabbage-stir-fry-rice-noodles,22469,https://www.mealime.com/recipes/hoisin-shrimp-pineapple-cabbage-stir-fry-rice-noodles/22469,https://www.mealime.com/recipes/hoisin-shrimp-pineapple-cabbage-stir-fry-rice-noodles/22468
baked-honey-mustard-chicken-thighs-cauliflower-snap-peas,22463,https://www.mealime.com/recipes/baked-honey-mustard-chicken-thighs-cauliflower-snap-peas/22463,https://www.mealime.com/recipes/baked-honey-mustard-chicken-thighs-cauliflower-snap-peas/22462
greek-yogurt-honey-raspberry-swirl-pistachios,22439,https://www.mealime.com/recipes/greek-yogurt-honey-raspberry-swirl-pistachios/22439,https://www.mealime.com/recipes/greek-yogurt-honey-raspberry-swirl-pistachios/22438
greek-egg-muffins-feta-artichokes-sun-dried-tomatoes-dill,22427,https://www.mealime.com/recipes/greek-egg-muffins-feta-artichokes-sun-dried-tomatoes-dill/22427,https://www.mealime.com/recipes/greek-egg-muffins-feta-artichokes-sun-dried-tomatoes-dill/22426
toast-goat-cheese-raspberries-honey,22391,https://www.mealime.com/recipes/toast-goat-cheese-raspberries-honey/22391,https://www.mealime.com/recipes/toast-goat-cheese-raspberries-honey/22390
warm-pita-pocket-turkey-cheddar-roasted-red-peppers-parsley,22361,https://www.mealime.com/recipes/warm-pita-pocket-turkey-cheddar-roasted-red-peppers-parsley/22361,https://www.mealime.com/recipes/warm-pita-pocket-turkey-cheddar-roasted-red-peppers-parsley/22360
carrot-salad-walnuts-raisins-lemon-poppy-seed-dressing,22355,https://www.mealime.com/recipes/carrot-salad-walnuts-raisins-lemon-poppy-seed-dressing/22355,https://www.mealime.com/recipes/carrot-salad-walnuts-raisins-lemon-poppy-seed-dressing/22354
roasted-sweet-potato-wedges-garlicky-parsley-tahini-sauce,22349,https://www.mealime.com/recipes/roasted-sweet-potato-wedges-garlicky-parsley-tahini-sauce/22349,https://www.mealime.com/recipes/roasted-sweet-potato-wedges-garlicky-parsley-tahini-sauce/22348
sugar-snap-peas-sun-dried-tomato-hummus,22343,https://www.mealime.com/recipes/sugar-snap-peas-sun-dried-tomato-hummus/22343,https://www.mealime.com/recipes/sugar-snap-peas-sun-dried-tomato-hummus/22342
roasted-beet-edamame-salad-sesame-ginger-vinaigrette,22331,https://www.mealime.com/recipes/roasted-beet-edamame-salad-sesame-ginger-vinaigrette/22331,https://www.mealime.com/recipes/roasted-beet-edamame-salad-sesame-ginger-vinaigrette/22330
carrot-sticks-green-goddess-yogurt-dip,22325,https://www.mealime.com/recipes/carrot-sticks-green-goddess-yogurt-dip/22325,https://www.mealime.com/recipes/carrot-sticks-green-goddess-yogurt-dip/22324
celery-hard-boiled-egg-cheddar-cheese-filling,22313,https://www.mealime.com/recipes/celery-hard-boiled-egg-cheddar-cheese-filling/22313,https://www.mealime.com/recipes/celery-hard-boiled-egg-cheddar-cheese-filling/22312
apple-slices-cinnamon-honey-peanut-butter,22301,https://www.mealime.com/recipes/apple-slices-cinnamon-honey-peanut-butter/22301,https://www.mealime.com/recipes/apple-slices-cinnamon-honey-peanut-butter/22300
alfredo-macaroni-butternut-squash-bake-spinach-apple-salad,22295,https://www.mealime.com/recipes/alfredo-macaroni-butternut-squash-bake-spinach-apple-salad/22295,https://www.mealime.com/recipes/alfredo-macaroni-butternut-squash-bake-spinach-apple-salad/22294
mediterranean-veggie-chickpea-bake-feta-tzatziki-pita,22289,https://www.mealime.com/recipes/mediterranean-veggie-chickpea-bake-feta-tzatziki-pita/22289,https://www.mealime.com/recipes/mediterranean-veggie-chickpea-bake-feta-tzatziki-pita/22288
thai-peanut-coconut-soup-parsnip-zucchini-butternut-squash,22283,https://www.mealime.com/recipes/thai-peanut-coconut-soup-parsnip-zucchini-butternut-squash/22283,https://www.mealime.com/recipes/thai-peanut-coconut-soup-parsnip-zucchini-butternut-squash/22282
ham-cheese-potato-soup-honey-mustard-pear-spinach-salad,22277,https://www.mealime.com/recipes/ham-cheese-potato-soup-honey-mustard-pear-spinach-salad/22277,https://www.mealime.com/recipes/ham-cheese-potato-soup-honey-mustard-pear-spinach-salad/22276
grilled-chicken-salad-goat-cheese-fresh-raspberries-pecans,22265,https://www.mealime.com/recipes/grilled-chicken-salad-goat-cheese-fresh-raspberries-pecans/22265,https://www.mealime.com/recipes/grilled-chicken-salad-goat-cheese-fresh-raspberries-pecans/22264
seared-pork-chop-tzatziki-bell-pepper-tomato-medley-feta,22259,https://www.mealime.com/recipes/seared-pork-chop-tzatziki-bell-pepper-tomato-medley-feta/22259,https://www.mealime.com/recipes/seared-pork-chop-tzatziki-bell-pepper-tomato-medley-feta/22258
turkey-cranberry-burger-onion-goat-cheese-mixed-greens,22253,https://www.mealime.com/recipes/turkey-cranberry-burger-onion-goat-cheese-mixed-greens/22253,https://www.mealime.com/recipes/turkey-cranberry-burger-onion-goat-cheese-mixed-greens/22252
pasta-skillet-cabbage-carrot-bacon-walnuts-sage-parmesan,22205,https://www.mealime.com/recipes/pasta-skillet-cabbage-carrot-bacon-walnuts-sage-parmesan/22205,https://www.mealime.com/recipes/pasta-skillet-cabbage-carrot-bacon-walnuts-sage-parmesan/22204
hot-wings-blue-cheese-dressing-celery-carrot-mixed-green-salad,22199,https://www.mealime.com/recipes/hot-wings-blue-cheese-dressing-celery-carrot-mixed-green-salad/22199,https://www.mealime.com/recipes/hot-wings-blue-cheese-dressing-celery-carrot-mixed-green-salad/22198
curry-lime-butternut-squash-cauliflower-soup-crispy-chickpeas,22193,https://www.mealime.com/recipes/curry-lime-butternut-squash-cauliflower-soup-crispy-chickpeas/22193,https://www.mealime.com/recipes/curry-lime-butternut-squash-cauliflower-soup-crispy-chickpeas/22192
steak-tacos-bell-pepper-lettuce-guacamole-salsa,22187,https://www.mealime.com/recipes/steak-tacos-bell-pepper-lettuce-guacamole-salsa/22187,https://www.mealime.com/recipes/steak-tacos-bell-pepper-lettuce-guacamole-salsa/22186
greek-style-mezze-platter-pita-hummus-tzatziki-salad,22181,https://www.mealime.com/recipes/greek-style-mezze-platter-pita-hummus-tzatziki-salad/22181,https://www.mealime.com/recipes/greek-style-mezze-platter-pita-hummus-tzatziki-salad/22180
brussels-sprout-salad-warm-chickpeas-beet-pear-goat-cheese,22169,https://www.mealime.com/recipes/brussels-sprout-salad-warm-chickpeas-beet-pear-goat-cheese/22169,https://www.mealime.com/recipes/brussels-sprout-salad-warm-chickpeas-beet-pear-goat-cheese/22168
thai-style-shrimp-salad-carrots-peanuts-green-curry-dressing,22157,https://www.mealime.com/recipes/thai-style-shrimp-salad-carrots-peanuts-green-curry-dressing/22157,https://www.mealime.com/recipes/thai-style-shrimp-salad-carrots-peanuts-green-curry-dressing/22156
roast-sweet-potato-bowl-crispy-kale-hummus-olives-feta,22151,https://www.mealime.com/recipes/roast-sweet-potato-bowl-crispy-kale-hummus-olives-feta/22151,https://www.mealime.com/recipes/roast-sweet-potato-bowl-crispy-kale-hummus-olives-feta/22150
cheese-tortellini-cauliflower-creamy-spinach-marinara,22121,https://www.mealime.com/recipes/cheese-tortellini-cauliflower-creamy-spinach-marinara/22121,https://www.mealime.com/recipes/cheese-tortellini-cauliflower-creamy-spinach-marinara/22120
warm-beet-sweet-potato-salad-chickpeas-arugula-tahini-yogurt,22115,https://www.mealime.com/recipes/warm-beet-sweet-potato-salad-chickpeas-arugula-tahini-yogurt/22115,https://www.mealime.com/recipes/warm-beet-sweet-potato-salad-chickpeas-arugula-tahini-yogurt/22114
sheet-pan-cajun-spiced-drumsticks-zucchini-cauliflower,22109,https://www.mealime.com/recipes/sheet-pan-cajun-spiced-drumsticks-zucchini-cauliflower/22109,https://www.mealime.com/recipes/sheet-pan-cajun-spiced-drumsticks-zucchini-cauliflower/22108
baked-hoisin-drumsticks-sesame-romaine-carrot-salad,22091,https://www.mealime.com/recipes/baked-hoisin-drumsticks-sesame-romaine-carrot-salad/22091,https://www.mealime.com/recipes/baked-hoisin-drumsticks-sesame-romaine-carrot-salad/22090
kale-salad-poached-eggs-beans-warm-bacon-shallot-dressing,22085,https://www.mealime.com/recipes/kale-salad-poached-eggs-beans-warm-bacon-shallot-dressing/22085,https://www.mealime.com/recipes/kale-salad-poached-eggs-beans-warm-bacon-shallot-dressing/22084
celery-apple-quinoa-salad-peanuts-dates-parmesan-parsley,22073,https://www.mealime.com/recipes/celery-apple-quinoa-salad-peanuts-dates-parmesan-parsley/22073,https://www.mealime.com/recipes/celery-apple-quinoa-salad-peanuts-dates-parmesan-parsley/22072
sausage-brussels-sprout-mushroom-leek-bake-honey-dijon-sauce,22061,https://www.mealime.com/recipes/sausage-brussels-sprout-mushroom-leek-bake-honey-dijon-sauce/22061,https://www.mealime.com/recipes/sausage-brussels-sprout-mushroom-leek-bake-honey-dijon-sauce/22060
pasta-salad-ham-cheese-mixed-veggies-italian-dressing,22049,https://www.mealime.com/recipes/pasta-salad-ham-cheese-mixed-veggies-italian-dressing/22049,https://www.mealime.com/recipes/pasta-salad-ham-cheese-mixed-veggies-italian-dressing/22048
ravioli-skillet-bake-deli-turkey-zucchini-mushrooms,22037,https://www.mealime.com/recipes/ravioli-skillet-bake-deli-turkey-zucchini-mushrooms/22037,https://www.mealime.com/recipes/ravioli-skillet-bake-deli-turkey-zucchini-mushrooms/22036
italian-style-spinach-salad-tuna-marinated-veggies-goat-cheese,22031,https://www.mealime.com/recipes/italian-style-spinach-salad-tuna-marinated-veggies-goat-cheese/22031,https://www.mealime.com/recipes/italian-style-spinach-salad-tuna-marinated-veggies-goat-cheese/22030
hummus-veggie-burger-tomato-olive-romaine-salad,22019,https://www.mealime.com/recipes/hummus-veggie-burger-tomato-olive-romaine-salad/22019,https://www.mealime.com/recipes/hummus-veggie-burger-tomato-olive-romaine-salad/22018
basil-pesto-pasta-chicken-roasted-asparagus-zucchini-tomato,21995,https://www.mealime.com/recipes/basil-pesto-pasta-chicken-roasted-asparagus-zucchini-tomato/21995,https://www.mealime.com/recipes/basil-pesto-pasta-chicken-roasted-asparagus-zucchini-tomato/21994
spicy-mexican-style-ground-beef-frittata-pico-de-gallo,21983,https://www.mealime.com/recipes/spicy-mexican-style-ground-beef-frittata-pico-de-gallo/21983,https://www.mealime.com/recipes/spicy-mexican-style-ground-beef-frittata-pico-de-gallo/21982
tandoori-chicken-burger-cucumber-raita-spinach-apple-salad,21947,https://www.mealime.com/recipes/tandoori-chicken-burger-cucumber-raita-spinach-apple-salad/21947,https://www.mealime.com/recipes/tandoori-chicken-burger-cucumber-raita-spinach-apple-salad/21946
spicy-ginger-chicken-stir-fry-noodles-carrots-bok-choy,21935,https://www.mealime.com/recipes/spicy-ginger-chicken-stir-fry-noodles-carrots-bok-choy/21935,https://www.mealime.com/recipes/spicy-ginger-chicken-stir-fry-noodles-carrots-bok-choy/21934
thai-red-curry-lentil-stew-sweet-potato-green-beans-yogurt,21905,https://www.mealime.com/recipes/thai-red-curry-lentil-stew-sweet-potato-green-beans-yogurt/21905,https://www.mealime.com/recipes/thai-red-curry-lentil-stew-sweet-potato-green-beans-yogurt/21904
thai-peanut-chicken-noodle-salad-bell-pepper-cucumber-carrot,21899,https://www.mealime.com/recipes/thai-peanut-chicken-noodle-salad-bell-pepper-cucumber-carrot/21899,https://www.mealime.com/recipes/thai-peanut-chicken-noodle-salad-bell-pepper-cucumber-carrot/21898
crispy-pork-schnitzel-ranch-dressed-apple-broccoli-slaw,21893,https://www.mealime.com/recipes/crispy-pork-schnitzel-ranch-dressed-apple-broccoli-slaw/21893,https://www.mealime.com/recipes/crispy-pork-schnitzel-ranch-dressed-apple-broccoli-slaw/21892
chicken-salad-kale-roasted-squash-goat-cheese-walnuts,21881,https://www.mealime.com/recipes/chicken-salad-kale-roasted-squash-goat-cheese-walnuts/21881,https://www.mealime.com/recipes/chicken-salad-kale-roasted-squash-goat-cheese-walnuts/21880
shrimp-scampi-pita-pizza-cucumber-bell-pepper-romaine-salad,21875,https://www.mealime.com/recipes/shrimp-scampi-pita-pizza-cucumber-bell-pepper-romaine-salad/21875,https://www.mealime.com/recipes/shrimp-scampi-pita-pizza-cucumber-bell-pepper-romaine-salad/21874
creamy-beet-potato-apple-soup-crispy-prosciutto,21869,https://www.mealime.com/recipes/creamy-beet-potato-apple-soup-crispy-prosciutto/21869,https://www.mealime.com/recipes/creamy-beet-potato-apple-soup-crispy-prosciutto/21868
smoked-salmon-sandwich-lettuce-tomato-avocado-chopped-salad,21857,https://www.mealime.com/recipes/smoked-salmon-sandwich-lettuce-tomato-avocado-chopped-salad/21857,https://www.mealime.com/recipes/smoked-salmon-sandwich-lettuce-tomato-avocado-chopped-salad/21856
sauteed-kale-caesar-penne-almonds-bread-crumbs-parmesan,21833,https://www.mealime.com/recipes/sauteed-kale-caesar-penne-almonds-bread-crumbs-parmesan/21833,https://www.mealime.com/recipes/sauteed-kale-caesar-penne-almonds-bread-crumbs-parmesan/21832
spicy-tofu-rice-bowl-broccoli-mushrooms-soy-tahini-dressing,21821,https://www.mealime.com/recipes/spicy-tofu-rice-bowl-broccoli-mushrooms-soy-tahini-dressing/21821,https://www.mealime.com/recipes/spicy-tofu-rice-bowl-broccoli-mushrooms-soy-tahini-dressing/21820
cheesy-french-onion-beef-potato-skillet-sauteed-spinach,21779,https://www.mealime.com/recipes/cheesy-french-onion-beef-potato-skillet-sauteed-spinach/21779,https://www.mealime.com/recipes/cheesy-french-onion-beef-potato-skillet-sauteed-spinach/21778
spinach-artichoke-dip-gnocchi-bake-cauliflower,21773,https://www.mealime.com/recipes/spinach-artichoke-dip-gnocchi-bake-cauliflower/21773,https://www.mealime.com/recipes/spinach-artichoke-dip-gnocchi-bake-cauliflower/21772
spicy-peanut-shrimp-stir-fry-broccoli-carrot-rice,21767,https://www.mealime.com/recipes/spicy-peanut-shrimp-stir-fry-broccoli-carrot-rice/21767,https://www.mealime.com/recipes/spicy-peanut-shrimp-stir-fry-broccoli-carrot-rice/21766
fettuccine-alfredo-ham-bell-pepper-zucchini-parsley,21743,https://www.mealime.com/recipes/fettuccine-alfredo-ham-bell-pepper-zucchini-parsley/21743,https://www.mealime.com/recipes/fettuccine-alfredo-ham-bell-pepper-zucchini-parsley/21742
spicy-chicken-parmesan-sauteed-garlicky-kale,21737,https://www.mealime.com/recipes/spicy-chicken-parmesan-sauteed-garlicky-kale/21737,https://www.mealime.com/recipes/spicy-chicken-parmesan-sauteed-garlicky-kale/21736
fried-cauliflower-rice-bacon-spinach-mushrooms-eggs,21695,https://www.mealime.com/recipes/fried-cauliflower-rice-bacon-spinach-mushrooms-eggs/21695,https://www.mealime.com/recipes/fried-cauliflower-rice-bacon-spinach-mushrooms-eggs/21694
sesame-crusted-cod-green-bean-bell-pepper-saute-rice,21671,https://www.mealime.com/recipes/sesame-crusted-cod-green-bean-bell-pepper-saute-rice/21671,https://www.mealime.com/recipes/sesame-crusted-cod-green-bean-bell-pepper-saute-rice/21670
spicy-italian-style-sausage-bake-peppers-eggplant-pine-nuts,21638,https://www.mealime.com/recipes/spicy-italian-style-sausage-bake-peppers-eggplant-pine-nuts/21638,https://www.mealime.com/recipes/spicy-italian-style-sausage-bake-peppers-eggplant-pine-nuts/21637
lemon-garlic-chicken-skewers-cucumber-peach-basil-feta-salad,21602,https://www.mealime.com/recipes/lemon-garlic-chicken-skewers-cucumber-peach-basil-feta-salad/21602,https://www.mealime.com/recipes/lemon-garlic-chicken-skewers-cucumber-peach-basil-feta-salad/21601
chicken-wrap-curried-pineapple-apricot-chutney-mixed-greens,21584,https://www.mealime.com/recipes/chicken-wrap-curried-pineapple-apricot-chutney-mixed-greens/21584,https://www.mealime.com/recipes/chicken-wrap-curried-pineapple-apricot-chutney-mixed-greens/21583
thai-red-curry-chicken-broccoli-sesame-corn-on-the-cob,21572,https://www.mealime.com/recipes/thai-red-curry-chicken-broccoli-sesame-corn-on-the-cob/21572,https://www.mealime.com/recipes/thai-red-curry-chicken-broccoli-sesame-corn-on-the-cob/21571
baked-sesame-beef-broccoli-red-pepper-green-onion-rice,21554,https://www.mealime.com/recipes/baked-sesame-beef-broccoli-red-pepper-green-onion-rice/21554,https://www.mealime.com/recipes/baked-sesame-beef-broccoli-red-pepper-green-onion-rice/21553
everything-spice-crusted-salmon-avocado-cucumber-caper-salad,21500,https://www.mealime.com/recipes/everything-spice-crusted-salmon-avocado-cucumber-caper-salad/21500,https://www.mealime.com/recipes/everything-spice-crusted-salmon-avocado-cucumber-caper-salad/21499
white-bean-asparagus-mushroom-saute-over-parmesan-polenta,21476,https://www.mealime.com/recipes/white-bean-asparagus-mushroom-saute-over-parmesan-polenta/21476,https://www.mealime.com/recipes/white-bean-asparagus-mushroom-saute-over-parmesan-polenta/21475
japanese-style-breaded-tofu-katsu-sesame-veggie-slaw-rice,21464,https://www.mealime.com/recipes/japanese-style-breaded-tofu-katsu-sesame-veggie-slaw-rice/21464,https://www.mealime.com/recipes/japanese-style-breaded-tofu-katsu-sesame-veggie-slaw-rice/21463
steak-salad-walnuts-goat-cheese-blueberry-basil-dressing,21446,https://www.mealime.com/recipes/steak-salad-walnuts-goat-cheese-blueberry-basil-dressing/21446,https://www.mealime.com/recipes/steak-salad-walnuts-goat-cheese-blueberry-basil-dressing/21445
nicoise-style-tuna-salad-sandwich-eggs-olives-dressed-greens,21428,https://www.mealime.com/recipes/nicoise-style-tuna-salad-sandwich-eggs-olives-dressed-greens/21428,https://www.mealime.com/recipes/nicoise-style-tuna-salad-sandwich-eggs-olives-dressed-greens/21427
spicy-turkey-club-wrap-prosciutto-french-dressed-greens,21416,https://www.mealime.com/recipes/spicy-turkey-club-wrap-prosciutto-french-dressed-greens/21416,https://www.mealime.com/recipes/spicy-turkey-club-wrap-prosciutto-french-dressed-greens/21415
hoisin-pork-stir-fry-soba-noodles-broccoli-celery-ginger,21404,https://www.mealime.com/recipes/hoisin-pork-stir-fry-soba-noodles-broccoli-celery-ginger/21404,https://www.mealime.com/recipes/hoisin-pork-stir-fry-soba-noodles-broccoli-celery-ginger/21403
deli-turkey-sandwich-sun-dried-tomato-aioli-side-salad,21392,https://www.mealime.com/recipes/deli-turkey-sandwich-sun-dried-tomato-aioli-side-salad/21392,https://www.mealime.com/recipes/deli-turkey-sandwich-sun-dried-tomato-aioli-side-salad/21391
broiled-pork-chop-green-beans-peppers-tahini-yogurt-almonds,21374,https://www.mealime.com/recipes/broiled-pork-chop-green-beans-peppers-tahini-yogurt-almonds/21374,https://www.mealime.com/recipes/broiled-pork-chop-green-beans-peppers-tahini-yogurt-almonds/21373
honey-dijon-arugula-salad-chicken-potato-pear-goat-cheese,21332,https://www.mealime.com/recipes/honey-dijon-arugula-salad-chicken-potato-pear-goat-cheese/21332,https://www.mealime.com/recipes/honey-dijon-arugula-salad-chicken-potato-pear-goat-cheese/21331
pork-chop-pinto-bean-salad-cowboy-caviar-cilantro-dressing,21308,https://www.mealime.com/recipes/pork-chop-pinto-bean-salad-cowboy-caviar-cilantro-dressing/21308,https://www.mealime.com/recipes/pork-chop-pinto-bean-salad-cowboy-caviar-cilantro-dressing/21307
kidney-bean-bell-pepper-carrot-coconut-curry-cilantro-naan,21296,https://www.mealime.com/recipes/kidney-bean-bell-pepper-carrot-coconut-curry-cilantro-naan/21296,https://www.mealime.com/recipes/kidney-bean-bell-pepper-carrot-coconut-curry-cilantro-naan/21295
hawaiian-style-ham-sandwich-pineapple-avocado-ranch-coleslaw,21266,https://www.mealime.com/recipes/hawaiian-style-ham-sandwich-pineapple-avocado-ranch-coleslaw/21266,https://www.mealime.com/recipes/hawaiian-style-ham-sandwich-pineapple-avocado-ranch-coleslaw/21265
sesame-steak-snap-pea-stir-fry-roasted-miso-cauliflower,21254,https://www.mealime.com/recipes/sesame-steak-snap-pea-stir-fry-roasted-miso-cauliflower/21254,https://www.mealime.com/recipes/sesame-steak-snap-pea-stir-fry-roasted-miso-cauliflower/21253
chicken-caesar-salad-pitas-strawberries-lime-yogurt-dip,21242,https://www.mealime.com/recipes/chicken-caesar-salad-pitas-strawberries-lime-yogurt-dip/21242,https://www.mealime.com/recipes/chicken-caesar-salad-pitas-strawberries-lime-yogurt-dip/21241
spinach-carrot-rice-noodle-soup-crispy-tofu,21158,https://www.mealime.com/recipes/spinach-carrot-rice-noodle-soup-crispy-tofu/21158,https://www.mealime.com/recipes/spinach-carrot-rice-noodle-soup-crispy-tofu/21157
sweet-chili-salmon-sandwich-avocado-ginger-tahini-dressed-salad,21140,https://www.mealime.com/recipes/sweet-chili-salmon-sandwich-avocado-ginger-tahini-dressed-salad/21140,https://www.mealime.com/recipes/sweet-chili-salmon-sandwich-avocado-ginger-tahini-dressed-salad/21139
chickpea-kale-saute-raisins-couscous-toasted-pine-nuts,21128,https://www.mealime.com/recipes/chickpea-kale-saute-raisins-couscous-toasted-pine-nuts/21128,https://www.mealime.com/recipes/chickpea-kale-saute-raisins-couscous-toasted-pine-nuts/21127
chicken-pineapple-bell-pepper-quesadilla-creamy-spinach-salad,21098,https://www.mealime.com/recipes/chicken-pineapple-bell-pepper-quesadilla-creamy-spinach-salad/21098,https://www.mealime.com/recipes/chicken-pineapple-bell-pepper-quesadilla-creamy-spinach-salad/21097
roasted-spaghetti-squash-pork-sausage-ragu-parmesan,21086,https://www.mealime.com/recipes/roasted-spaghetti-squash-pork-sausage-ragu-parmesan/21086,https://www.mealime.com/recipes/roasted-spaghetti-squash-pork-sausage-ragu-parmesan/21085
eggs-poached-in-spicy-marinara-eggs-in-purgatory-garlic-toast,21062,https://www.mealime.com/recipes/eggs-poached-in-spicy-marinara-eggs-in-purgatory-garlic-toast/21062,https://www.mealime.com/recipes/eggs-poached-in-spicy-marinara-eggs-in-purgatory-garlic-toast/21061
creamy-italian-style-sausage-mixed-vegetable-soup-basil,21044,https://www.mealime.com/recipes/creamy-italian-style-sausage-mixed-vegetable-soup-basil/21044,https://www.mealime.com/recipes/creamy-italian-style-sausage-mixed-vegetable-soup-basil/21043
mexican-spiced-salmon-walnut-guacamole-bell-pepper-corn-saute,21014,https://www.mealime.com/recipes/mexican-spiced-salmon-walnut-guacamole-bell-pepper-corn-saute/21014,https://www.mealime.com/recipes/mexican-spiced-salmon-walnut-guacamole-bell-pepper-corn-saute/21013
indian-egg-tomato-spinach-curry-toasted-naan-bread,21008,https://www.mealime.com/recipes/indian-egg-tomato-spinach-curry-toasted-naan-bread/21008,https://www.mealime.com/recipes/indian-egg-tomato-spinach-curry-toasted-naan-bread/21007
tortellini-pasta-salad-roasted-red-peppers-arugula-parmesan,21002,https://www.mealime.com/recipes/tortellini-pasta-salad-roasted-red-peppers-arugula-parmesan/21002,https://www.mealime.com/recipes/tortellini-pasta-salad-roasted-red-peppers-arugula-parmesan/21001
tortellini-chickpea-spinach-tomato-soup-basil,20990,https://www.mealime.com/recipes/tortellini-chickpea-spinach-tomato-soup-basil/20990,https://www.mealime.com/recipes/tortellini-chickpea-spinach-tomato-soup-basil/20989
crispy-prosciutto-peach-mozzarella-sandwich-italian-salad,20966,https://www.mealime.com/recipes/crispy-prosciutto-peach-mozzarella-sandwich-italian-salad/20966,https://www.mealime.com/recipes/crispy-prosciutto-peach-mozzarella-sandwich-italian-salad/20965
spicy-sesame-soba-noodles-kale-green-onion-soft-boiled-eggs,20942,https://www.mealime.com/recipes/spicy-sesame-soba-noodles-kale-green-onion-soft-boiled-eggs/20942,https://www.mealime.com/recipes/spicy-sesame-soba-noodles-kale-green-onion-soft-boiled-eggs/20941
cold-soba-noodle-edamame-veggie-salad-curried-coconut-dressing,20930,https://www.mealime.com/recipes/cold-soba-noodle-edamame-veggie-salad-curried-coconut-dressing/20930,https://www.mealime.com/recipes/cold-soba-noodle-edamame-veggie-salad-curried-coconut-dressing/20929
cheesy-black-bean-polenta-stacks-salsa-creamy-avocado-slaw,20918,https://www.mealime.com/recipes/cheesy-black-bean-polenta-stacks-salsa-creamy-avocado-slaw/20918,https://www.mealime.com/recipes/cheesy-black-bean-polenta-stacks-salsa-creamy-avocado-slaw/20917
cheddar-crusted-chicken-mashed-sweet-potatoes-roasted-broccoli,20894,https://www.mealime.com/recipes/cheddar-crusted-chicken-mashed-sweet-potatoes-roasted-broccoli/20894,https://www.mealime.com/recipes/cheddar-crusted-chicken-mashed-sweet-potatoes-roasted-broccoli/20893
grilled-eggplant-garlic-tahini-sauce-pistachios-chickpea-salad,20882,https://www.mealime.com/recipes/grilled-eggplant-garlic-tahini-sauce-pistachios-chickpea-salad/20882,https://www.mealime.com/recipes/grilled-eggplant-garlic-tahini-sauce-pistachios-chickpea-salad/20881
chicken-kofta-over-turmeric-rice-cucumber-tomato-mint-raita,20858,https://www.mealime.com/recipes/chicken-kofta-over-turmeric-rice-cucumber-tomato-mint-raita/20858,https://www.mealime.com/recipes/chicken-kofta-over-turmeric-rice-cucumber-tomato-mint-raita/20857
chicken-tacos-spicy-mango-bell-pepper-cilantro-salsa,20834,https://www.mealime.com/recipes/chicken-tacos-spicy-mango-bell-pepper-cilantro-salsa/20834,https://www.mealime.com/recipes/chicken-tacos-spicy-mango-bell-pepper-cilantro-salsa/20833
sesame-crusted-chicken-snap-pea-cucumber-cilantro-salad,20816,https://www.mealime.com/recipes/sesame-crusted-chicken-snap-pea-cucumber-cilantro-salad/20816,https://www.mealime.com/recipes/sesame-crusted-chicken-snap-pea-cucumber-cilantro-salad/20815
butter-lettuce-salad-tuna-potato-orange-avocado-olives,20798,https://www.mealime.com/recipes/butter-lettuce-salad-tuna-potato-orange-avocado-olives/20798,https://www.mealime.com/recipes/butter-lettuce-salad-tuna-potato-orange-avocado-olives/20797
ny-steak-herbed-polenta-fries-tomato-bell-pepper-arugula-salad,20774,https://www.mealime.com/recipes/ny-steak-herbed-polenta-fries-tomato-bell-pepper-arugula-salad/20774,https://www.mealime.com/recipes/ny-steak-herbed-polenta-fries-tomato-bell-pepper-arugula-salad/20773
basil-balsamic-spaghetti-shrimp-eggplant-tomato-feta,20750,https://www.mealime.com/recipes/basil-balsamic-spaghetti-shrimp-eggplant-tomato-feta/20750,https://www.mealime.com/recipes/basil-balsamic-spaghetti-shrimp-eggplant-tomato-feta/20749
spicy-thai-inspired-meatball-salad-kale-peppers-fresh-herbs,20726,https://www.mealime.com/recipes/spicy-thai-inspired-meatball-salad-kale-peppers-fresh-herbs/20726,https://www.mealime.com/recipes/spicy-thai-inspired-meatball-salad-kale-peppers-fresh-herbs/20725
baked-honey-mustard-miso-salmon-mixed-veggie-almond-slaw,20720,https://www.mealime.com/recipes/baked-honey-mustard-miso-salmon-mixed-veggie-almond-slaw/20720,https://www.mealime.com/recipes/baked-honey-mustard-miso-salmon-mixed-veggie-almond-slaw/20719
open-face-chicken-mushroom-gravy-buns-fresh-orange,20696,https://www.mealime.com/recipes/open-face-chicken-mushroom-gravy-buns-fresh-orange/20696,https://www.mealime.com/recipes/open-face-chicken-mushroom-gravy-buns-fresh-orange/20695
beef-taco-salad-romaine-tomato-tortilla-chips-cheese-salsa,20678,https://www.mealime.com/recipes/beef-taco-salad-romaine-tomato-tortilla-chips-cheese-salsa/20678,https://www.mealime.com/recipes/beef-taco-salad-romaine-tomato-tortilla-chips-cheese-salsa/20677
indian-tomato-spinach-soup-blue-cheese-roasted-red-pepper-naan,20666,https://www.mealime.com/recipes/indian-tomato-spinach-soup-blue-cheese-roasted-red-pepper-naan/20666,https://www.mealime.com/recipes/indian-tomato-spinach-soup-blue-cheese-roasted-red-pepper-naan/20665
arugula-salad-sausage-bell-pepper-parmesan-pine-nuts-basil,20654,https://www.mealime.com/recipes/arugula-salad-sausage-bell-pepper-parmesan-pine-nuts-basil/20654,https://www.mealime.com/recipes/arugula-salad-sausage-bell-pepper-parmesan-pine-nuts-basil/20653
grilled-carrot-zucchini-salad-cumin-dressing-couscous-ricotta,20648,https://www.mealime.com/recipes/grilled-carrot-zucchini-salad-cumin-dressing-couscous-ricotta/20648,https://www.mealime.com/recipes/grilled-carrot-zucchini-salad-cumin-dressing-couscous-ricotta/20647
lemon-dijon-drumsticks-roast-potatoes-spinach-artichoke-salad,20636,https://www.mealime.com/recipes/lemon-dijon-drumsticks-roast-potatoes-spinach-artichoke-salad/20636,https://www.mealime.com/recipes/lemon-dijon-drumsticks-roast-potatoes-spinach-artichoke-salad/20635
chili-spiced-pumpkin-soup-pork-cauliflower-cilantro-lime,20624,https://www.mealime.com/recipes/chili-spiced-pumpkin-soup-pork-cauliflower-cilantro-lime/20624,https://www.mealime.com/recipes/chili-spiced-pumpkin-soup-pork-cauliflower-cilantro-lime/20623
buffalo-chicken-salad-carrot-celery-blue-cheese-spicy-ranch,20618,https://www.mealime.com/recipes/buffalo-chicken-salad-carrot-celery-blue-cheese-spicy-ranch/20618,https://www.mealime.com/recipes/buffalo-chicken-salad-carrot-celery-blue-cheese-spicy-ranch/20617
sheet-pan-cajun-shrimp-fajitas-bell-pepper-onion-spicy-ranch,20612,https://www.mealime.com/recipes/sheet-pan-cajun-shrimp-fajitas-bell-pepper-onion-spicy-ranch/20612,https://www.mealime.com/recipes/sheet-pan-cajun-shrimp-fajitas-bell-pepper-onion-spicy-ranch/20611
shrimp-louie-salad-hard-boiled-egg-lettuce-avocado-tomato,20594,https://www.mealime.com/recipes/shrimp-louie-salad-hard-boiled-egg-lettuce-avocado-tomato/20594,https://www.mealime.com/recipes/shrimp-louie-salad-hard-boiled-egg-lettuce-avocado-tomato/20593
moroccan-style-turkey-meatball-stew-carrot-couscous-herbs,20543,https://www.mealime.com/recipes/moroccan-style-turkey-meatball-stew-carrot-couscous-herbs/20543,https://www.mealime.com/recipes/moroccan-style-turkey-meatball-stew-carrot-couscous-herbs/20542
smoked-salmon-cream-cheese-cucumber-roll-ups-side-salad,20531,https://www.mealime.com/recipes/smoked-salmon-cream-cheese-cucumber-roll-ups-side-salad/20531,https://www.mealime.com/recipes/smoked-salmon-cream-cheese-cucumber-roll-ups-side-salad/20530
spinach-salad-veggie-sausage-lentils-lemon-dijon-dressing,20507,https://www.mealime.com/recipes/spinach-salad-veggie-sausage-lentils-lemon-dijon-dressing/20507,https://www.mealime.com/recipes/spinach-salad-veggie-sausage-lentils-lemon-dijon-dressing/20506
seared-ribeye-ginger-cilantro-cucumber-salad-cauliflower-rice,20501,https://www.mealime.com/recipes/seared-ribeye-ginger-cilantro-cucumber-salad-cauliflower-rice/20501,https://www.mealime.com/recipes/seared-ribeye-ginger-cilantro-cucumber-salad-cauliflower-rice/20500
roast-chicken-thighs-oregano-aioli-beet-cucumber-salad,20477,https://www.mealime.com/recipes/roast-chicken-thighs-oregano-aioli-beet-cucumber-salad/20477,https://www.mealime.com/recipes/roast-chicken-thighs-oregano-aioli-beet-cucumber-salad/20476
spicy-thai-red-curry-basil-egg-salad-sandwich-apple-mango-medley,20465,https://www.mealime.com/recipes/spicy-thai-red-curry-basil-egg-salad-sandwich-apple-mango-medley/20465,https://www.mealime.com/recipes/spicy-thai-red-curry-basil-egg-salad-sandwich-apple-mango-medley/20464
honey-mustard-chicken-salad-strawberries-avocado-corn,20435,https://www.mealime.com/recipes/honey-mustard-chicken-salad-strawberries-avocado-corn/20435,https://www.mealime.com/recipes/honey-mustard-chicken-salad-strawberries-avocado-corn/20434
pan-fried-sausage-cheesy-brussels-sprouts-broccoli,20411,https://www.mealime.com/recipes/pan-fried-sausage-cheesy-brussels-sprouts-broccoli/20411,https://www.mealime.com/recipes/pan-fried-sausage-cheesy-brussels-sprouts-broccoli/20410
turkey-basil-fettuccine-bell-peppers-broccoli,20380,https://www.mealime.com/recipes/turkey-basil-fettuccine-bell-peppers-broccoli/20380,https://www.mealime.com/recipes/turkey-basil-fettuccine-bell-peppers-broccoli/20379
pan-seared-salmon-soy-tossed-mushrooms-zucchini-thyme-rice,20356,https://www.mealime.com/recipes/pan-seared-salmon-soy-tossed-mushrooms-zucchini-thyme-rice/20356,https://www.mealime.com/recipes/pan-seared-salmon-soy-tossed-mushrooms-zucchini-thyme-rice/20355
quinoa-bowl-salmon-skewers-spinach-radish-chili-garlic-sauce,20314,https://www.mealime.com/recipes/quinoa-bowl-salmon-skewers-spinach-radish-chili-garlic-sauce/20314,https://www.mealime.com/recipes/quinoa-bowl-salmon-skewers-spinach-radish-chili-garlic-sauce/20313
waldorf-chicken-salad-pitas-mixed-greens-red-grape-salad,20295,https://www.mealime.com/recipes/waldorf-chicken-salad-pitas-mixed-greens-red-grape-salad/20295,https://www.mealime.com/recipes/waldorf-chicken-salad-pitas-mixed-greens-red-grape-salad/20294
seared-pork-chop-cranberry-pear-pan-sauce-parsnips-carrots,20271,https://www.mealime.com/recipes/seared-pork-chop-cranberry-pear-pan-sauce-parsnips-carrots/20271,https://www.mealime.com/recipes/seared-pork-chop-cranberry-pear-pan-sauce-parsnips-carrots/20270
pan-fried-zucchini-egg-nests-bacon-tomato,20235,https://www.mealime.com/recipes/pan-fried-zucchini-egg-nests-bacon-tomato/20235,https://www.mealime.com/recipes/pan-fried-zucchini-egg-nests-bacon-tomato/20234
kale-salad-nutty-middle-eastern-spiced-dukkah-eggs-flatbread,20205,https://www.mealime.com/recipes/kale-salad-nutty-middle-eastern-spiced-dukkah-eggs-flatbread/20205,https://www.mealime.com/recipes/kale-salad-nutty-middle-eastern-spiced-dukkah-eggs-flatbread/20204
roast-butternut-squash-fresh-mozzarella-couscous-arugula-salad,20181,https://www.mealime.com/recipes/roast-butternut-squash-fresh-mozzarella-couscous-arugula-salad/20181,https://www.mealime.com/recipes/roast-butternut-squash-fresh-mozzarella-couscous-arugula-salad/20180
british-style-breakfast-bacon-fried-egg-portobello-tomato,20151,https://www.mealime.com/recipes/british-style-breakfast-bacon-fried-egg-portobello-tomato/20151,https://www.mealime.com/recipes/british-style-breakfast-bacon-fried-egg-portobello-tomato/20150
chicken-kale-cauliflower-skillet-melty-mozzarella,20139,https://www.mealime.com/recipes/chicken-kale-cauliflower-skillet-melty-mozzarella/20139,https://www.mealime.com/recipes/chicken-kale-cauliflower-skillet-melty-mozzarella/20138
bbq-roasted-sausage-carrot-zucchini-pepper-medley-couscous,20127,https://www.mealime.com/recipes/bbq-roasted-sausage-carrot-zucchini-pepper-medley-couscous/20127,https://www.mealime.com/recipes/bbq-roasted-sausage-carrot-zucchini-pepper-medley-couscous/20126
chicken-ranch-pita-pizza-corn-spicy-honey-romaine-salad,20109,https://www.mealime.com/recipes/chicken-ranch-pita-pizza-corn-spicy-honey-romaine-salad/20109,https://www.mealime.com/recipes/chicken-ranch-pita-pizza-corn-spicy-honey-romaine-salad/20108
breaded-pork-chop-curry-roasted-cauliflower-apple-raisin-salad,20043,https://www.mealime.com/recipes/breaded-pork-chop-curry-roasted-cauliflower-apple-raisin-salad/20043,https://www.mealime.com/recipes/breaded-pork-chop-curry-roasted-cauliflower-apple-raisin-salad/20042
one-pot-turkey-taco-pasta-bell-pepper-shredded-lettuce-yogurt,20019,https://www.mealime.com/recipes/one-pot-turkey-taco-pasta-bell-pepper-shredded-lettuce-yogurt/20019,https://www.mealime.com/recipes/one-pot-turkey-taco-pasta-bell-pepper-shredded-lettuce-yogurt/20018
toast-cream-cheese-honey-crushed-raspberries-pistachios,20001,https://www.mealime.com/recipes/toast-cream-cheese-honey-crushed-raspberries-pistachios/20001,https://www.mealime.com/recipes/toast-cream-cheese-honey-crushed-raspberries-pistachios/20000
pan-seared-ribeye-steak-sauce-broccoli-asparagus-saute,19989,https://www.mealime.com/recipes/pan-seared-ribeye-steak-sauce-broccoli-asparagus-saute/19989,https://www.mealime.com/recipes/pan-seared-ribeye-steak-sauce-broccoli-asparagus-saute/19988
bacon-lettuce-avocado-tomato-sandwich-mixed-salad,19965,https://www.mealime.com/recipes/bacon-lettuce-avocado-tomato-sandwich-mixed-salad/19965,https://www.mealime.com/recipes/bacon-lettuce-avocado-tomato-sandwich-mixed-salad/19964
brazilian-seafood-stew-moqueca-shrimp-cod-bell-pepper-lime,19959,https://www.mealime.com/recipes/brazilian-seafood-stew-moqueca-shrimp-cod-bell-pepper-lime/19959,https://www.mealime.com/recipes/brazilian-seafood-stew-moqueca-shrimp-cod-bell-pepper-lime/19958
broiled-lemon-cod-bean-corn-cucumber-cilantro-feta-salad,19896,https://www.mealime.com/recipes/broiled-lemon-cod-bean-corn-cucumber-cilantro-feta-salad/19896,https://www.mealime.com/recipes/broiled-lemon-cod-bean-corn-cucumber-cilantro-feta-salad/19895
quinoa-bowl-kale-chips-marinated-chickpeas-tahini-dressing,19890,https://www.mealime.com/recipes/quinoa-bowl-kale-chips-marinated-chickpeas-tahini-dressing/19890,https://www.mealime.com/recipes/quinoa-bowl-kale-chips-marinated-chickpeas-tahini-dressing/19889
teriyaki-turkey-burger-grilled-onions-pineapple-broccoli-slaw,19878,https://www.mealime.com/recipes/teriyaki-turkey-burger-grilled-onions-pineapple-broccoli-slaw/19878,https://www.mealime.com/recipes/teriyaki-turkey-burger-grilled-onions-pineapple-broccoli-slaw/19877
hearty-chicken-soup-gnocchi-bell-pepper-spinach-thyme,19872,https://www.mealime.com/recipes/hearty-chicken-soup-gnocchi-bell-pepper-spinach-thyme/19872,https://www.mealime.com/recipes/hearty-chicken-soup-gnocchi-bell-pepper-spinach-thyme/19871
shrimp-fettuccine-tikka-masala-sauce-zucchini-peppers-peas,19842,https://www.mealime.com/recipes/shrimp-fettuccine-tikka-masala-sauce-zucchini-peppers-peas/19842,https://www.mealime.com/recipes/shrimp-fettuccine-tikka-masala-sauce-zucchini-peppers-peas/19841
bbq-pork-chop-corn-on-the-cob-creamy-broccoli-slaw,19824,https://www.mealime.com/recipes/bbq-pork-chop-corn-on-the-cob-creamy-broccoli-slaw/19824,https://www.mealime.com/recipes/bbq-pork-chop-corn-on-the-cob-creamy-broccoli-slaw/19823
cheesy-portobello-mushroom-burger-blueberry-bbq-sauce-salad,19812,https://www.mealime.com/recipes/cheesy-portobello-mushroom-burger-blueberry-bbq-sauce-salad/19812,https://www.mealime.com/recipes/cheesy-portobello-mushroom-burger-blueberry-bbq-sauce-salad/19811
beef-burger-balsamic-bbq-sauce-portobello-mushrooms-peppers,19794,https://www.mealime.com/recipes/beef-burger-balsamic-bbq-sauce-portobello-mushrooms-peppers/19794,https://www.mealime.com/recipes/beef-burger-balsamic-bbq-sauce-portobello-mushrooms-peppers/19793
sheet-pan-sweet-potato-hash-peppers-fried-eggs-paprika-aioli,19770,https://www.mealime.com/recipes/sheet-pan-sweet-potato-hash-peppers-fried-eggs-paprika-aioli/19770,https://www.mealime.com/recipes/sheet-pan-sweet-potato-hash-peppers-fried-eggs-paprika-aioli/19769
pan-fried-tilapia-couscous-orange-avocado-salad,19758,https://www.mealime.com/recipes/pan-fried-tilapia-couscous-orange-avocado-salad/19758,https://www.mealime.com/recipes/pan-fried-tilapia-couscous-orange-avocado-salad/19757
pork-portobello-mushroom-zucchini-noodle-soup-sesame-seeds,19722,https://www.mealime.com/recipes/pork-portobello-mushroom-zucchini-noodle-soup-sesame-seeds/19722,https://www.mealime.com/recipes/pork-portobello-mushroom-zucchini-noodle-soup-sesame-seeds/19721
grilled-chicken-burger-raspberry-bbq-sauce-asparagus-peppers,19698,https://www.mealime.com/recipes/grilled-chicken-burger-raspberry-bbq-sauce-asparagus-peppers/19698,https://www.mealime.com/recipes/grilled-chicken-burger-raspberry-bbq-sauce-asparagus-peppers/19697
taco-beef-potato-zucchini-bell-pepper-bake-yogurt,19668,https://www.mealime.com/recipes/taco-beef-potato-zucchini-bell-pepper-bake-yogurt/19668,https://www.mealime.com/recipes/taco-beef-potato-zucchini-bell-pepper-bake-yogurt/19667
grilled-balsamic-steak-skewers-greek-salad-tzatziki-sauce,19662,https://www.mealime.com/recipes/grilled-balsamic-steak-skewers-greek-salad-tzatziki-sauce/19662,https://www.mealime.com/recipes/grilled-balsamic-steak-skewers-greek-salad-tzatziki-sauce/19661
filipino-beef-skillet-giniling-potatoes-peppers-raisins,19626,https://www.mealime.com/recipes/filipino-beef-skillet-giniling-potatoes-peppers-raisins/19626,https://www.mealime.com/recipes/filipino-beef-skillet-giniling-potatoes-peppers-raisins/19625
spicy-chicken-scrambled-egg-wrap-mango-spinach-salad,19614,https://www.mealime.com/recipes/spicy-chicken-scrambled-egg-wrap-mango-spinach-salad/19614,https://www.mealime.com/recipes/spicy-chicken-scrambled-egg-wrap-mango-spinach-salad/19613
british-style-sausage-mashed-potatoes-onion-gravy-kale-salad,19578,https://www.mealime.com/recipes/british-style-sausage-mashed-potatoes-onion-gravy-kale-salad/19578,https://www.mealime.com/recipes/british-style-sausage-mashed-potatoes-onion-gravy-kale-salad/19577
grilled-apple-bbq-chicken-skewers-snap-pea-lime-radish-salad,19554,https://www.mealime.com/recipes/grilled-apple-bbq-chicken-skewers-snap-pea-lime-radish-salad/19554,https://www.mealime.com/recipes/grilled-apple-bbq-chicken-skewers-snap-pea-lime-radish-salad/19553
spicy-asian-pork-bok-choy-snap-pea-stir-fry-over-jasmine-rice,19482,https://www.mealime.com/recipes/spicy-asian-pork-bok-choy-snap-pea-stir-fry-over-jasmine-rice/19482,https://www.mealime.com/recipes/spicy-asian-pork-bok-choy-snap-pea-stir-fry-over-jasmine-rice/19481
bacon-snap-pea-asparagus-broth-minted-ricotta-toast,19458,https://www.mealime.com/recipes/bacon-snap-pea-asparagus-broth-minted-ricotta-toast/19458,https://www.mealime.com/recipes/bacon-snap-pea-asparagus-broth-minted-ricotta-toast/19457
everything-spice-fried-egg-bowl-spinach-smoked-salmon-toast,19440,https://www.mealime.com/recipes/everything-spice-fried-egg-bowl-spinach-smoked-salmon-toast/19440,https://www.mealime.com/recipes/everything-spice-fried-egg-bowl-spinach-smoked-salmon-toast/19439
turkey-vegetable-stir-fry-carrot-cilantro-tossed-rice-noodles,19398,https://www.mealime.com/recipes/turkey-vegetable-stir-fry-carrot-cilantro-tossed-rice-noodles/19398,https://www.mealime.com/recipes/turkey-vegetable-stir-fry-carrot-cilantro-tossed-rice-noodles/19397
grilled-garlic-shrimp-skewers-pina-colada-coleslaw-rice,19386,https://www.mealime.com/recipes/grilled-garlic-shrimp-skewers-pina-colada-coleslaw-rice/19386,https://www.mealime.com/recipes/grilled-garlic-shrimp-skewers-pina-colada-coleslaw-rice/19385
ginger-soy-chicken-mozzarella-bacon-bell-peppers-mushrooms,19374,https://www.mealime.com/recipes/ginger-soy-chicken-mozzarella-bacon-bell-peppers-mushrooms/19374,https://www.mealime.com/recipes/ginger-soy-chicken-mozzarella-bacon-bell-peppers-mushrooms/19373
roast-chicken-thighs-tomato-zucchini-couscous-goat-cheese,19356,https://www.mealime.com/recipes/roast-chicken-thighs-tomato-zucchini-couscous-goat-cheese/19356,https://www.mealime.com/recipes/roast-chicken-thighs-tomato-zucchini-couscous-goat-cheese/19355
spicy-bombay-chicken-skillet-potato-tomato-zucchini-cilantro,19344,https://www.mealime.com/recipes/spicy-bombay-chicken-skillet-potato-tomato-zucchini-cilantro/19344,https://www.mealime.com/recipes/spicy-bombay-chicken-skillet-potato-tomato-zucchini-cilantro/19343
grilled-shrimp-onion-tomato-pizza-lemon-parsley-mixed-greens,19338,https://www.mealime.com/recipes/grilled-shrimp-onion-tomato-pizza-lemon-parsley-mixed-greens/19338,https://www.mealime.com/recipes/grilled-shrimp-onion-tomato-pizza-lemon-parsley-mixed-greens/19337
roasted-moroccan-spiced-drumsticks-kale-parsley-feta-salad,19326,https://www.mealime.com/recipes/roasted-moroccan-spiced-drumsticks-kale-parsley-feta-salad/19326,https://www.mealime.com/recipes/roasted-moroccan-spiced-drumsticks-kale-parsley-feta-salad/19325
pork-stuffed-pita-creamy-apple-chutney-parmesan-zucchini-spears,19296,https://www.mealime.com/recipes/pork-stuffed-pita-creamy-apple-chutney-parmesan-zucchini-spears/19296,https://www.mealime.com/recipes/pork-stuffed-pita-creamy-apple-chutney-parmesan-zucchini-spears/19295
currywurst-sausage-wrap-red-cabbage-bell-pepper-apple-slaw,19284,https://www.mealime.com/recipes/currywurst-sausage-wrap-red-cabbage-bell-pepper-apple-slaw/19284,https://www.mealime.com/recipes/currywurst-sausage-wrap-red-cabbage-bell-pepper-apple-slaw/19283
almond-pesto-pasta-salad-broccoli-greens-fresh-mozzarella,19260,https://www.mealime.com/recipes/almond-pesto-pasta-salad-broccoli-greens-fresh-mozzarella/19260,https://www.mealime.com/recipes/almond-pesto-pasta-salad-broccoli-greens-fresh-mozzarella/19259
korean-style-steak-skewers-spicy-cucumber-carrot-salad,19236,https://www.mealime.com/recipes/korean-style-steak-skewers-spicy-cucumber-carrot-salad/19236,https://www.mealime.com/recipes/korean-style-steak-skewers-spicy-cucumber-carrot-salad/19235
sausage-apple-goat-cheese-pita-pizza-arugula-cucumber-salad,19200,https://www.mealime.com/recipes/sausage-apple-goat-cheese-pita-pizza-arugula-cucumber-salad/19200,https://www.mealime.com/recipes/sausage-apple-goat-cheese-pita-pizza-arugula-cucumber-salad/19199
sausage-apple-sweet-potato-stuffing-bowl-sweet-curry-sauce,19176,https://www.mealime.com/recipes/sausage-apple-sweet-potato-stuffing-bowl-sweet-curry-sauce/19176,https://www.mealime.com/recipes/sausage-apple-sweet-potato-stuffing-bowl-sweet-curry-sauce/19175
cheesy-chicken-asparagus-bake-sun-dried-tomatoes-olives,19164,https://www.mealime.com/recipes/cheesy-chicken-asparagus-bake-sun-dried-tomatoes-olives/19164,https://www.mealime.com/recipes/cheesy-chicken-asparagus-bake-sun-dried-tomatoes-olives/19163
potato-zucchini-kidney-bean-bake-avocado-pico-de-gallo,19146,https://www.mealime.com/recipes/potato-zucchini-kidney-bean-bake-avocado-pico-de-gallo/19146,https://www.mealime.com/recipes/potato-zucchini-kidney-bean-bake-avocado-pico-de-gallo/19145
pork-chop-dijon-roasted-cabbage-arugula-pear-salad-blue-cheese,19110,https://www.mealime.com/recipes/pork-chop-dijon-roasted-cabbage-arugula-pear-salad-blue-cheese/19110,https://www.mealime.com/recipes/pork-chop-dijon-roasted-cabbage-arugula-pear-salad-blue-cheese/19109
lemon-thyme-roasted-chicken-leeks-over-mashed-butternut-squash,19056,https://www.mealime.com/recipes/lemon-thyme-roasted-chicken-leeks-over-mashed-butternut-squash/19056,https://www.mealime.com/recipes/lemon-thyme-roasted-chicken-leeks-over-mashed-butternut-squash/19055
ground-beef-mixed-veggie-skillet-mashed-potato-topping,19026,https://www.mealime.com/recipes/ground-beef-mixed-veggie-skillet-mashed-potato-topping/19026,https://www.mealime.com/recipes/ground-beef-mixed-veggie-skillet-mashed-potato-topping/19025
butternut-squash-prosciutto-blue-cheese-flatbread-arugula,19014,https://www.mealime.com/recipes/butternut-squash-prosciutto-blue-cheese-flatbread-arugula/19014,https://www.mealime.com/recipes/butternut-squash-prosciutto-blue-cheese-flatbread-arugula/19013
grilled-veggie-sausage-bell-peppers-creamy-dill-potato-salad,19002,https://www.mealime.com/recipes/grilled-veggie-sausage-bell-peppers-creamy-dill-potato-salad/19002,https://www.mealime.com/recipes/grilled-veggie-sausage-bell-peppers-creamy-dill-potato-salad/19001
chicken-soba-noodle-salad-edamame-cilantro-peanut-dressing,18990,https://www.mealime.com/recipes/chicken-soba-noodle-salad-edamame-cilantro-peanut-dressing/18990,https://www.mealime.com/recipes/chicken-soba-noodle-salad-edamame-cilantro-peanut-dressing/18989
roasted-tomato-onion-mozzarella-flatbread-arugula-caper-salad,18972,https://www.mealime.com/recipes/roasted-tomato-onion-mozzarella-flatbread-arugula-caper-salad/18972,https://www.mealime.com/recipes/roasted-tomato-onion-mozzarella-flatbread-arugula-caper-salad/18971
pork-chop-spiced-dates-prosciutto-green-beans-sweet-potato,18960,https://www.mealime.com/recipes/pork-chop-spiced-dates-prosciutto-green-beans-sweet-potato/18960,https://www.mealime.com/recipes/pork-chop-spiced-dates-prosciutto-green-beans-sweet-potato/18959
fajita-style-pork-bowl-bell-peppers-onions-kale-lime-sauce,18948,https://www.mealime.com/recipes/fajita-style-pork-bowl-bell-peppers-onions-kale-lime-sauce/18948,https://www.mealime.com/recipes/fajita-style-pork-bowl-bell-peppers-onions-kale-lime-sauce/18947
pork-sausage-ragu-zucchini-spinach-basil-over-spaghetti-squash,18906,https://www.mealime.com/recipes/pork-sausage-ragu-zucchini-spinach-basil-over-spaghetti-squash/18906,https://www.mealime.com/recipes/pork-sausage-ragu-zucchini-spinach-basil-over-spaghetti-squash/18905
white-bean-pasta-salad-tomato-cucumber-avocado-pine-nuts,18882,https://www.mealime.com/recipes/white-bean-pasta-salad-tomato-cucumber-avocado-pine-nuts/18882,https://www.mealime.com/recipes/white-bean-pasta-salad-tomato-cucumber-avocado-pine-nuts/18881
crispy-tofu-sandwiches-garlic-aioli-arugula-cucumber-salad,18870,https://www.mealime.com/recipes/crispy-tofu-sandwiches-garlic-aioli-arugula-cucumber-salad/18870,https://www.mealime.com/recipes/crispy-tofu-sandwiches-garlic-aioli-arugula-cucumber-salad/18869
mexican-style-chicken-corn-jalapeno-cilantro-soup-feta,18846,https://www.mealime.com/recipes/mexican-style-chicken-corn-jalapeno-cilantro-soup-feta/18846,https://www.mealime.com/recipes/mexican-style-chicken-corn-jalapeno-cilantro-soup-feta/18845
melty-caprese-steak-butter-lettuce-bell-pepper-basil-salad,18840,https://www.mealime.com/recipes/melty-caprese-steak-butter-lettuce-bell-pepper-basil-salad/18840,https://www.mealime.com/recipes/melty-caprese-steak-butter-lettuce-bell-pepper-basil-salad/18839
creamy-coriander-chicken-enchilada-skillet-spinach-mushrooms,18834,https://www.mealime.com/recipes/creamy-coriander-chicken-enchilada-skillet-spinach-mushrooms/18834,https://www.mealime.com/recipes/creamy-coriander-chicken-enchilada-skillet-spinach-mushrooms/18833
chicken-rice-paella-bake-bell-pepper-asparagus-artichoke,18822,https://www.mealime.com/recipes/chicken-rice-paella-bake-bell-pepper-asparagus-artichoke/18822,https://www.mealime.com/recipes/chicken-rice-paella-bake-bell-pepper-asparagus-artichoke/18821
creamy-black-bean-wraps-sauteed-bell-peppers-mango-cabbage-slaw,18816,https://www.mealime.com/recipes/creamy-black-bean-wraps-sauteed-bell-peppers-mango-cabbage-slaw/18816,https://www.mealime.com/recipes/creamy-black-bean-wraps-sauteed-bell-peppers-mango-cabbage-slaw/18815
parsnip-apple-soup-grilled-prosciutto-blue-cheese-sandwich,18804,https://www.mealime.com/recipes/parsnip-apple-soup-grilled-prosciutto-blue-cheese-sandwich/18804,https://www.mealime.com/recipes/parsnip-apple-soup-grilled-prosciutto-blue-cheese-sandwich/18803
white-bean-cauliflower-soup-tomato-fresh-basil-garlic-sticks,18798,https://www.mealime.com/recipes/white-bean-cauliflower-soup-tomato-fresh-basil-garlic-sticks/18798,https://www.mealime.com/recipes/white-bean-cauliflower-soup-tomato-fresh-basil-garlic-sticks/18797
baked-pesto-tofu-over-tomato-cucumber-onion-artichoke-feta-salad,18774,https://www.mealime.com/recipes/baked-pesto-tofu-over-tomato-cucumber-onion-artichoke-feta-salad/18774,https://www.mealime.com/recipes/baked-pesto-tofu-over-tomato-cucumber-onion-artichoke-feta-salad/18773
fried-egg-rice-bowl-pickled-carrot-ginger-green-onion-sauce,18750,https://www.mealime.com/recipes/fried-egg-rice-bowl-pickled-carrot-ginger-green-onion-sauce/18750,https://www.mealime.com/recipes/fried-egg-rice-bowl-pickled-carrot-ginger-green-onion-sauce/18749
cheesy-baked-beans-on-toast-mixed-greens-celery-salad,18726,https://www.mealime.com/recipes/cheesy-baked-beans-on-toast-mixed-greens-celery-salad/18726,https://www.mealime.com/recipes/cheesy-baked-beans-on-toast-mixed-greens-celery-salad/18725
sun-dried-tomato-pesto-grilled-cheese-veggie-sticks-ranch,18702,https://www.mealime.com/recipes/sun-dried-tomato-pesto-grilled-cheese-veggie-sticks-ranch/18702,https://www.mealime.com/recipes/sun-dried-tomato-pesto-grilled-cheese-veggie-sticks-ranch/18701
grilled-brown-sugar-chili-steak-cucumber-pepper-snap-pea-salad,18684,https://www.mealime.com/recipes/grilled-brown-sugar-chili-steak-cucumber-pepper-snap-pea-salad/18684,https://www.mealime.com/recipes/grilled-brown-sugar-chili-steak-cucumber-pepper-snap-pea-salad/18683
baked-italian-sausage-tomato-mushroom-skillet-sauteed-cabbage,18648,https://www.mealime.com/recipes/baked-italian-sausage-tomato-mushroom-skillet-sauteed-cabbage/18648,https://www.mealime.com/recipes/baked-italian-sausage-tomato-mushroom-skillet-sauteed-cabbage/18647
mushroom-cheddar-jalapeno-quesadilla-poppy-seed-fruit-salad,18642,https://www.mealime.com/recipes/mushroom-cheddar-jalapeno-quesadilla-poppy-seed-fruit-salad/18642,https://www.mealime.com/recipes/mushroom-cheddar-jalapeno-quesadilla-poppy-seed-fruit-salad/18641
lemon-caper-spaghetti-tofu-asparagus-bell-pepper-parsley,18621,https://www.mealime.com/recipes/lemon-caper-spaghetti-tofu-asparagus-bell-pepper-parsley/18621,https://www.mealime.com/recipes/lemon-caper-spaghetti-tofu-asparagus-bell-pepper-parsley/18620
pineapple-pork-fried-rice-carrot-edamame-celery-cilantro,18606,https://www.mealime.com/recipes/pineapple-pork-fried-rice-carrot-edamame-celery-cilantro/18606,https://www.mealime.com/recipes/pineapple-pork-fried-rice-carrot-edamame-celery-cilantro/18605
pan-seared-chicken-zucchini-noodles-creamy-lemon-dill-spinach,18594,https://www.mealime.com/recipes/pan-seared-chicken-zucchini-noodles-creamy-lemon-dill-spinach/18594,https://www.mealime.com/recipes/pan-seared-chicken-zucchini-noodles-creamy-lemon-dill-spinach/18593
carrot-cake-oatmeal-dates-walnuts,18582,https://www.mealime.com/recipes/carrot-cake-oatmeal-dates-walnuts/18582,https://www.mealime.com/recipes/carrot-cake-oatmeal-dates-walnuts/18581
cheesy-ground-beef-taco-stuffed-peppers-lettuce-tomato-salad,18570,https://www.mealime.com/recipes/cheesy-ground-beef-taco-stuffed-peppers-lettuce-tomato-salad/18570,https://www.mealime.com/recipes/cheesy-ground-beef-taco-stuffed-peppers-lettuce-tomato-salad/18569
beef-meatballs-melted-mozzarella-basil-spinach-mushroom-saute,18558,https://www.mealime.com/recipes/beef-meatballs-melted-mozzarella-basil-spinach-mushroom-saute/18558,https://www.mealime.com/recipes/beef-meatballs-melted-mozzarella-basil-spinach-mushroom-saute/18557
baked-cheddar-chicken-thighs-mushrooms-bell-peppers-broccoli,18504,https://www.mealime.com/recipes/baked-cheddar-chicken-thighs-mushrooms-bell-peppers-broccoli/18504,https://www.mealime.com/recipes/baked-cheddar-chicken-thighs-mushrooms-bell-peppers-broccoli/18503
cheesy-tex-mex-beef-carrot-zucchini-noodle-skillet-yogurt,18486,https://www.mealime.com/recipes/cheesy-tex-mex-beef-carrot-zucchini-noodle-skillet-yogurt/18486,https://www.mealime.com/recipes/cheesy-tex-mex-beef-carrot-zucchini-noodle-skillet-yogurt/18485
smoked-salmon-salad-egg-roasted-sweet-potato-pistachios,18417,https://www.mealime.com/recipes/smoked-salmon-salad-egg-roasted-sweet-potato-pistachios/18417,https://www.mealime.com/recipes/smoked-salmon-salad-egg-roasted-sweet-potato-pistachios/18416
ginger-chicken-meatball-stir-fry-noodles-snap-peas-cashews,18393,https://www.mealime.com/recipes/ginger-chicken-meatball-stir-fry-noodles-snap-peas-cashews/18393,https://www.mealime.com/recipes/ginger-chicken-meatball-stir-fry-noodles-snap-peas-cashews/18392
warm-rice-salad-chicken-broccoli-pumpkin-seeds-goat-cheese,18381,https://www.mealime.com/recipes/warm-rice-salad-chicken-broccoli-pumpkin-seeds-goat-cheese/18381,https://www.mealime.com/recipes/warm-rice-salad-chicken-broccoli-pumpkin-seeds-goat-cheese/18380
turkey-brussels-sprout-goat-cheese-pita-beet-arugula-salad,18363,https://www.mealime.com/recipes/turkey-brussels-sprout-goat-cheese-pita-beet-arugula-salad/18363,https://www.mealime.com/recipes/turkey-brussels-sprout-goat-cheese-pita-beet-arugula-salad/18362
salmon-burger-dill-caper-aioli-spinach-apple-salad,18351,https://www.mealime.com/recipes/salmon-burger-dill-caper-aioli-spinach-apple-salad/18351,https://www.mealime.com/recipes/salmon-burger-dill-caper-aioli-spinach-apple-salad/18350
sausage-honey-chili-glazed-brussels-sprouts-carrots-over-rice,18327,https://www.mealime.com/recipes/sausage-honey-chili-glazed-brussels-sprouts-carrots-over-rice/18327,https://www.mealime.com/recipes/sausage-honey-chili-glazed-brussels-sprouts-carrots-over-rice/18326
baked-pesto-drumsticks-balsamic-roasted-asparagus-tomatoes,18291,https://www.mealime.com/recipes/baked-pesto-drumsticks-balsamic-roasted-asparagus-tomatoes/18291,https://www.mealime.com/recipes/baked-pesto-drumsticks-balsamic-roasted-asparagus-tomatoes/18290
vietnamese-style-caramelized-salmon-edamame-broccoli-slaw-rice,18279,https://www.mealime.com/recipes/vietnamese-style-caramelized-salmon-edamame-broccoli-slaw-rice/18279,https://www.mealime.com/recipes/vietnamese-style-caramelized-salmon-edamame-broccoli-slaw-rice/18278
spicy-vietnamese-style-pork-meatballs-broccoli-slaw-peanuts,18219,https://www.mealime.com/recipes/spicy-vietnamese-style-pork-meatballs-broccoli-slaw-peanuts/18219,https://www.mealime.com/recipes/spicy-vietnamese-style-pork-meatballs-broccoli-slaw-peanuts/18218
mediterranean-chickpea-rice-wrap-tzatziki-feta-salad,18213,https://www.mealime.com/recipes/mediterranean-chickpea-rice-wrap-tzatziki-feta-salad/18213,https://www.mealime.com/recipes/mediterranean-chickpea-rice-wrap-tzatziki-feta-salad/18212
white-bean-quinoa-salad-citrus-bell-pepper-avocado-spinach,18195,https://www.mealime.com/recipes/white-bean-quinoa-salad-citrus-bell-pepper-avocado-spinach/18195,https://www.mealime.com/recipes/white-bean-quinoa-salad-citrus-bell-pepper-avocado-spinach/18194
cheesy-shrimp-mushroom-tomato-stuffed-peppers-mixed-greens,18183,https://www.mealime.com/recipes/cheesy-shrimp-mushroom-tomato-stuffed-peppers-mixed-greens/18183,https://www.mealime.com/recipes/cheesy-shrimp-mushroom-tomato-stuffed-peppers-mixed-greens/18182
shrimp-bell-pepper-tomato-gumbo-green-onion-rice,18159,https://www.mealime.com/recipes/shrimp-bell-pepper-tomato-gumbo-green-onion-rice/18159,https://www.mealime.com/recipes/shrimp-bell-pepper-tomato-gumbo-green-onion-rice/18158
roasted-garlic-mushroom-cauliflower-fettuccine-walnuts,18147,https://www.mealime.com/recipes/roasted-garlic-mushroom-cauliflower-fettuccine-walnuts/18147,https://www.mealime.com/recipes/roasted-garlic-mushroom-cauliflower-fettuccine-walnuts/18146
rosemary-parmesan-crusted-chicken-olive-pine-nut-arugula-salad,18135,https://www.mealime.com/recipes/rosemary-parmesan-crusted-chicken-olive-pine-nut-arugula-salad/18135,https://www.mealime.com/recipes/rosemary-parmesan-crusted-chicken-olive-pine-nut-arugula-salad/18134
quinoa-butternut-squash-stew-peanuts-raisins-spinach-cilantro,18117,https://www.mealime.com/recipes/quinoa-butternut-squash-stew-peanuts-raisins-spinach-cilantro/18117,https://www.mealime.com/recipes/quinoa-butternut-squash-stew-peanuts-raisins-spinach-cilantro/18116
curried-chicken-salad-lettuce-wraps-apple-raisins-cilantro,18093,https://www.mealime.com/recipes/curried-chicken-salad-lettuce-wraps-apple-raisins-cilantro/18093,https://www.mealime.com/recipes/curried-chicken-salad-lettuce-wraps-apple-raisins-cilantro/18092
seared-scallops-carrot-parsnip-mash-arugula-asparagus-salad,18069,https://www.mealime.com/recipes/seared-scallops-carrot-parsnip-mash-arugula-asparagus-salad/18069,https://www.mealime.com/recipes/seared-scallops-carrot-parsnip-mash-arugula-asparagus-salad/18068
black-bean-potato-zucchini-corn-soup-in-creamy-coconut-broth,18057,https://www.mealime.com/recipes/black-bean-potato-zucchini-corn-soup-in-creamy-coconut-broth/18057,https://www.mealime.com/recipes/black-bean-potato-zucchini-corn-soup-in-creamy-coconut-broth/18056
paprika-pork-stew-goulash-bell-pepper-tomato-dill-potatoes,18045,https://www.mealime.com/recipes/paprika-pork-stew-goulash-bell-pepper-tomato-dill-potatoes/18045,https://www.mealime.com/recipes/paprika-pork-stew-goulash-bell-pepper-tomato-dill-potatoes/18044
lemon-dijon-chicken-wings-bacon-blue-cheese-spinach-salad,18015,https://www.mealime.com/recipes/lemon-dijon-chicken-wings-bacon-blue-cheese-spinach-salad/18015,https://www.mealime.com/recipes/lemon-dijon-chicken-wings-bacon-blue-cheese-spinach-salad/18014
roasted-carrot-salad-lentils-arugula-pumpkin-seeds-mint-feta,17985,https://www.mealime.com/recipes/roasted-carrot-salad-lentils-arugula-pumpkin-seeds-mint-feta/17985,https://www.mealime.com/recipes/roasted-carrot-salad-lentils-arugula-pumpkin-seeds-mint-feta/17984
california-turkey-tostadas-guacamole-tomatoes-ranch-dressing,17949,https://www.mealime.com/recipes/california-turkey-tostadas-guacamole-tomatoes-ranch-dressing/17949,https://www.mealime.com/recipes/california-turkey-tostadas-guacamole-tomatoes-ranch-dressing/17948
coriander-chicken-thighs-leeks-snap-peas-peppers-cumin-toast,17907,https://www.mealime.com/recipes/coriander-chicken-thighs-leeks-snap-peas-peppers-cumin-toast/17907,https://www.mealime.com/recipes/coriander-chicken-thighs-leeks-snap-peas-peppers-cumin-toast/17906
sausage-cauliflower-pepper-bowl-cilantro-jalapeno-sauce,17895,https://www.mealime.com/recipes/sausage-cauliflower-pepper-bowl-cilantro-jalapeno-sauce/17895,https://www.mealime.com/recipes/sausage-cauliflower-pepper-bowl-cilantro-jalapeno-sauce/17894
crispy-tofu-warm-broccoli-slaw-cucumber-bell-pepper-salad,17883,https://www.mealime.com/recipes/crispy-tofu-warm-broccoli-slaw-cucumber-bell-pepper-salad/17883,https://www.mealime.com/recipes/crispy-tofu-warm-broccoli-slaw-cucumber-bell-pepper-salad/17882
pan-fried-cod-citrus-fruit-avocado-arugula-salad-rice,17865,https://www.mealime.com/recipes/pan-fried-cod-citrus-fruit-avocado-arugula-salad-rice/17865,https://www.mealime.com/recipes/pan-fried-cod-citrus-fruit-avocado-arugula-salad-rice/17864
tilapia-cilantro-orange-zucchini-bell-pepper-saute-over-rice,17841,https://www.mealime.com/recipes/tilapia-cilantro-orange-zucchini-bell-pepper-saute-over-rice/17841,https://www.mealime.com/recipes/tilapia-cilantro-orange-zucchini-bell-pepper-saute-over-rice/17840
sesame-shrimp-stir-fry-egg-asparagus-bok-choy-edamame-rice,17811,https://www.mealime.com/recipes/sesame-shrimp-stir-fry-egg-asparagus-bok-choy-edamame-rice/17811,https://www.mealime.com/recipes/sesame-shrimp-stir-fry-egg-asparagus-bok-choy-edamame-rice/17810
lemon-cilantro-chicken-kebab-veggie-rice-pilaf-blueberry-salsa,17799,https://www.mealime.com/recipes/lemon-cilantro-chicken-kebab-veggie-rice-pilaf-blueberry-salsa/17799,https://www.mealime.com/recipes/lemon-cilantro-chicken-kebab-veggie-rice-pilaf-blueberry-salsa/17798
roasted-sockeye-salmon-potato-green-bean-salade-nicoise-eggs,17769,https://www.mealime.com/recipes/roasted-sockeye-salmon-potato-green-bean-salade-nicoise-eggs/17769,https://www.mealime.com/recipes/roasted-sockeye-salmon-potato-green-bean-salade-nicoise-eggs/17768
caprese-veggie-burger-mozzarella-basil-pesto-arugula-salad,17745,https://www.mealime.com/recipes/caprese-veggie-burger-mozzarella-basil-pesto-arugula-salad/17745,https://www.mealime.com/recipes/caprese-veggie-burger-mozzarella-basil-pesto-arugula-salad/17744
chicken-taco-salad-boats-black-beans-tomato-cheese-guacamole,17739,https://www.mealime.com/recipes/chicken-taco-salad-boats-black-beans-tomato-cheese-guacamole/17739,https://www.mealime.com/recipes/chicken-taco-salad-boats-black-beans-tomato-cheese-guacamole/17738
rotisserie-chicken-noodle-soup-vegetables-cilantro-lime,17727,https://www.mealime.com/recipes/rotisserie-chicken-noodle-soup-vegetables-cilantro-lime/17727,https://www.mealime.com/recipes/rotisserie-chicken-noodle-soup-vegetables-cilantro-lime/17726
tossed-skillet-lasagna-zucchini-carrot-ricotta-basil,17691,https://www.mealime.com/recipes/tossed-skillet-lasagna-zucchini-carrot-ricotta-basil/17691,https://www.mealime.com/recipes/tossed-skillet-lasagna-zucchini-carrot-ricotta-basil/17690
striploin-steak-warm-potato-snap-pea-dill-salad,17661,https://www.mealime.com/recipes/striploin-steak-warm-potato-snap-pea-dill-salad/17661,https://www.mealime.com/recipes/striploin-steak-warm-potato-snap-pea-dill-salad/17660
lemon-herb-pork-chop-feta-greek-salad,17649,https://www.mealime.com/recipes/lemon-herb-pork-chop-feta-greek-salad/17649,https://www.mealime.com/recipes/lemon-herb-pork-chop-feta-greek-salad/17648
spiced-turkey-bowl-basil-slaw-cucumber-avocado-sesame-sauce,17613,https://www.mealime.com/recipes/spiced-turkey-bowl-basil-slaw-cucumber-avocado-sesame-sauce/17613,https://www.mealime.com/recipes/spiced-turkey-bowl-basil-slaw-cucumber-avocado-sesame-sauce/17612
salmon-coconut-curry-spinach-tomatoes-cilantro-rice,17595,https://www.mealime.com/recipes/salmon-coconut-curry-spinach-tomatoes-cilantro-rice/17595,https://www.mealime.com/recipes/salmon-coconut-curry-spinach-tomatoes-cilantro-rice/17594
scallop-bisque-carrots-celery-tomatoes-parsley-crispy-bacon,17583,https://www.mealime.com/recipes/scallop-bisque-carrots-celery-tomatoes-parsley-crispy-bacon/17583,https://www.mealime.com/recipes/scallop-bisque-carrots-celery-tomatoes-parsley-crispy-bacon/17582
veggie-soup-eggplant-zucchini-kale-yogurt-curry-breadsticks,17559,https://www.mealime.com/recipes/veggie-soup-eggplant-zucchini-kale-yogurt-curry-breadsticks/17559,https://www.mealime.com/recipes/veggie-soup-eggplant-zucchini-kale-yogurt-curry-breadsticks/17558
lentil-walnut-bolognese-fettuccine-artichoke-mixed-greens,17547,https://www.mealime.com/recipes/lentil-walnut-bolognese-fettuccine-artichoke-mixed-greens/17547,https://www.mealime.com/recipes/lentil-walnut-bolognese-fettuccine-artichoke-mixed-greens/17546
cilantro-burger-spicy-mayo-jalapeno-lime-zucchini-saute,17523,https://www.mealime.com/recipes/cilantro-burger-spicy-mayo-jalapeno-lime-zucchini-saute/17523,https://www.mealime.com/recipes/cilantro-burger-spicy-mayo-jalapeno-lime-zucchini-saute/17522
mixed-berry-lime-smoothie-bowl-banana-granola,17457,https://www.mealime.com/recipes/mixed-berry-lime-smoothie-bowl-banana-granola/17457,https://www.mealime.com/recipes/mixed-berry-lime-smoothie-bowl-banana-granola/17456
creamy-cheddar-tuna-pasta-sauteed-broccoli-zucchini,17445,https://www.mealime.com/recipes/creamy-cheddar-tuna-pasta-sauteed-broccoli-zucchini/17445,https://www.mealime.com/recipes/creamy-cheddar-tuna-pasta-sauteed-broccoli-zucchini/17444
chicken-stew-cacciatore-bell-pepper-zucchini-olives-quinoa,17421,https://www.mealime.com/recipes/chicken-stew-cacciatore-bell-pepper-zucchini-olives-quinoa/17421,https://www.mealime.com/recipes/chicken-stew-cacciatore-bell-pepper-zucchini-olives-quinoa/17420
asian-ground-beef-stir-fry-green-beans-carrots-over-rice,17397,https://www.mealime.com/recipes/asian-ground-beef-stir-fry-green-beans-carrots-over-rice/17397,https://www.mealime.com/recipes/asian-ground-beef-stir-fry-green-beans-carrots-over-rice/17396
italian-sausage-soup-rotini-pasta-bell-pepper-tomato-spinach,17373,https://www.mealime.com/recipes/italian-sausage-soup-rotini-pasta-bell-pepper-tomato-spinach/17373,https://www.mealime.com/recipes/italian-sausage-soup-rotini-pasta-bell-pepper-tomato-spinach/17372
pork-chop-honey-dijon-apples-parsley-potatoes-mixed-greens,17367,https://www.mealime.com/recipes/pork-chop-honey-dijon-apples-parsley-potatoes-mixed-greens/17367,https://www.mealime.com/recipes/pork-chop-honey-dijon-apples-parsley-potatoes-mixed-greens/17366
italian-chicken-roasted-sweet-potatoes-tomato-mozzarella-salad,17337,https://www.mealime.com/recipes/italian-chicken-roasted-sweet-potatoes-tomato-mozzarella-salad/17337,https://www.mealime.com/recipes/italian-chicken-roasted-sweet-potatoes-tomato-mozzarella-salad/17336
curried-shrimp-stir-fry-noodles-zucchini-bell-pepper-cilantro,17325,https://www.mealime.com/recipes/curried-shrimp-stir-fry-noodles-zucchini-bell-pepper-cilantro/17325,https://www.mealime.com/recipes/curried-shrimp-stir-fry-noodles-zucchini-bell-pepper-cilantro/17324
seared-striploin-blue-cheese-butter-lemony-zucchini-leek-saute,17319,https://www.mealime.com/recipes/seared-striploin-blue-cheese-butter-lemony-zucchini-leek-saute/17319,https://www.mealime.com/recipes/seared-striploin-blue-cheese-butter-lemony-zucchini-leek-saute/17318
creamy-sun-dried-tomato-gnocchi-white-beans-pepper-peas-basil,17313,https://www.mealime.com/recipes/creamy-sun-dried-tomato-gnocchi-white-beans-pepper-peas-basil/17313,https://www.mealime.com/recipes/creamy-sun-dried-tomato-gnocchi-white-beans-pepper-peas-basil/17312
chicken-apple-squash-skillet-over-couscous-spinach-salad,17307,https://www.mealime.com/recipes/chicken-apple-squash-skillet-over-couscous-spinach-salad/17307,https://www.mealime.com/recipes/chicken-apple-squash-skillet-over-couscous-spinach-salad/17306
cheddar-apple-onion-quesadilla-arugula-radish-salad,17301,https://www.mealime.com/recipes/cheddar-apple-onion-quesadilla-arugula-radish-salad/17301,https://www.mealime.com/recipes/cheddar-apple-onion-quesadilla-arugula-radish-salad/17300
roasted-sole-honey-lemon-broccoli-almond-raisin-couscous-pilaf,17295,https://www.mealime.com/recipes/roasted-sole-honey-lemon-broccoli-almond-raisin-couscous-pilaf/17295,https://www.mealime.com/recipes/roasted-sole-honey-lemon-broccoli-almond-raisin-couscous-pilaf/17294
grilled-chicken-burger-peanut-sauce-crunchy-mint-veggie-salad,17271,https://www.mealime.com/recipes/grilled-chicken-burger-peanut-sauce-crunchy-mint-veggie-salad/17271,https://www.mealime.com/recipes/grilled-chicken-burger-peanut-sauce-crunchy-mint-veggie-salad/17270
grilled-salmon-eggplant-tomato-yogurt-sauce-basil-pine-nuts,17265,https://www.mealime.com/recipes/grilled-salmon-eggplant-tomato-yogurt-sauce-basil-pine-nuts/17265,https://www.mealime.com/recipes/grilled-salmon-eggplant-tomato-yogurt-sauce-basil-pine-nuts/17264
roasted-cauliflower-tacos-broccoli-mango-slaw-cilantro-sauce,17247,https://www.mealime.com/recipes/roasted-cauliflower-tacos-broccoli-mango-slaw-cilantro-sauce/17247,https://www.mealime.com/recipes/roasted-cauliflower-tacos-broccoli-mango-slaw-cilantro-sauce/17246
soba-noodle-soup-tofu-edamame-mushroom-green-onion-ginger,17202,https://www.mealime.com/recipes/soba-noodle-soup-tofu-edamame-mushroom-green-onion-ginger/17202,https://www.mealime.com/recipes/soba-noodle-soup-tofu-edamame-mushroom-green-onion-ginger/17201
white-bean-kale-cassoulet-parmesan-bread-crumbs-lemon-sauce,17178,https://www.mealime.com/recipes/white-bean-kale-cassoulet-parmesan-bread-crumbs-lemon-sauce/17178,https://www.mealime.com/recipes/white-bean-kale-cassoulet-parmesan-bread-crumbs-lemon-sauce/17177
grilled-ribeye-steak-mushrooms-dijon-roasted-napa-cabbage,17160,https://www.mealime.com/recipes/grilled-ribeye-steak-mushrooms-dijon-roasted-napa-cabbage/17160,https://www.mealime.com/recipes/grilled-ribeye-steak-mushrooms-dijon-roasted-napa-cabbage/17159
minestrone-soup-kidney-beans-green-beans-carrots-pasta,17148,https://www.mealime.com/recipes/minestrone-soup-kidney-beans-green-beans-carrots-pasta/17148,https://www.mealime.com/recipes/minestrone-soup-kidney-beans-green-beans-carrots-pasta/17147
turkey-stew-carrot-celery-parsley-peas-over-rice,17142,https://www.mealime.com/recipes/turkey-stew-carrot-celery-parsley-peas-over-rice/17142,https://www.mealime.com/recipes/turkey-stew-carrot-celery-parsley-peas-over-rice/17141
spiced-pork-apple-celery-cranberry-stuffed-acorn-squash,17130,https://www.mealime.com/recipes/spiced-pork-apple-celery-cranberry-stuffed-acorn-squash/17130,https://www.mealime.com/recipes/spiced-pork-apple-celery-cranberry-stuffed-acorn-squash/17129
rosemary-salmon-butternut-squash-creamy-portobello-mushroom-rice,17064,https://www.mealime.com/recipes/rosemary-salmon-butternut-squash-creamy-portobello-mushroom-rice/17064,https://www.mealime.com/recipes/rosemary-salmon-butternut-squash-creamy-portobello-mushroom-rice/17063
almond-dusted-sole-balsamic-parmesan-asparagus-tomatoes,17058,https://www.mealime.com/recipes/almond-dusted-sole-balsamic-parmesan-asparagus-tomatoes/17058,https://www.mealime.com/recipes/almond-dusted-sole-balsamic-parmesan-asparagus-tomatoes/17057
spiced-red-lentil-carrot-tomato-soup-guacamole-radish-toast,17034,https://www.mealime.com/recipes/spiced-red-lentil-carrot-tomato-soup-guacamole-radish-toast/17034,https://www.mealime.com/recipes/spiced-red-lentil-carrot-tomato-soup-guacamole-radish-toast/17033
spicy-peanut-pork-stir-fry-bok-choy-mango-broccoli-slaw,17010,https://www.mealime.com/recipes/spicy-peanut-pork-stir-fry-bok-choy-mango-broccoli-slaw/17010,https://www.mealime.com/recipes/spicy-peanut-pork-stir-fry-bok-choy-mango-broccoli-slaw/17009
vegan-mac-cheese-roasted-mushrooms-tomatoes-peppers-basil,16998,https://www.mealime.com/recipes/vegan-mac-cheese-roasted-mushrooms-tomatoes-peppers-basil/16998,https://www.mealime.com/recipes/vegan-mac-cheese-roasted-mushrooms-tomatoes-peppers-basil/16997
southwest-salmon-chowder-potato-corn-bell-pepper-avocado,16974,https://www.mealime.com/recipes/southwest-salmon-chowder-potato-corn-bell-pepper-avocado/16974,https://www.mealime.com/recipes/southwest-salmon-chowder-potato-corn-bell-pepper-avocado/16973
sweet-potato-burrito-bowl-kidney-bean-chili-cheddar-avocado,16962,https://www.mealime.com/recipes/sweet-potato-burrito-bowl-kidney-bean-chili-cheddar-avocado/16962,https://www.mealime.com/recipes/sweet-potato-burrito-bowl-kidney-bean-chili-cheddar-avocado/16961
seared-sage-pork-chop-crunchy-apple-celery-pumpkin-seed-salad,16950,https://www.mealime.com/recipes/seared-sage-pork-chop-crunchy-apple-celery-pumpkin-seed-salad/16950,https://www.mealime.com/recipes/seared-sage-pork-chop-crunchy-apple-celery-pumpkin-seed-salad/16949
spicy-shrimp-curry-tomatoes-spinach-cilantro-over-rice,16944,https://www.mealime.com/recipes/spicy-shrimp-curry-tomatoes-spinach-cilantro-over-rice/16944,https://www.mealime.com/recipes/spicy-shrimp-curry-tomatoes-spinach-cilantro-over-rice/16943
cajun-chicken-cheddar-spinach-salad-scallion-yogurt-dressing,16932,https://www.mealime.com/recipes/cajun-chicken-cheddar-spinach-salad-scallion-yogurt-dressing/16932,https://www.mealime.com/recipes/cajun-chicken-cheddar-spinach-salad-scallion-yogurt-dressing/16931
ground-pork-brussels-sprout-mushroom-saute-poached-egg,16914,https://www.mealime.com/recipes/ground-pork-brussels-sprout-mushroom-saute-poached-egg/16914,https://www.mealime.com/recipes/ground-pork-brussels-sprout-mushroom-saute-poached-egg/16913
kale-salad-pork-sausage-grapes-pumpkin-seeds-cheddar,16884,https://www.mealime.com/recipes/kale-salad-pork-sausage-grapes-pumpkin-seeds-cheddar/16884,https://www.mealime.com/recipes/kale-salad-pork-sausage-grapes-pumpkin-seeds-cheddar/16883
warm-pasta-salad-butternut-squash-apple-goat-cheese-pecans,16878,https://www.mealime.com/recipes/warm-pasta-salad-butternut-squash-apple-goat-cheese-pecans/16878,https://www.mealime.com/recipes/warm-pasta-salad-butternut-squash-apple-goat-cheese-pecans/16877
sweet-potato-edamame-rice-bowl-broccoli-slaw-almond-lime-sauce,16866,https://www.mealime.com/recipes/sweet-potato-edamame-rice-bowl-broccoli-slaw-almond-lime-sauce/16866,https://www.mealime.com/recipes/sweet-potato-edamame-rice-bowl-broccoli-slaw-almond-lime-sauce/16865
mixed-green-salad-sausage-sweet-potato-feta-italian-dressing,16842,https://www.mealime.com/recipes/mixed-green-salad-sausage-sweet-potato-feta-italian-dressing/16842,https://www.mealime.com/recipes/mixed-green-salad-sausage-sweet-potato-feta-italian-dressing/16841
sheet-pan-steak-bell-pepper-onion-carrot-fajitas-lime-crema,16824,https://www.mealime.com/recipes/sheet-pan-steak-bell-pepper-onion-carrot-fajitas-lime-crema/16824,https://www.mealime.com/recipes/sheet-pan-steak-bell-pepper-onion-carrot-fajitas-lime-crema/16823
maple-dijon-pork-chops-acorn-squash-brussels-sprouts,16806,https://www.mealime.com/recipes/maple-dijon-pork-chops-acorn-squash-brussels-sprouts/16806,https://www.mealime.com/recipes/maple-dijon-pork-chops-acorn-squash-brussels-sprouts/16805
spiced-sweet-potato-chickpea-bake-spinach-carrot-feta-salad,16752,https://www.mealime.com/recipes/spiced-sweet-potato-chickpea-bake-spinach-carrot-feta-salad/16752,https://www.mealime.com/recipes/spiced-sweet-potato-chickpea-bake-spinach-carrot-feta-salad/16751
vegan-blt-salad-tofu-bacon-avocado-garlic-croutons,16740,https://www.mealime.com/recipes/vegan-blt-salad-tofu-bacon-avocado-garlic-croutons/16740,https://www.mealime.com/recipes/vegan-blt-salad-tofu-bacon-avocado-garlic-croutons/16739
new-york-strip-steak-bell-pepper-creamed-spinach,16710,https://www.mealime.com/recipes/new-york-strip-steak-bell-pepper-creamed-spinach/16710,https://www.mealime.com/recipes/new-york-strip-steak-bell-pepper-creamed-spinach/16709
cauliflower-asparagus-baked-penne-ricotta-mozzarella-parsley,16698,https://www.mealime.com/recipes/cauliflower-asparagus-baked-penne-ricotta-mozzarella-parsley/16698,https://www.mealime.com/recipes/cauliflower-asparagus-baked-penne-ricotta-mozzarella-parsley/16697
veggie-packed-cajun-dirty-rice-beef-celery-peppers-carrots,16692,https://www.mealime.com/recipes/veggie-packed-cajun-dirty-rice-beef-celery-peppers-carrots/16692,https://www.mealime.com/recipes/veggie-packed-cajun-dirty-rice-beef-celery-peppers-carrots/16691
grilled-scallop-tacos-wilted-cabbage-guacamole-pineapple-salsa,16650,https://www.mealime.com/recipes/grilled-scallop-tacos-wilted-cabbage-guacamole-pineapple-salsa/16650,https://www.mealime.com/recipes/grilled-scallop-tacos-wilted-cabbage-guacamole-pineapple-salsa/16649
creamy-cashew-zucchini-noodles-vegan-sausage-artichoke-spinach,16638,https://www.mealime.com/recipes/creamy-cashew-zucchini-noodles-vegan-sausage-artichoke-spinach/16638,https://www.mealime.com/recipes/creamy-cashew-zucchini-noodles-vegan-sausage-artichoke-spinach/16637
quinoa-spinach-salad-shrimp-strawberries-basil-feta-almonds,16626,https://www.mealime.com/recipes/quinoa-spinach-salad-shrimp-strawberries-basil-feta-almonds/16626,https://www.mealime.com/recipes/quinoa-spinach-salad-shrimp-strawberries-basil-feta-almonds/16625
crispy-shrimp-burrito-chimichanga-tomatoes-cilantro-yogurt,16620,https://www.mealime.com/recipes/crispy-shrimp-burrito-chimichanga-tomatoes-cilantro-yogurt/16620,https://www.mealime.com/recipes/crispy-shrimp-burrito-chimichanga-tomatoes-cilantro-yogurt/16619
sirloin-creamy-dijon-sauce-lemon-garlic-kale-couscous-chives,16602,https://www.mealime.com/recipes/sirloin-creamy-dijon-sauce-lemon-garlic-kale-couscous-chives/16602,https://www.mealime.com/recipes/sirloin-creamy-dijon-sauce-lemon-garlic-kale-couscous-chives/16601
roasted-halibut-asparagus-tomatoes-lemon-caper-dill-sauce,16596,https://www.mealime.com/recipes/roasted-halibut-asparagus-tomatoes-lemon-caper-dill-sauce/16596,https://www.mealime.com/recipes/roasted-halibut-asparagus-tomatoes-lemon-caper-dill-sauce/16595
spicy-buffalo-wings-veggie-sticks-blue-cheese-dressing,16566,https://www.mealime.com/recipes/spicy-buffalo-wings-veggie-sticks-blue-cheese-dressing/16566,https://www.mealime.com/recipes/spicy-buffalo-wings-veggie-sticks-blue-cheese-dressing/16565
cauliflower-macaroni-cheese-lemon-parsley-butter-lettuce-salad,16554,https://www.mealime.com/recipes/cauliflower-macaroni-cheese-lemon-parsley-butter-lettuce-salad/16554,https://www.mealime.com/recipes/cauliflower-macaroni-cheese-lemon-parsley-butter-lettuce-salad/16553
black-bean-sweet-potato-bell-pepper-onion-bake-cheese-sauce,16548,https://www.mealime.com/recipes/black-bean-sweet-potato-bell-pepper-onion-bake-cheese-sauce/16548,https://www.mealime.com/recipes/black-bean-sweet-potato-bell-pepper-onion-bake-cheese-sauce/16547
paprika-pork-chop-balsamic-mushrooms-wilted-spinach-parmesan,16506,https://www.mealime.com/recipes/paprika-pork-chop-balsamic-mushrooms-wilted-spinach-parmesan/16506,https://www.mealime.com/recipes/paprika-pork-chop-balsamic-mushrooms-wilted-spinach-parmesan/16505
pita-nachos-fresh-veggies-hummus-garlic-yogurt-feta-salad,16500,https://www.mealime.com/recipes/pita-nachos-fresh-veggies-hummus-garlic-yogurt-feta-salad/16500,https://www.mealime.com/recipes/pita-nachos-fresh-veggies-hummus-garlic-yogurt-feta-salad/16499
vietnamese-noodle-bowl-crispy-tofu-lettuce-cucumber-cilantro,16443,https://www.mealime.com/recipes/vietnamese-noodle-bowl-crispy-tofu-lettuce-cucumber-cilantro/16443,https://www.mealime.com/recipes/vietnamese-noodle-bowl-crispy-tofu-lettuce-cucumber-cilantro/16442
spicy-bacon-eggplant-mushroom-pasta-amatriciana-parsley,16407,https://www.mealime.com/recipes/spicy-bacon-eggplant-mushroom-pasta-amatriciana-parsley/16407,https://www.mealime.com/recipes/spicy-bacon-eggplant-mushroom-pasta-amatriciana-parsley/16406
stuffed-bell-pepper-soup-turkey-rice-spinach-dill-parmesan,16383,https://www.mealime.com/recipes/stuffed-bell-pepper-soup-turkey-rice-spinach-dill-parmesan/16383,https://www.mealime.com/recipes/stuffed-bell-pepper-soup-turkey-rice-spinach-dill-parmesan/16382
southern-style-tomato-sandwich-parmesan-pine-nut-kale-salad,16347,https://www.mealime.com/recipes/southern-style-tomato-sandwich-parmesan-pine-nut-kale-salad/16347,https://www.mealime.com/recipes/southern-style-tomato-sandwich-parmesan-pine-nut-kale-salad/16346
seared-cod-bacon-balsamic-tomatoes-asparagus-sweet-potatoes,16335,https://www.mealime.com/recipes/seared-cod-bacon-balsamic-tomatoes-asparagus-sweet-potatoes/16335,https://www.mealime.com/recipes/seared-cod-bacon-balsamic-tomatoes-asparagus-sweet-potatoes/16334
prosciutto-pear-blue-cheese-sandwich-spinach-mushroom-salad,16323,https://www.mealime.com/recipes/prosciutto-pear-blue-cheese-sandwich-spinach-mushroom-salad/16323,https://www.mealime.com/recipes/prosciutto-pear-blue-cheese-sandwich-spinach-mushroom-salad/16322
indian-potato-cauliflower-curry-aloo-gobi-cucumber-raita-naan,16311,https://www.mealime.com/recipes/indian-potato-cauliflower-curry-aloo-gobi-cucumber-raita-naan/16311,https://www.mealime.com/recipes/indian-potato-cauliflower-curry-aloo-gobi-cucumber-raita-naan/16310
antipasti-salad-prosciutto-marinated-chickpeas-mozzarella,16293,https://www.mealime.com/recipes/antipasti-salad-prosciutto-marinated-chickpeas-mozzarella/16293,https://www.mealime.com/recipes/antipasti-salad-prosciutto-marinated-chickpeas-mozzarella/16292
spaghetti-al-limone-lemon-pasta-basil-garlic-roasted-veggies,16263,https://www.mealime.com/recipes/spaghetti-al-limone-lemon-pasta-basil-garlic-roasted-veggies/16263,https://www.mealime.com/recipes/spaghetti-al-limone-lemon-pasta-basil-garlic-roasted-veggies/16262
warm-pasta-salad-chickpeas-tomato-kale-kalamata-olives-feta,16233,https://www.mealime.com/recipes/warm-pasta-salad-chickpeas-tomato-kale-kalamata-olives-feta/16233,https://www.mealime.com/recipes/warm-pasta-salad-chickpeas-tomato-kale-kalamata-olives-feta/16232
spiced-veggie-lentil-chickpea-soup-harira-cilantro-yogurt,16209,https://www.mealime.com/recipes/spiced-veggie-lentil-chickpea-soup-harira-cilantro-yogurt/16209,https://www.mealime.com/recipes/spiced-veggie-lentil-chickpea-soup-harira-cilantro-yogurt/16208
garlic-dijon-ribeye-warm-zucchini-tomato-mint-feta-salad,16203,https://www.mealime.com/recipes/garlic-dijon-ribeye-warm-zucchini-tomato-mint-feta-salad/16203,https://www.mealime.com/recipes/garlic-dijon-ribeye-warm-zucchini-tomato-mint-feta-salad/16202
romaine-salad-crispy-smoked-salmon-egg-lemon-caper-dressing,16197,https://www.mealime.com/recipes/romaine-salad-crispy-smoked-salmon-egg-lemon-caper-dressing/16197,https://www.mealime.com/recipes/romaine-salad-crispy-smoked-salmon-egg-lemon-caper-dressing/16196
cheesy-french-onion-chicken-thighs-mushrooms-thyme-parsley,16179,https://www.mealime.com/recipes/cheesy-french-onion-chicken-thighs-mushrooms-thyme-parsley/16179,https://www.mealime.com/recipes/cheesy-french-onion-chicken-thighs-mushrooms-thyme-parsley/16178
asian-chickpea-eggplant-pepper-mushroom-basil-stir-fry-rice,16167,https://www.mealime.com/recipes/asian-chickpea-eggplant-pepper-mushroom-basil-stir-fry-rice/16167,https://www.mealime.com/recipes/asian-chickpea-eggplant-pepper-mushroom-basil-stir-fry-rice/16166
honey-butter-gnocchi-prosciutto-broccoli-peas-parmesan,16161,https://www.mealime.com/recipes/honey-butter-gnocchi-prosciutto-broccoli-peas-parmesan/16161,https://www.mealime.com/recipes/honey-butter-gnocchi-prosciutto-broccoli-peas-parmesan/16160
charred-broccoli-flatbread-lemony-ricotta-chili-honey-salad,16155,https://www.mealime.com/recipes/charred-broccoli-flatbread-lemony-ricotta-chili-honey-salad/16155,https://www.mealime.com/recipes/charred-broccoli-flatbread-lemony-ricotta-chili-honey-salad/16154
pasta-salad-peaches-white-beans-radish-arugula-goat-cheese,16131,https://www.mealime.com/recipes/pasta-salad-peaches-white-beans-radish-arugula-goat-cheese/16131,https://www.mealime.com/recipes/pasta-salad-peaches-white-beans-radish-arugula-goat-cheese/16130
mediterranean-lamb-chops-tomatoes-bell-pepper-olives-feta,16125,https://www.mealime.com/recipes/mediterranean-lamb-chops-tomatoes-bell-pepper-olives-feta/16125,https://www.mealime.com/recipes/mediterranean-lamb-chops-tomatoes-bell-pepper-olives-feta/16124
lentil-arugula-salad-beets-oranges-pine-nuts-goat-cheese,16107,https://www.mealime.com/recipes/lentil-arugula-salad-beets-oranges-pine-nuts-goat-cheese/16107,https://www.mealime.com/recipes/lentil-arugula-salad-beets-oranges-pine-nuts-goat-cheese/16106
crispy-tofu-sandwiches-quick-pickles-chili-sauce-mixed-greens,16101,https://www.mealime.com/recipes/crispy-tofu-sandwiches-quick-pickles-chili-sauce-mixed-greens/16101,https://www.mealime.com/recipes/crispy-tofu-sandwiches-quick-pickles-chili-sauce-mixed-greens/16100
grilled-chicken-satay-over-rice-noodles-cucumber-radish-salad,16071,https://www.mealime.com/recipes/grilled-chicken-satay-over-rice-noodles-cucumber-radish-salad/16071,https://www.mealime.com/recipes/grilled-chicken-satay-over-rice-noodles-cucumber-radish-salad/16070
kale-caesar-burger-crisp-apple-parmesan-salad,16047,https://www.mealime.com/recipes/kale-caesar-burger-crisp-apple-parmesan-salad/16047,https://www.mealime.com/recipes/kale-caesar-burger-crisp-apple-parmesan-salad/16046
steak-bell-pepper-apricot-skewers-creamy-cucumber-mint-salad,16035,https://www.mealime.com/recipes/steak-bell-pepper-apricot-skewers-creamy-cucumber-mint-salad/16035,https://www.mealime.com/recipes/steak-bell-pepper-apricot-skewers-creamy-cucumber-mint-salad/16034
open-faced-curried-tofu-salad-sandwiches-lettuce-cucumber,16011,https://www.mealime.com/recipes/open-faced-curried-tofu-salad-sandwiches-lettuce-cucumber/16011,https://www.mealime.com/recipes/open-faced-curried-tofu-salad-sandwiches-lettuce-cucumber/16010
garlic-parmesan-pork-chops-spinach-mushrooms-zucchini-noodles,16005,https://www.mealime.com/recipes/garlic-parmesan-pork-chops-spinach-mushrooms-zucchini-noodles/16005,https://www.mealime.com/recipes/garlic-parmesan-pork-chops-spinach-mushrooms-zucchini-noodles/16004
turkey-meatball-pita-pizza-creamy-oregano-olive-romaine-salad,15999,https://www.mealime.com/recipes/turkey-meatball-pita-pizza-creamy-oregano-olive-romaine-salad/15999,https://www.mealime.com/recipes/turkey-meatball-pita-pizza-creamy-oregano-olive-romaine-salad/15998
creamy-shrimp-spinach-bacon-over-parmesan-cauliflower-grits,15993,https://www.mealime.com/recipes/creamy-shrimp-spinach-bacon-over-parmesan-cauliflower-grits/15993,https://www.mealime.com/recipes/creamy-shrimp-spinach-bacon-over-parmesan-cauliflower-grits/15992
bbq-turkey-meatballs-mashed-potatoes-tangy-coleslaw,15939,https://www.mealime.com/recipes/bbq-turkey-meatballs-mashed-potatoes-tangy-coleslaw/15939,https://www.mealime.com/recipes/bbq-turkey-meatballs-mashed-potatoes-tangy-coleslaw/15938
spicy-chili-garlic-caramelized-pork-bowl-carrots-cucumber-rice,15909,https://www.mealime.com/recipes/spicy-chili-garlic-caramelized-pork-bowl-carrots-cucumber-rice/15909,https://www.mealime.com/recipes/spicy-chili-garlic-caramelized-pork-bowl-carrots-cucumber-rice/15908
basil-ricotta-polenta-bowl-peach-tomato-arugula-almond-salad,15903,https://www.mealime.com/recipes/basil-ricotta-polenta-bowl-peach-tomato-arugula-almond-salad/15903,https://www.mealime.com/recipes/basil-ricotta-polenta-bowl-peach-tomato-arugula-almond-salad/15902
hawaiian-pork-burger-citrus-grilled-pineapple-zucchini-onion,15885,https://www.mealime.com/recipes/hawaiian-pork-burger-citrus-grilled-pineapple-zucchini-onion/15885,https://www.mealime.com/recipes/hawaiian-pork-burger-citrus-grilled-pineapple-zucchini-onion/15884
fresh-creamed-corn-fettuccine-lettuce-cucumber-tomato-salad,15861,https://www.mealime.com/recipes/fresh-creamed-corn-fettuccine-lettuce-cucumber-tomato-salad/15861,https://www.mealime.com/recipes/fresh-creamed-corn-fettuccine-lettuce-cucumber-tomato-salad/15860
chicken-quinoa-bowl-kale-pickled-radish-lemon-tahini-sauce,15843,https://www.mealime.com/recipes/chicken-quinoa-bowl-kale-pickled-radish-lemon-tahini-sauce/15843,https://www.mealime.com/recipes/chicken-quinoa-bowl-kale-pickled-radish-lemon-tahini-sauce/15842
beef-stroganoff-mushroom-burgers-honey-parsley-roasted-carrots,15837,https://www.mealime.com/recipes/beef-stroganoff-mushroom-burgers-honey-parsley-roasted-carrots/15837,https://www.mealime.com/recipes/beef-stroganoff-mushroom-burgers-honey-parsley-roasted-carrots/15836
cheesy-fried-shallot-burger-lemony-asparagus-peppers,15819,https://www.mealime.com/recipes/cheesy-fried-shallot-burger-lemony-asparagus-peppers/15819,https://www.mealime.com/recipes/cheesy-fried-shallot-burger-lemony-asparagus-peppers/15818
roasted-tomato-pasta-asparagus-parmesan-basil-pine-nuts,15795,https://www.mealime.com/recipes/roasted-tomato-pasta-asparagus-parmesan-basil-pine-nuts/15795,https://www.mealime.com/recipes/roasted-tomato-pasta-asparagus-parmesan-basil-pine-nuts/15794
deviled-egg-pasta-salad-cucumber-bell-pepper-celery-parsley,15783,https://www.mealime.com/recipes/deviled-egg-pasta-salad-cucumber-bell-pepper-celery-parsley/15783,https://www.mealime.com/recipes/deviled-egg-pasta-salad-cucumber-bell-pepper-celery-parsley/15782
fresh-corn-peach-avocado-goat-cheese-salad-garlic-breadsticks,15777,https://www.mealime.com/recipes/fresh-corn-peach-avocado-goat-cheese-salad-garlic-breadsticks/15777,https://www.mealime.com/recipes/fresh-corn-peach-avocado-goat-cheese-salad-garlic-breadsticks/15776
turkey-patties-over-tex-mex-caesar-black-beans-tortilla-chips,15759,https://www.mealime.com/recipes/turkey-patties-over-tex-mex-caesar-black-beans-tortilla-chips/15759,https://www.mealime.com/recipes/turkey-patties-over-tex-mex-caesar-black-beans-tortilla-chips/15758
grilled-asian-pork-meatballs-rice-cucumber-tomato-carrot-salad,15747,https://www.mealime.com/recipes/grilled-asian-pork-meatballs-rice-cucumber-tomato-carrot-salad/15747,https://www.mealime.com/recipes/grilled-asian-pork-meatballs-rice-cucumber-tomato-carrot-salad/15746
spicy-pork-tacos-kiwi-cucumber-avocado-salsa,15735,https://www.mealime.com/recipes/spicy-pork-tacos-kiwi-cucumber-avocado-salsa/15735,https://www.mealime.com/recipes/spicy-pork-tacos-kiwi-cucumber-avocado-salsa/15734
brussels-sprout-grape-couscous-goat-cheese-stuffed-acorn-squash,15723,https://www.mealime.com/recipes/brussels-sprout-grape-couscous-goat-cheese-stuffed-acorn-squash/15723,https://www.mealime.com/recipes/brussels-sprout-grape-couscous-goat-cheese-stuffed-acorn-squash/15722
greek-mushroom-burger-olive-mayo-creamy-sun-dried-tomato-salad,15705,https://www.mealime.com/recipes/greek-mushroom-burger-olive-mayo-creamy-sun-dried-tomato-salad/15705,https://www.mealime.com/recipes/greek-mushroom-burger-olive-mayo-creamy-sun-dried-tomato-salad/15704
baked-eggs-eggplant-basil-ratatouille-feta-garlic-toast,15687,https://www.mealime.com/recipes/baked-eggs-eggplant-basil-ratatouille-feta-garlic-toast/15687,https://www.mealime.com/recipes/baked-eggs-eggplant-basil-ratatouille-feta-garlic-toast/15686
pork-chop-jalapeno-basil-salsa-strawberry-tomato-arugula-salad,15663,https://www.mealime.com/recipes/pork-chop-jalapeno-basil-salsa-strawberry-tomato-arugula-salad/15663,https://www.mealime.com/recipes/pork-chop-jalapeno-basil-salsa-strawberry-tomato-arugula-salad/15662
ginger-lime-chicken-skewers-grape-grapefruit-avocado-salad,15645,https://www.mealime.com/recipes/ginger-lime-chicken-skewers-grape-grapefruit-avocado-salad/15645,https://www.mealime.com/recipes/ginger-lime-chicken-skewers-grape-grapefruit-avocado-salad/15644
creamy-coriander-chicken-bell-pepper-celery-saute-red-lentils,15639,https://www.mealime.com/recipes/creamy-coriander-chicken-bell-pepper-celery-saute-red-lentils/15639,https://www.mealime.com/recipes/creamy-coriander-chicken-bell-pepper-celery-saute-red-lentils/15638
warm-bacon-potato-leek-goat-cheese-arugula-salad-thyme,15633,https://www.mealime.com/recipes/warm-bacon-potato-leek-goat-cheese-arugula-salad-thyme/15633,https://www.mealime.com/recipes/warm-bacon-potato-leek-goat-cheese-arugula-salad-thyme/15632
lebanese-lentils-rice-fried-onions-mujadara-chopped-salad,15609,https://www.mealime.com/recipes/lebanese-lentils-rice-fried-onions-mujadara-chopped-salad/15609,https://www.mealime.com/recipes/lebanese-lentils-rice-fried-onions-mujadara-chopped-salad/15608
turkey-burger-salad-avocado-tomato-cheddar-thousand-island,15585,https://www.mealime.com/recipes/turkey-burger-salad-avocado-tomato-cheddar-thousand-island/15585,https://www.mealime.com/recipes/turkey-burger-salad-avocado-tomato-cheddar-thousand-island/15584
bacon-wrapped-halibut-roasted-potatoes-brussels-sprout-salad,15567,https://www.mealime.com/recipes/bacon-wrapped-halibut-roasted-potatoes-brussels-sprout-salad/15567,https://www.mealime.com/recipes/bacon-wrapped-halibut-roasted-potatoes-brussels-sprout-salad/15566
cod-spinach-cilantro-coconut-curry-spicy-mango-cucumber-salad,15561,https://www.mealime.com/recipes/cod-spinach-cilantro-coconut-curry-spicy-mango-cucumber-salad/15561,https://www.mealime.com/recipes/cod-spinach-cilantro-coconut-curry-spicy-mango-cucumber-salad/15560
turkey-meatballs-cherry-sauce-sweet-pea-mint-rice-pilaf,15549,https://www.mealime.com/recipes/turkey-meatballs-cherry-sauce-sweet-pea-mint-rice-pilaf/15549,https://www.mealime.com/recipes/turkey-meatballs-cherry-sauce-sweet-pea-mint-rice-pilaf/15548
warm-macaroni-salad-sausage-bell-pepper-corn-tomato-parsley,15537,https://www.mealime.com/recipes/warm-macaroni-salad-sausage-bell-pepper-corn-tomato-parsley/15537,https://www.mealime.com/recipes/warm-macaroni-salad-sausage-bell-pepper-corn-tomato-parsley/15536
grilled-steak-onion-salad-spicy-jalapeno-pineapple-salsa,15531,https://www.mealime.com/recipes/grilled-steak-onion-salad-spicy-jalapeno-pineapple-salsa/15531,https://www.mealime.com/recipes/grilled-steak-onion-salad-spicy-jalapeno-pineapple-salsa/15530
chicken-drumsticks-spicy-maple-roasted-cauliflower-mushrooms,15495,https://www.mealime.com/recipes/chicken-drumsticks-spicy-maple-roasted-cauliflower-mushrooms/15495,https://www.mealime.com/recipes/chicken-drumsticks-spicy-maple-roasted-cauliflower-mushrooms/15494
lemon-soy-steak-asparagus-mushrooms-ginger-sesame-seeds,15477,https://www.mealime.com/recipes/lemon-soy-steak-asparagus-mushrooms-ginger-sesame-seeds/15477,https://www.mealime.com/recipes/lemon-soy-steak-asparagus-mushrooms-ginger-sesame-seeds/15476
cheesesteak-bake-peppers-mushrooms-onions-melted-mozzarella,15459,https://www.mealime.com/recipes/cheesesteak-bake-peppers-mushrooms-onions-melted-mozzarella/15459,https://www.mealime.com/recipes/cheesesteak-bake-peppers-mushrooms-onions-melted-mozzarella/15458
gazpacho-chilled-veggie-soup-lemon-parsley-shrimp-salad-toasts,15429,https://www.mealime.com/recipes/gazpacho-chilled-veggie-soup-lemon-parsley-shrimp-salad-toasts/15429,https://www.mealime.com/recipes/gazpacho-chilled-veggie-soup-lemon-parsley-shrimp-salad-toasts/15428
salisbury-steak-mushroom-gravy-roasted-new-potatoes-broccoli,15423,https://www.mealime.com/recipes/salisbury-steak-mushroom-gravy-roasted-new-potatoes-broccoli/15423,https://www.mealime.com/recipes/salisbury-steak-mushroom-gravy-roasted-new-potatoes-broccoli/15422
tuna-fritters-basil-scallion-sauce-crunchy-carrot-avocado-salad,15411,https://www.mealime.com/recipes/tuna-fritters-basil-scallion-sauce-crunchy-carrot-avocado-salad/15411,https://www.mealime.com/recipes/tuna-fritters-basil-scallion-sauce-crunchy-carrot-avocado-salad/15410
lentil-goat-cheese-tartines-warm-tomato-dressed-spinach-salad,15399,https://www.mealime.com/recipes/lentil-goat-cheese-tartines-warm-tomato-dressed-spinach-salad/15399,https://www.mealime.com/recipes/lentil-goat-cheese-tartines-warm-tomato-dressed-spinach-salad/15398
bbq-cannellini-beans-pork-sausage-creamy-napa-cabbage-coleslaw,15369,https://www.mealime.com/recipes/bbq-cannellini-beans-pork-sausage-creamy-napa-cabbage-coleslaw/15369,https://www.mealime.com/recipes/bbq-cannellini-beans-pork-sausage-creamy-napa-cabbage-coleslaw/15368
sesame-salmon-over-warm-spinach-curried-cauliflower-cucumber-salad,15363,https://www.mealime.com/recipes/sesame-salmon-over-warm-spinach-curried-cauliflower-cucumber-salad/15363,https://www.mealime.com/recipes/sesame-salmon-over-warm-spinach-curried-cauliflower-cucumber-salad/15362
citrus-marinated-chicken-over-quinoa-salad-berries-oranges,15327,https://www.mealime.com/recipes/citrus-marinated-chicken-over-quinoa-salad-berries-oranges/15327,https://www.mealime.com/recipes/citrus-marinated-chicken-over-quinoa-salad-berries-oranges/15326
steak-asparagus-strawberry-salad-balsamic-poppy-seed-dressing,15315,https://www.mealime.com/recipes/steak-asparagus-strawberry-salad-balsamic-poppy-seed-dressing/15315,https://www.mealime.com/recipes/steak-asparagus-strawberry-salad-balsamic-poppy-seed-dressing/15314
spicy-beef-bell-peppers-cheese-mixed-greens-cilantro-dressing,15271,https://www.mealime.com/recipes/spicy-beef-bell-peppers-cheese-mixed-greens-cilantro-dressing/15271,https://www.mealime.com/recipes/spicy-beef-bell-peppers-cheese-mixed-greens-cilantro-dressing/15270
broiled-greek-cod-avocado-cucumber-salad-feta-mint-dressing,15265,https://www.mealime.com/recipes/broiled-greek-cod-avocado-cucumber-salad-feta-mint-dressing/15265,https://www.mealime.com/recipes/broiled-greek-cod-avocado-cucumber-salad-feta-mint-dressing/15264
zucchini-noodles-sausage-spinach-parmesan-lemon-sauce,15259,https://www.mealime.com/recipes/zucchini-noodles-sausage-spinach-parmesan-lemon-sauce/15259,https://www.mealime.com/recipes/zucchini-noodles-sausage-spinach-parmesan-lemon-sauce/15258
creamy-bell-pepper-jalapeno-onion-corn-saute-warm-tortillas,15205,https://www.mealime.com/recipes/creamy-bell-pepper-jalapeno-onion-corn-saute-warm-tortillas/15205,https://www.mealime.com/recipes/creamy-bell-pepper-jalapeno-onion-corn-saute-warm-tortillas/15204
grilled-halibut-cumin-rice-green-onion-avocado-salsa,15187,https://www.mealime.com/recipes/grilled-halibut-cumin-rice-green-onion-avocado-salsa/15187,https://www.mealime.com/recipes/grilled-halibut-cumin-rice-green-onion-avocado-salsa/15186
white-bean-spinach-tomato-saute-over-polenta-olive-tapenade,15181,https://www.mealime.com/recipes/white-bean-spinach-tomato-saute-over-polenta-olive-tapenade/15181,https://www.mealime.com/recipes/white-bean-spinach-tomato-saute-over-polenta-olive-tapenade/15180
brothy-vegetarian-edamame-potato-succotash-toasted-flatbread,15163,https://www.mealime.com/recipes/brothy-vegetarian-edamame-potato-succotash-toasted-flatbread/15163,https://www.mealime.com/recipes/brothy-vegetarian-edamame-potato-succotash-toasted-flatbread/15162
seared-chicken-thighs-creamy-zucchini-cauliflower-puree,15133,https://www.mealime.com/recipes/seared-chicken-thighs-creamy-zucchini-cauliflower-puree/15133,https://www.mealime.com/recipes/seared-chicken-thighs-creamy-zucchini-cauliflower-puree/15132
spice-rubbed-pork-chop-garlicky-bacon-kale-mushroom-saute,15127,https://www.mealime.com/recipes/spice-rubbed-pork-chop-garlicky-bacon-kale-mushroom-saute/15127,https://www.mealime.com/recipes/spice-rubbed-pork-chop-garlicky-bacon-kale-mushroom-saute/15126
balsamic-chicken-wrap-goat-cheese-cranberries-lemony-arugula,15085,https://www.mealime.com/recipes/balsamic-chicken-wrap-goat-cheese-cranberries-lemony-arugula/15085,https://www.mealime.com/recipes/balsamic-chicken-wrap-goat-cheese-cranberries-lemony-arugula/15084
quinoa-black-bean-chili-parmesan-date-kale-salad-dijon-dressing,15067,https://www.mealime.com/recipes/quinoa-black-bean-chili-parmesan-date-kale-salad-dijon-dressing/15067,https://www.mealime.com/recipes/quinoa-black-bean-chili-parmesan-date-kale-salad-dijon-dressing/15066
open-faced-pesto-tofu-salad-sandwich-tomato-mixed-greens,15049,https://www.mealime.com/recipes/open-faced-pesto-tofu-salad-sandwich-tomato-mixed-greens/15049,https://www.mealime.com/recipes/open-faced-pesto-tofu-salad-sandwich-tomato-mixed-greens/15048
creamy-tuscan-shrimp-bacon-tomatoes-spinach-zucchini-noodles,15001,https://www.mealime.com/recipes/creamy-tuscan-shrimp-bacon-tomatoes-spinach-zucchini-noodles/15001,https://www.mealime.com/recipes/creamy-tuscan-shrimp-bacon-tomatoes-spinach-zucchini-noodles/15000
thai-style-omelet-kai-jeow-spicy-cucumber-herb-salad-rice,14971,https://www.mealime.com/recipes/thai-style-omelet-kai-jeow-spicy-cucumber-herb-salad-rice/14971,https://www.mealime.com/recipes/thai-style-omelet-kai-jeow-spicy-cucumber-herb-salad-rice/14970
asian-tofu-peanut-lettuce-wraps-carrot-cucumber-cilantro-mint,14959,https://www.mealime.com/recipes/asian-tofu-peanut-lettuce-wraps-carrot-cucumber-cilantro-mint/14959,https://www.mealime.com/recipes/asian-tofu-peanut-lettuce-wraps-carrot-cucumber-cilantro-mint/14958
curried-chickpea-salad-mixed-greens-apple-pumpkin-seeds-feta,14953,https://www.mealime.com/recipes/curried-chickpea-salad-mixed-greens-apple-pumpkin-seeds-feta/14953,https://www.mealime.com/recipes/curried-chickpea-salad-mixed-greens-apple-pumpkin-seeds-feta/14952
edamame-pasta-salad-peas-bell-pepper-tomato-arugula-feta,14929,https://www.mealime.com/recipes/edamame-pasta-salad-peas-bell-pepper-tomato-arugula-feta/14929,https://www.mealime.com/recipes/edamame-pasta-salad-peas-bell-pepper-tomato-arugula-feta/14928
open-faced-vietnamese-fried-egg-banh-mi-mango-romaine-salad,14905,https://www.mealime.com/recipes/open-faced-vietnamese-fried-egg-banh-mi-mango-romaine-salad/14905,https://www.mealime.com/recipes/open-faced-vietnamese-fried-egg-banh-mi-mango-romaine-salad/14904
greek-turkey-meatball-pita-wraps-veggies-olives-feta-sauce,14887,https://www.mealime.com/recipes/greek-turkey-meatball-pita-wraps-veggies-olives-feta-sauce/14887,https://www.mealime.com/recipes/greek-turkey-meatball-pita-wraps-veggies-olives-feta-sauce/14886
pistachio-crusted-chicken-lemon-dill-carrots-snap-peas,14881,https://www.mealime.com/recipes/pistachio-crusted-chicken-lemon-dill-carrots-snap-peas/14881,https://www.mealime.com/recipes/pistachio-crusted-chicken-lemon-dill-carrots-snap-peas/14880
chicken-bacon-succotash-corn-peas-tomatoes-parsley,14830,https://www.mealime.com/recipes/chicken-bacon-succotash-corn-peas-tomatoes-parsley/14830,https://www.mealime.com/recipes/chicken-bacon-succotash-corn-peas-tomatoes-parsley/14829
beet-tartines-goat-cheese-jalapeno-cilantro-sauce-mixed-greens,14818,https://www.mealime.com/recipes/beet-tartines-goat-cheese-jalapeno-cilantro-sauce-mixed-greens/14818,https://www.mealime.com/recipes/beet-tartines-goat-cheese-jalapeno-cilantro-sauce-mixed-greens/14817
turkey-spinach-meatballs-rotini-pasta-mixed-veggie-sauce-basil,14800,https://www.mealime.com/recipes/turkey-spinach-meatballs-rotini-pasta-mixed-veggie-sauce-basil/14800,https://www.mealime.com/recipes/turkey-spinach-meatballs-rotini-pasta-mixed-veggie-sauce-basil/14799
brown-sugar-sage-gnocchi-bake-sausage-peppers-tomatoes-onion,14794,https://www.mealime.com/recipes/brown-sugar-sage-gnocchi-bake-sausage-peppers-tomatoes-onion/14794,https://www.mealime.com/recipes/brown-sugar-sage-gnocchi-bake-sausage-peppers-tomatoes-onion/14793
coconut-turmeric-rice-noodles-edamame-veggies-cilantro,14764,https://www.mealime.com/recipes/coconut-turmeric-rice-noodles-edamame-veggies-cilantro/14764,https://www.mealime.com/recipes/coconut-turmeric-rice-noodles-edamame-veggies-cilantro/14763
spicy-turkey-rice-bowl-butternut-squash-radish-lemon-sauce,14740,https://www.mealime.com/recipes/spicy-turkey-rice-bowl-butternut-squash-radish-lemon-sauce/14740,https://www.mealime.com/recipes/spicy-turkey-rice-bowl-butternut-squash-radish-lemon-sauce/14739
creamy-thyme-chicken-sweet-potato-beet-mash-dijon-kale-salad,14734,https://www.mealime.com/recipes/creamy-thyme-chicken-sweet-potato-beet-mash-dijon-kale-salad/14734,https://www.mealime.com/recipes/creamy-thyme-chicken-sweet-potato-beet-mash-dijon-kale-salad/14733
italian-tofu-creamy-bell-pepper-rice-orange-olive-arugula-salad,14722,https://www.mealime.com/recipes/italian-tofu-creamy-bell-pepper-rice-orange-olive-arugula-salad/14722,https://www.mealime.com/recipes/italian-tofu-creamy-bell-pepper-rice-orange-olive-arugula-salad/14721
roasted-eggplant-flatbread-mozzarella-basil-lemony-arugula,14716,https://www.mealime.com/recipes/roasted-eggplant-flatbread-mozzarella-basil-lemony-arugula/14716,https://www.mealime.com/recipes/roasted-eggplant-flatbread-mozzarella-basil-lemony-arugula/14715
spiced-pakistani-style-chicken-curry-bell-pepper-spinach-rice,14710,https://www.mealime.com/recipes/spiced-pakistani-style-chicken-curry-bell-pepper-spinach-rice/14710,https://www.mealime.com/recipes/spiced-pakistani-style-chicken-curry-bell-pepper-spinach-rice/14709
lemon-oregano-chicken-feta-mashed-potatoes-cucumber-tomato-salad,14698,https://www.mealime.com/recipes/lemon-oregano-chicken-feta-mashed-potatoes-cucumber-tomato-salad/14698,https://www.mealime.com/recipes/lemon-oregano-chicken-feta-mashed-potatoes-cucumber-tomato-salad/14697
grilled-sirloin-steak-pineapple-carrot-cilantro-broccoli-slaw,14692,https://www.mealime.com/recipes/grilled-sirloin-steak-pineapple-carrot-cilantro-broccoli-slaw/14692,https://www.mealime.com/recipes/grilled-sirloin-steak-pineapple-carrot-cilantro-broccoli-slaw/14691
spicy-sausage-mushroom-bell-pepper-quinoa-bowl-wilted-spinach,14644,https://www.mealime.com/recipes/spicy-sausage-mushroom-bell-pepper-quinoa-bowl-wilted-spinach/14644,https://www.mealime.com/recipes/spicy-sausage-mushroom-bell-pepper-quinoa-bowl-wilted-spinach/14643
sirloin-steak-basil-compound-butter-roasted-potatoes-snap-peas,14632,https://www.mealime.com/recipes/sirloin-steak-basil-compound-butter-roasted-potatoes-snap-peas/14632,https://www.mealime.com/recipes/sirloin-steak-basil-compound-butter-roasted-potatoes-snap-peas/14631
linguini-tofu-fresh-tomato-sauce-zucchini-basil-parmesan,14608,https://www.mealime.com/recipes/linguini-tofu-fresh-tomato-sauce-zucchini-basil-parmesan/14608,https://www.mealime.com/recipes/linguini-tofu-fresh-tomato-sauce-zucchini-basil-parmesan/14607
broiled-chicken-thighs-mushrooms-creamy-zucchini-parmesan-rice,14596,https://www.mealime.com/recipes/broiled-chicken-thighs-mushrooms-creamy-zucchini-parmesan-rice/14596,https://www.mealime.com/recipes/broiled-chicken-thighs-mushrooms-creamy-zucchini-parmesan-rice/14595
steak-salad-celery-tomatoes-blue-cheese-garlic-chive-crostini,14578,https://www.mealime.com/recipes/steak-salad-celery-tomatoes-blue-cheese-garlic-chive-crostini/14578,https://www.mealime.com/recipes/steak-salad-celery-tomatoes-blue-cheese-garlic-chive-crostini/14577
grilled-scallop-salad-mango-bell-pepper-cilantro-vinaigrette,14536,https://www.mealime.com/recipes/grilled-scallop-salad-mango-bell-pepper-cilantro-vinaigrette/14536,https://www.mealime.com/recipes/grilled-scallop-salad-mango-bell-pepper-cilantro-vinaigrette/14535
smoked-salmon-salad-edamame-mango-pear-avocado-pecans,14482,https://www.mealime.com/recipes/smoked-salmon-salad-edamame-mango-pear-avocado-pecans/14482,https://www.mealime.com/recipes/smoked-salmon-salad-edamame-mango-pear-avocado-pecans/14481
smothered-cheesy-bean-burrito-enchilada-sauce-lime-crema,14476,https://www.mealime.com/recipes/smothered-cheesy-bean-burrito-enchilada-sauce-lime-crema/14476,https://www.mealime.com/recipes/smothered-cheesy-bean-burrito-enchilada-sauce-lime-crema/14475
garlic-avocado-toast-marinated-mozzarella-basil-side-salad,14470,https://www.mealime.com/recipes/garlic-avocado-toast-marinated-mozzarella-basil-side-salad/14470,https://www.mealime.com/recipes/garlic-avocado-toast-marinated-mozzarella-basil-side-salad/14469
curried-coconut-red-lentil-soup-veggies-cilantro-yogurt,14434,https://www.mealime.com/recipes/curried-coconut-red-lentil-soup-veggies-cilantro-yogurt/14434,https://www.mealime.com/recipes/curried-coconut-red-lentil-soup-veggies-cilantro-yogurt/14433
spicy-chickpea-stew-chana-masala-rice-cilantro-lime-raita,14410,https://www.mealime.com/recipes/spicy-chickpea-stew-chana-masala-rice-cilantro-lime-raita/14410,https://www.mealime.com/recipes/spicy-chickpea-stew-chana-masala-rice-cilantro-lime-raita/14409
baked-tofu-rice-bowl-edamame-cilantro-spicy-peanut-sauce,14386,https://www.mealime.com/recipes/baked-tofu-rice-bowl-edamame-cilantro-spicy-peanut-sauce/14386,https://www.mealime.com/recipes/baked-tofu-rice-bowl-edamame-cilantro-spicy-peanut-sauce/14385
saucy-grilled-ham-cheese-croque-madame-pickled-veggies,14374,https://www.mealime.com/recipes/saucy-grilled-ham-cheese-croque-madame-pickled-veggies/14374,https://www.mealime.com/recipes/saucy-grilled-ham-cheese-croque-madame-pickled-veggies/14373
smoked-salmon-asparagus-goat-cheese-dill-frittata-green-salad,14362,https://www.mealime.com/recipes/smoked-salmon-asparagus-goat-cheese-dill-frittata-green-salad/14362,https://www.mealime.com/recipes/smoked-salmon-asparagus-goat-cheese-dill-frittata-green-salad/14361
cheesy-polenta-bowl-pinto-beans-pico-de-gallo-salad-avocado,14332,https://www.mealime.com/recipes/cheesy-polenta-bowl-pinto-beans-pico-de-gallo-salad-avocado/14332,https://www.mealime.com/recipes/cheesy-polenta-bowl-pinto-beans-pico-de-gallo-salad-avocado/14331
portuguese-sausage-potato-leafy-greens-soup-caldo-verde,14320,https://www.mealime.com/recipes/portuguese-sausage-potato-leafy-greens-soup-caldo-verde/14320,https://www.mealime.com/recipes/portuguese-sausage-potato-leafy-greens-soup-caldo-verde/14319
roman-egg-drop-soup-stracciatella-olive-tomato-avocado-salad,14302,https://www.mealime.com/recipes/roman-egg-drop-soup-stracciatella-olive-tomato-avocado-salad/14302,https://www.mealime.com/recipes/roman-egg-drop-soup-stracciatella-olive-tomato-avocado-salad/14301
lamb-chops-middle-eastern-cilantro-sauce-chermoula-veggies,14296,https://www.mealime.com/recipes/lamb-chops-middle-eastern-cilantro-sauce-chermoula-veggies/14296,https://www.mealime.com/recipes/lamb-chops-middle-eastern-cilantro-sauce-chermoula-veggies/14295
classic-lentil-soup-zucchini-carrot-celery-breadsticks,14228,https://www.mealime.com/recipes/classic-lentil-soup-zucchini-carrot-celery-breadsticks/14228,https://www.mealime.com/recipes/classic-lentil-soup-zucchini-carrot-celery-breadsticks/14227
saucy-italian-veggie-chickpea-skillet-basil-garlic-toast,14204,https://www.mealime.com/recipes/saucy-italian-veggie-chickpea-skillet-basil-garlic-toast/14204,https://www.mealime.com/recipes/saucy-italian-veggie-chickpea-skillet-basil-garlic-toast/14203
poached-halibut-roasted-bok-choy-acorn-squash-in-coconut-broth,14198,https://www.mealime.com/recipes/poached-halibut-roasted-bok-choy-acorn-squash-in-coconut-broth/14198,https://www.mealime.com/recipes/poached-halibut-roasted-bok-choy-acorn-squash-in-coconut-broth/14197
beef-ginger-mushroom-bok-choy-stir-fry-jasmine-rice,14180,https://www.mealime.com/recipes/beef-ginger-mushroom-bok-choy-stir-fry-jasmine-rice/14180,https://www.mealime.com/recipes/beef-ginger-mushroom-bok-choy-stir-fry-jasmine-rice/14179
blackened-salmon-cajun-spiced-beans-rice-tomato-relish,14174,https://www.mealime.com/recipes/blackened-salmon-cajun-spiced-beans-rice-tomato-relish/14174,https://www.mealime.com/recipes/blackened-salmon-cajun-spiced-beans-rice-tomato-relish/14173
mini-tofu-shawarma-cucumber-tomato-salad-mint-yogurt,14150,https://www.mealime.com/recipes/mini-tofu-shawarma-cucumber-tomato-salad-mint-yogurt/14150,https://www.mealime.com/recipes/mini-tofu-shawarma-cucumber-tomato-salad-mint-yogurt/14149
greek-style-quinoa-edamame-salad-bowl-pita-chips,14138,https://www.mealime.com/recipes/greek-style-quinoa-edamame-salad-bowl-pita-chips/14138,https://www.mealime.com/recipes/greek-style-quinoa-edamame-salad-bowl-pita-chips/14137
grilled-chicken-zucchini-arugula-pasta-salad-goat-cheese,14069,https://www.mealime.com/recipes/grilled-chicken-zucchini-arugula-pasta-salad-goat-cheese/14069,https://www.mealime.com/recipes/grilled-chicken-zucchini-arugula-pasta-salad-goat-cheese/14068
spiced-beet-butternut-chickpea-bowl-rice-pilaf-lemon-yogurt,14057,https://www.mealime.com/recipes/spiced-beet-butternut-chickpea-bowl-rice-pilaf-lemon-yogurt/14057,https://www.mealime.com/recipes/spiced-beet-butternut-chickpea-bowl-rice-pilaf-lemon-yogurt/14056
mu-shu-style-pork-broccoli-slaw-mushrooms-over-jasmine-rice,14045,https://www.mealime.com/recipes/mu-shu-style-pork-broccoli-slaw-mushrooms-over-jasmine-rice/14045,https://www.mealime.com/recipes/mu-shu-style-pork-broccoli-slaw-mushrooms-over-jasmine-rice/14044
curried-couscous-kidney-bean-maple-broccoli-acorn-squash-bowl,14039,https://www.mealime.com/recipes/curried-couscous-kidney-bean-maple-broccoli-acorn-squash-bowl/14039,https://www.mealime.com/recipes/curried-couscous-kidney-bean-maple-broccoli-acorn-squash-bowl/14038
spicy-african-peanut-curry-sweet-potato-kale-cilantro-rice,14027,https://www.mealime.com/recipes/spicy-african-peanut-curry-sweet-potato-kale-cilantro-rice/14027,https://www.mealime.com/recipes/spicy-african-peanut-curry-sweet-potato-kale-cilantro-rice/14026
smoked-salmon-sushi-stacks-ginger-rice-avocado-cucumber-salad,14015,https://www.mealime.com/recipes/smoked-salmon-sushi-stacks-ginger-rice-avocado-cucumber-salad/14015,https://www.mealime.com/recipes/smoked-salmon-sushi-stacks-ginger-rice-avocado-cucumber-salad/14014
chicken-kale-grapefruit-mint-salad-thai-peanut-dressing,13985,https://www.mealime.com/recipes/chicken-kale-grapefruit-mint-salad-thai-peanut-dressing/13985,https://www.mealime.com/recipes/chicken-kale-grapefruit-mint-salad-thai-peanut-dressing/13984
red-lentil-soup-sweet-potato-pear-coconut-milk-lime,13979,https://www.mealime.com/recipes/red-lentil-soup-sweet-potato-pear-coconut-milk-lime/13979,https://www.mealime.com/recipes/red-lentil-soup-sweet-potato-pear-coconut-milk-lime/13978
chicken-cutlets-lemony-brussels-sprout-cranberry-walnut-saute,13967,https://www.mealime.com/recipes/chicken-cutlets-lemony-brussels-sprout-cranberry-walnut-saute/13967,https://www.mealime.com/recipes/chicken-cutlets-lemony-brussels-sprout-cranberry-walnut-saute/13966
asian-rice-salad-crispy-tofu-cilantro-ginger-peanut-dressing,13955,https://www.mealime.com/recipes/asian-rice-salad-crispy-tofu-cilantro-ginger-peanut-dressing/13955,https://www.mealime.com/recipes/asian-rice-salad-crispy-tofu-cilantro-ginger-peanut-dressing/13954
pan-seared-pork-chops-crispy-vietnamese-cabbage-mint-salad,13937,https://www.mealime.com/recipes/pan-seared-pork-chops-crispy-vietnamese-cabbage-mint-salad/13937,https://www.mealime.com/recipes/pan-seared-pork-chops-crispy-vietnamese-cabbage-mint-salad/13936
spicy-carrot-flatbread-arugula-apricots-almonds-minted-yogurt,13925,https://www.mealime.com/recipes/spicy-carrot-flatbread-arugula-apricots-almonds-minted-yogurt/13925,https://www.mealime.com/recipes/spicy-carrot-flatbread-arugula-apricots-almonds-minted-yogurt/13924
mexican-tomato-soup-sopa-de-fideo-pasta-avocado-feta,13901,https://www.mealime.com/recipes/mexican-tomato-soup-sopa-de-fideo-pasta-avocado-feta/13901,https://www.mealime.com/recipes/mexican-tomato-soup-sopa-de-fideo-pasta-avocado-feta/13900
falafel-inspired-salad-crispy-chickpeas-lemon-tahini-dressing,13877,https://www.mealime.com/recipes/falafel-inspired-salad-crispy-chickpeas-lemon-tahini-dressing/13877,https://www.mealime.com/recipes/falafel-inspired-salad-crispy-chickpeas-lemon-tahini-dressing/13876
cheesy-lasagna-style-gnocchi-bake-spinach-fresh-basil,13865,https://www.mealime.com/recipes/cheesy-lasagna-style-gnocchi-bake-spinach-fresh-basil/13865,https://www.mealime.com/recipes/cheesy-lasagna-style-gnocchi-bake-spinach-fresh-basil/13864
artichoke-dip-smothered-chicken-asparagus-over-spinach-couscous,13799,https://www.mealime.com/recipes/artichoke-dip-smothered-chicken-asparagus-over-spinach-couscous/13799,https://www.mealime.com/recipes/artichoke-dip-smothered-chicken-asparagus-over-spinach-couscous/13798
olive-chicken-roasted-onions-bell-peppers-artichokes-over-rice,13781,https://www.mealime.com/recipes/olive-chicken-roasted-onions-bell-peppers-artichokes-over-rice/13781,https://www.mealime.com/recipes/olive-chicken-roasted-onions-bell-peppers-artichokes-over-rice/13780
orange-spiced-chicken-snap-peas-carrots-couscous-peanuts,13763,https://www.mealime.com/recipes/orange-spiced-chicken-snap-peas-carrots-couscous-peanuts/13763,https://www.mealime.com/recipes/orange-spiced-chicken-snap-peas-carrots-couscous-peanuts/13762
tofu-lovers-hot-sour-soup-mushrooms,13739,https://www.mealime.com/recipes/tofu-lovers-hot-sour-soup-mushrooms/13739,https://www.mealime.com/recipes/tofu-lovers-hot-sour-soup-mushrooms/13738
sesame-beef-asparagus-carrot-lettuce-wraps-cilantro,13709,https://www.mealime.com/recipes/sesame-beef-asparagus-carrot-lettuce-wraps-cilantro/13709,https://www.mealime.com/recipes/sesame-beef-asparagus-carrot-lettuce-wraps-cilantro/13708
vegetable-soup-edamame-water-chestnuts-cilantro-coconut-broth,13691,https://www.mealime.com/recipes/vegetable-soup-edamame-water-chestnuts-cilantro-coconut-broth/13691,https://www.mealime.com/recipes/vegetable-soup-edamame-water-chestnuts-cilantro-coconut-broth/13690
grilled-fish-tacos-spicy-avocado-grape-cilantro-salsa,13661,https://www.mealime.com/recipes/grilled-fish-tacos-spicy-avocado-grape-cilantro-salsa/13661,https://www.mealime.com/recipes/grilled-fish-tacos-spicy-avocado-grape-cilantro-salsa/13660
cumin-steak-yellow-rice-tomato-cucumber-salad-garlic-sauce,13649,https://www.mealime.com/recipes/cumin-steak-yellow-rice-tomato-cucumber-salad-garlic-sauce/13649,https://www.mealime.com/recipes/cumin-steak-yellow-rice-tomato-cucumber-salad-garlic-sauce/13648
cuban-spiced-steak-garlicky-avocado-tomato-onion-salad,13613,https://www.mealime.com/recipes/cuban-spiced-steak-garlicky-avocado-tomato-onion-salad/13613,https://www.mealime.com/recipes/cuban-spiced-steak-garlicky-avocado-tomato-onion-salad/13612
tomato-kale-cannellini-bean-skillet-parmesan-polenta,13601,https://www.mealime.com/recipes/tomato-kale-cannellini-bean-skillet-parmesan-polenta/13601,https://www.mealime.com/recipes/tomato-kale-cannellini-bean-skillet-parmesan-polenta/13600
spicy-turkey-meatballs-mashed-sweet-potatoes-apple-carrot-slaw,13535,https://www.mealime.com/recipes/spicy-turkey-meatballs-mashed-sweet-potatoes-apple-carrot-slaw/13535,https://www.mealime.com/recipes/spicy-turkey-meatballs-mashed-sweet-potatoes-apple-carrot-slaw/13534
spicy-italian-sausage-mixed-pepper-skillet-rice,13517,https://www.mealime.com/recipes/spicy-italian-sausage-mixed-pepper-skillet-rice/13517,https://www.mealime.com/recipes/spicy-italian-sausage-mixed-pepper-skillet-rice/13516
lemon-oregano-salmon-greek-spinach-rice-spanakorizo-tzatziki,13439,https://www.mealime.com/recipes/lemon-oregano-salmon-greek-spinach-rice-spanakorizo-tzatziki/13439,https://www.mealime.com/recipes/lemon-oregano-salmon-greek-spinach-rice-spanakorizo-tzatziki/13438
spicy-tomato-rice-coconut-cream-soup-zucchini-beans-cilantro,13403,https://www.mealime.com/recipes/spicy-tomato-rice-coconut-cream-soup-zucchini-beans-cilantro/13403,https://www.mealime.com/recipes/spicy-tomato-rice-coconut-cream-soup-zucchini-beans-cilantro/13402
creamy-leek-prosciutto-pea-linguine-parmesan,13391,https://www.mealime.com/recipes/creamy-leek-prosciutto-pea-linguine-parmesan/13391,https://www.mealime.com/recipes/creamy-leek-prosciutto-pea-linguine-parmesan/13390
japanese-style-broccoli-slaw-pancake-okonomiyaki-crispy-sausage,13367,https://www.mealime.com/recipes/japanese-style-broccoli-slaw-pancake-okonomiyaki-crispy-sausage/13367,https://www.mealime.com/recipes/japanese-style-broccoli-slaw-pancake-okonomiyaki-crispy-sausage/13366
sheet-pan-chicken-maple-thyme-squash-brussels-sprouts,13361,https://www.mealime.com/recipes/sheet-pan-chicken-maple-thyme-squash-brussels-sprouts/13361,https://www.mealime.com/recipes/sheet-pan-chicken-maple-thyme-squash-brussels-sprouts/13360
spicy-jalapeno-popper-burger-grilled-bell-pepper-salad,13349,https://www.mealime.com/recipes/spicy-jalapeno-popper-burger-grilled-bell-pepper-salad/13349,https://www.mealime.com/recipes/spicy-jalapeno-popper-burger-grilled-bell-pepper-salad/13348
cauliflower-bacon-mac-cheese-gratin-mixed-greens,13343,https://www.mealime.com/recipes/cauliflower-bacon-mac-cheese-gratin-mixed-greens/13343,https://www.mealime.com/recipes/cauliflower-bacon-mac-cheese-gratin-mixed-greens/13342
bbq-chicken-pita-pizza-bell-pepper-onion-cilantro,13313,https://www.mealime.com/recipes/bbq-chicken-pita-pizza-bell-pepper-onion-cilantro/13313,https://www.mealime.com/recipes/bbq-chicken-pita-pizza-bell-pepper-onion-cilantro/13312
cheesy-egg-toast-lemony-dill-spinach-radish-mixed-pea-salad,13271,https://www.mealime.com/recipes/cheesy-egg-toast-lemony-dill-spinach-radish-mixed-pea-salad/13271,https://www.mealime.com/recipes/cheesy-egg-toast-lemony-dill-spinach-radish-mixed-pea-salad/13270
chickpea-tomato-noodle-soup-kale-caesar-breadsticks,13259,https://www.mealime.com/recipes/chickpea-tomato-noodle-soup-kale-caesar-breadsticks/13259,https://www.mealime.com/recipes/chickpea-tomato-noodle-soup-kale-caesar-breadsticks/13258
seared-rosemary-chicken-thighs-creamy-mushrooms-peas,13226,https://www.mealime.com/recipes/seared-rosemary-chicken-thighs-creamy-mushrooms-peas/13226,https://www.mealime.com/recipes/seared-rosemary-chicken-thighs-creamy-mushrooms-peas/13225
baked-shrimp-broccoli-zucchini-garlic-feta-medley-over-rice,13208,https://www.mealime.com/recipes/baked-shrimp-broccoli-zucchini-garlic-feta-medley-over-rice/13208,https://www.mealime.com/recipes/baked-shrimp-broccoli-zucchini-garlic-feta-medley-over-rice/13207
lemon-herb-chicken-over-warm-vegetable-primavera-rice-salad,13178,https://www.mealime.com/recipes/lemon-herb-chicken-over-warm-vegetable-primavera-rice-salad/13178,https://www.mealime.com/recipes/lemon-herb-chicken-over-warm-vegetable-primavera-rice-salad/13177
cream-chickpea-soup-toasted-rosemary-pita,13172,https://www.mealime.com/recipes/cream-chickpea-soup-toasted-rosemary-pita/13172,https://www.mealime.com/recipes/cream-chickpea-soup-toasted-rosemary-pita/13171
creamy-shrimp-veggie-soup-parmesan-crisps,13166,https://www.mealime.com/recipes/creamy-shrimp-veggie-soup-parmesan-crisps/13166,https://www.mealime.com/recipes/creamy-shrimp-veggie-soup-parmesan-crisps/13165
turkish-steak-wrap-arugula-tomato-cucumber-olive-salad,13100,https://www.mealime.com/recipes/turkish-steak-wrap-arugula-tomato-cucumber-olive-salad/13100,https://www.mealime.com/recipes/turkish-steak-wrap-arugula-tomato-cucumber-olive-salad/13099
sesame-roasted-chickpea-veggie-bowl-quinoa,13088,https://www.mealime.com/recipes/sesame-roasted-chickpea-veggie-bowl-quinoa/13088,https://www.mealime.com/recipes/sesame-roasted-chickpea-veggie-bowl-quinoa/13087
sausage-spinach-artichoke-frittata-parmesan,13064,https://www.mealime.com/recipes/sausage-spinach-artichoke-frittata-parmesan/13064,https://www.mealime.com/recipes/sausage-spinach-artichoke-frittata-parmesan/13063
chicken-satay-bowl-peanut-zucchini-noodles-cucumber-tomato,13052,https://www.mealime.com/recipes/chicken-satay-bowl-peanut-zucchini-noodles-cucumber-tomato/13052,https://www.mealime.com/recipes/chicken-satay-bowl-peanut-zucchini-noodles-cucumber-tomato/13051
cheesy-sweet-potato-tostadas-beans-mango-salsa-tangy-arugula,13040,https://www.mealime.com/recipes/cheesy-sweet-potato-tostadas-beans-mango-salsa-tangy-arugula/13040,https://www.mealime.com/recipes/cheesy-sweet-potato-tostadas-beans-mango-salsa-tangy-arugula/13039
mushroom-sandwich-avocado-mayo-spread-arugula-tomato-carrot,13004,https://www.mealime.com/recipes/mushroom-sandwich-avocado-mayo-spread-arugula-tomato-carrot/13004,https://www.mealime.com/recipes/mushroom-sandwich-avocado-mayo-spread-arugula-tomato-carrot/13003
savory-cornmeal-pancakes-spicy-avocado-salsa,12992,https://www.mealime.com/recipes/savory-cornmeal-pancakes-spicy-avocado-salsa/12992,https://www.mealime.com/recipes/savory-cornmeal-pancakes-spicy-avocado-salsa/12991
spicy-edamame-salad-creamy-ginger-peanut-dressing-avocado,12980,https://www.mealime.com/recipes/spicy-edamame-salad-creamy-ginger-peanut-dressing-avocado/12980,https://www.mealime.com/recipes/spicy-edamame-salad-creamy-ginger-peanut-dressing-avocado/12979
bell-pepper-goat-cheese-polenta-roasted-veggies,12974,https://www.mealime.com/recipes/bell-pepper-goat-cheese-polenta-roasted-veggies/12974,https://www.mealime.com/recipes/bell-pepper-goat-cheese-polenta-roasted-veggies/12973
blue-cheese-burger-cherry-cranberry-sauce-lemony-kale,12950,https://www.mealime.com/recipes/blue-cheese-burger-cherry-cranberry-sauce-lemony-kale/12950,https://www.mealime.com/recipes/blue-cheese-burger-cherry-cranberry-sauce-lemony-kale/12949
black-bean-zucchini-quesadilla-zingy-greens-lime-crema,12878,https://www.mealime.com/recipes/black-bean-zucchini-quesadilla-zingy-greens-lime-crema/12878,https://www.mealime.com/recipes/black-bean-zucchini-quesadilla-zingy-greens-lime-crema/12877
creamy-vegan-cashew-potato-white-bean-soup-mixed-vegetables,12860,https://www.mealime.com/recipes/creamy-vegan-cashew-potato-white-bean-soup-mixed-vegetables/12860,https://www.mealime.com/recipes/creamy-vegan-cashew-potato-white-bean-soup-mixed-vegetables/12859
jerk-chicken-drumsticks-sweet-savory-pina-colada-salad,12836,https://www.mealime.com/recipes/jerk-chicken-drumsticks-sweet-savory-pina-colada-salad/12836,https://www.mealime.com/recipes/jerk-chicken-drumsticks-sweet-savory-pina-colada-salad/12835
grilled-eggplant-sandwich-tomato-goat-cheese-rosemary-potatoes,12824,https://www.mealime.com/recipes/grilled-eggplant-sandwich-tomato-goat-cheese-rosemary-potatoes/12824,https://www.mealime.com/recipes/grilled-eggplant-sandwich-tomato-goat-cheese-rosemary-potatoes/12823
greek-garlic-chicken-potatoes-sauteed-lemon-spinach,12794,https://www.mealime.com/recipes/greek-garlic-chicken-potatoes-sauteed-lemon-spinach/12794,https://www.mealime.com/recipes/greek-garlic-chicken-potatoes-sauteed-lemon-spinach/12793
steak-black-pepper-dijon-sauce-roasted-asparagus-carrots,12728,https://www.mealime.com/recipes/steak-black-pepper-dijon-sauce-roasted-asparagus-carrots/12728,https://www.mealime.com/recipes/steak-black-pepper-dijon-sauce-roasted-asparagus-carrots/12727
grilled-shrimp-pineapple-salad-honey-lime-dressing,12704,https://www.mealime.com/recipes/grilled-shrimp-pineapple-salad-honey-lime-dressing/12704,https://www.mealime.com/recipes/grilled-shrimp-pineapple-salad-honey-lime-dressing/12703
lentil-mushroom-sloppy-joes-avocado-spinach-salad,12650,https://www.mealime.com/recipes/lentil-mushroom-sloppy-joes-avocado-spinach-salad/12650,https://www.mealime.com/recipes/lentil-mushroom-sloppy-joes-avocado-spinach-salad/12649
creamy-cajun-chicken-bell-pepper-kale-saute,12638,https://www.mealime.com/recipes/creamy-cajun-chicken-bell-pepper-kale-saute/12638,https://www.mealime.com/recipes/creamy-cajun-chicken-bell-pepper-kale-saute/12637
beef-taco-stuffed-tomatoes-cheddar-lettuce-greek-yogurt,12626,https://www.mealime.com/recipes/beef-taco-stuffed-tomatoes-cheddar-lettuce-greek-yogurt/12626,https://www.mealime.com/recipes/beef-taco-stuffed-tomatoes-cheddar-lettuce-greek-yogurt/12625
pork-chops-cherry-balsamic-sauce-couscous-green-beans,12614,https://www.mealime.com/recipes/pork-chops-cherry-balsamic-sauce-couscous-green-beans/12614,https://www.mealime.com/recipes/pork-chops-cherry-balsamic-sauce-couscous-green-beans/12613
spicy-ginger-lime-chicken-thighs-sweet-potatoes-asparagus,12602,https://www.mealime.com/recipes/spicy-ginger-lime-chicken-thighs-sweet-potatoes-asparagus/12602,https://www.mealime.com/recipes/spicy-ginger-lime-chicken-thighs-sweet-potatoes-asparagus/12601
black-bean-sandwich-torta-blistered-jalapenos-broccoli-slaw,12554,https://www.mealime.com/recipes/black-bean-sandwich-torta-blistered-jalapenos-broccoli-slaw/12554,https://www.mealime.com/recipes/black-bean-sandwich-torta-blistered-jalapenos-broccoli-slaw/12553
scallop-zucchini-noodle-salad-spinach-radish-citrus-dressing,12542,https://www.mealime.com/recipes/scallop-zucchini-noodle-salad-spinach-radish-citrus-dressing/12542,https://www.mealime.com/recipes/scallop-zucchini-noodle-salad-spinach-radish-citrus-dressing/12541
mediterranean-chicken-bread-salad-fattoush-feta-dressing,12518,https://www.mealime.com/recipes/mediterranean-chicken-bread-salad-fattoush-feta-dressing/12518,https://www.mealime.com/recipes/mediterranean-chicken-bread-salad-fattoush-feta-dressing/12517
smothered-pork-chops-in-creamy-onion-gravy-broccoli-mushrooms,12500,https://www.mealime.com/recipes/smothered-pork-chops-in-creamy-onion-gravy-broccoli-mushrooms/12500,https://www.mealime.com/recipes/smothered-pork-chops-in-creamy-onion-gravy-broccoli-mushrooms/12499
creamy-vegan-cashew-pumpkin-alfredo-linguine-baby-spinach,12488,https://www.mealime.com/recipes/creamy-vegan-cashew-pumpkin-alfredo-linguine-baby-spinach/12488,https://www.mealime.com/recipes/creamy-vegan-cashew-pumpkin-alfredo-linguine-baby-spinach/12487
roasted-asparagus-fried-eggs-homemade-romesco-sauce,12482,https://www.mealime.com/recipes/roasted-asparagus-fried-eggs-homemade-romesco-sauce/12482,https://www.mealime.com/recipes/roasted-asparagus-fried-eggs-homemade-romesco-sauce/12481
vegetarian-nicoise-salad-lemony-chickpeas-dijon-vinaigrette,12476,https://www.mealime.com/recipes/vegetarian-nicoise-salad-lemony-chickpeas-dijon-vinaigrette/12476,https://www.mealime.com/recipes/vegetarian-nicoise-salad-lemony-chickpeas-dijon-vinaigrette/12475
baked-black-bean-cheddar-mexican-pizza-pico-de-gallo,12458,https://www.mealime.com/recipes/baked-black-bean-cheddar-mexican-pizza-pico-de-gallo/12458,https://www.mealime.com/recipes/baked-black-bean-cheddar-mexican-pizza-pico-de-gallo/12457
sweet-potato-patatas-bravas-spinach-beans-garlic-aioli,12446,https://www.mealime.com/recipes/sweet-potato-patatas-bravas-spinach-beans-garlic-aioli/12446,https://www.mealime.com/recipes/sweet-potato-patatas-bravas-spinach-beans-garlic-aioli/12445
garlic-rosemary-lamb-chops-roasted-asparagus-mushrooms,12410,https://www.mealime.com/recipes/garlic-rosemary-lamb-chops-roasted-asparagus-mushrooms/12410,https://www.mealime.com/recipes/garlic-rosemary-lamb-chops-roasted-asparagus-mushrooms/12409
sticky-asian-cauliflower-bites-carrot-snap-pea-slaw,12398,https://www.mealime.com/recipes/sticky-asian-cauliflower-bites-carrot-snap-pea-slaw/12398,https://www.mealime.com/recipes/sticky-asian-cauliflower-bites-carrot-snap-pea-slaw/12397
biryani-chickpeas-cashews-cauliflower-jalapeno-mint-chutney,12392,https://www.mealime.com/recipes/biryani-chickpeas-cashews-cauliflower-jalapeno-mint-chutney/12392,https://www.mealime.com/recipes/biryani-chickpeas-cashews-cauliflower-jalapeno-mint-chutney/12391
creamy-dill-pasta-seared-scallops-zucchini,12350,https://www.mealime.com/recipes/creamy-dill-pasta-seared-scallops-zucchini/12350,https://www.mealime.com/recipes/creamy-dill-pasta-seared-scallops-zucchini/12349
black-bean-butternut-squash-jalapeno-enchiladas,12338,https://www.mealime.com/recipes/black-bean-butternut-squash-jalapeno-enchiladas/12338,https://www.mealime.com/recipes/black-bean-butternut-squash-jalapeno-enchiladas/12337
prosciutto-wrapped-basil-salmon-kabobs-cauliflower-rice,12320,https://www.mealime.com/recipes/prosciutto-wrapped-basil-salmon-kabobs-cauliflower-rice/12320,https://www.mealime.com/recipes/prosciutto-wrapped-basil-salmon-kabobs-cauliflower-rice/12319
gnocchi-broccoli-cheddar-cheese-sauce,12296,https://www.mealime.com/recipes/gnocchi-broccoli-cheddar-cheese-sauce/12296,https://www.mealime.com/recipes/gnocchi-broccoli-cheddar-cheese-sauce/12295
mushroom-olive-stuffed-pizza-burgers-lemon-artichoke-salad,12284,https://www.mealime.com/recipes/mushroom-olive-stuffed-pizza-burgers-lemon-artichoke-salad/12284,https://www.mealime.com/recipes/mushroom-olive-stuffed-pizza-burgers-lemon-artichoke-salad/12283
roasted-veggie-dried-fruit-pistachio-quinoa-bowl-curry-yogurt,12272,https://www.mealime.com/recipes/roasted-veggie-dried-fruit-pistachio-quinoa-bowl-curry-yogurt/12272,https://www.mealime.com/recipes/roasted-veggie-dried-fruit-pistachio-quinoa-bowl-curry-yogurt/12271
spicy-vietnamese-pork-noodle-bowls-carrot-cucumber-radish,12137,https://www.mealime.com/recipes/spicy-vietnamese-pork-noodle-bowls-carrot-cucumber-radish/12137,https://www.mealime.com/recipes/spicy-vietnamese-pork-noodle-bowls-carrot-cucumber-radish/12136
lemon-curry-lentil-salad-crunchy-cauliflower-cucumber-arugula,12131,https://www.mealime.com/recipes/lemon-curry-lentil-salad-crunchy-cauliflower-cucumber-arugula/12131,https://www.mealime.com/recipes/lemon-curry-lentil-salad-crunchy-cauliflower-cucumber-arugula/12130
mashed-indian-curry-vegetable-stew-buttered-rolls-pav-bhaji,11993,https://www.mealime.com/recipes/mashed-indian-curry-vegetable-stew-buttered-rolls-pav-bhaji/11993,https://www.mealime.com/recipes/mashed-indian-curry-vegetable-stew-buttered-rolls-pav-bhaji/11992
maple-teriyaki-salmon-sushi-bowls-cucumber-edamame,11975,https://www.mealime.com/recipes/maple-teriyaki-salmon-sushi-bowls-cucumber-edamame/11975,https://www.mealime.com/recipes/maple-teriyaki-salmon-sushi-bowls-cucumber-edamame/11974
creamy-vegan-cashew-parma-rosa-penne-fresh-basil-side-salad,11963,https://www.mealime.com/recipes/creamy-vegan-cashew-parma-rosa-penne-fresh-basil-side-salad/11963,https://www.mealime.com/recipes/creamy-vegan-cashew-parma-rosa-penne-fresh-basil-side-salad/11962
easy-korean-stew-yukgaejang-bok-choy-radishes,11927,https://www.mealime.com/recipes/easy-korean-stew-yukgaejang-bok-choy-radishes/11927,https://www.mealime.com/recipes/easy-korean-stew-yukgaejang-bok-choy-radishes/11926
buffalo-chicken-wraps-kale-carrot-celery-blue-cheese-salad,11915,https://www.mealime.com/recipes/buffalo-chicken-wraps-kale-carrot-celery-blue-cheese-salad/11915,https://www.mealime.com/recipes/buffalo-chicken-wraps-kale-carrot-celery-blue-cheese-salad/11914
simple-sweet-chili-salmon-sesame-broccoli-rice,11897,https://www.mealime.com/recipes/simple-sweet-chili-salmon-sesame-broccoli-rice/11897,https://www.mealime.com/recipes/simple-sweet-chili-salmon-sesame-broccoli-rice/11896
spicy-honey-butter-shrimp-sauteed-kale-creamy-cheddar-rice,11885,https://www.mealime.com/recipes/spicy-honey-butter-shrimp-sauteed-kale-creamy-cheddar-rice/11885,https://www.mealime.com/recipes/spicy-honey-butter-shrimp-sauteed-kale-creamy-cheddar-rice/11884
prosciutto-strawberry-goat-cheese-toasts-arugula-salad,11873,https://www.mealime.com/recipes/prosciutto-strawberry-goat-cheese-toasts-arugula-salad/11873,https://www.mealime.com/recipes/prosciutto-strawberry-goat-cheese-toasts-arugula-salad/11872
couscous-greek-salad-spring-greens-feta,11861,https://www.mealime.com/recipes/couscous-greek-salad-spring-greens-feta/11861,https://www.mealime.com/recipes/couscous-greek-salad-spring-greens-feta/11860
grilled-vegetable-pasta-salad-herbs-goat-cheese,11849,https://www.mealime.com/recipes/grilled-vegetable-pasta-salad-herbs-goat-cheese/11849,https://www.mealime.com/recipes/grilled-vegetable-pasta-salad-herbs-goat-cheese/11848
creamy-dill-chickpea-salad-sandwich-strawberries,11807,https://www.mealime.com/recipes/creamy-dill-chickpea-salad-sandwich-strawberries/11807,https://www.mealime.com/recipes/creamy-dill-chickpea-salad-sandwich-strawberries/11806
sausage-banh-mi-salad-jalapenos-herbs-garlic-crostini,11777,https://www.mealime.com/recipes/sausage-banh-mi-salad-jalapenos-herbs-garlic-crostini/11777,https://www.mealime.com/recipes/sausage-banh-mi-salad-jalapenos-herbs-garlic-crostini/11776
tex-mex-salad-flatbread-beans-corn-avocado-ranch-dressing,11771,https://www.mealime.com/recipes/tex-mex-salad-flatbread-beans-corn-avocado-ranch-dressing/11771,https://www.mealime.com/recipes/tex-mex-salad-flatbread-beans-corn-avocado-ranch-dressing/11770
vegan-beet-poke-bowl-edamame-snap-peas-carrots-sesame-mayo,11747,https://www.mealime.com/recipes/vegan-beet-poke-bowl-edamame-snap-peas-carrots-sesame-mayo/11747,https://www.mealime.com/recipes/vegan-beet-poke-bowl-edamame-snap-peas-carrots-sesame-mayo/11746
spicy-peruvian-roast-chicken-sweet-potatoes-cilantro-feta-salsa,11705,https://www.mealime.com/recipes/spicy-peruvian-roast-chicken-sweet-potatoes-cilantro-feta-salsa/11705,https://www.mealime.com/recipes/spicy-peruvian-roast-chicken-sweet-potatoes-cilantro-feta-salsa/11704
creamy-chicken-mushroom-soup-rice,11669,https://www.mealime.com/recipes/creamy-chicken-mushroom-soup-rice/11669,https://www.mealime.com/recipes/creamy-chicken-mushroom-soup-rice/11668
grilled-steak-greek-salad-lettuce-wraps-garlicky-yogurt-sauce,11609,https://www.mealime.com/recipes/grilled-steak-greek-salad-lettuce-wraps-garlicky-yogurt-sauce/11609,https://www.mealime.com/recipes/grilled-steak-greek-salad-lettuce-wraps-garlicky-yogurt-sauce/11608
peppery-steak-stir-fry-creamy-garlic-coconut-cauliflower-rice,11597,https://www.mealime.com/recipes/peppery-steak-stir-fry-creamy-garlic-coconut-cauliflower-rice/11597,https://www.mealime.com/recipes/peppery-steak-stir-fry-creamy-garlic-coconut-cauliflower-rice/11596
chopped-veggie-salad-sun-dried-tomato-dressing-breadsticks,11531,https://www.mealime.com/recipes/chopped-veggie-salad-sun-dried-tomato-dressing-breadsticks/11531,https://www.mealime.com/recipes/chopped-veggie-salad-sun-dried-tomato-dressing-breadsticks/11530
spicy-bibimbap-style-cauliflower-stir-fry-beef-veggies-eggs,11513,https://www.mealime.com/recipes/spicy-bibimbap-style-cauliflower-stir-fry-beef-veggies-eggs/11513,https://www.mealime.com/recipes/spicy-bibimbap-style-cauliflower-stir-fry-beef-veggies-eggs/11512
warm-shrimp-salad-mixed-veggies-avocado-lemon-caper-dressing,11465,https://www.mealime.com/recipes/warm-shrimp-salad-mixed-veggies-avocado-lemon-caper-dressing/11465,https://www.mealime.com/recipes/warm-shrimp-salad-mixed-veggies-avocado-lemon-caper-dressing/11464
cheesy-vegan-burrito-bowl-spanish-rice-beans-pico-de-gallo,11435,https://www.mealime.com/recipes/cheesy-vegan-burrito-bowl-spanish-rice-beans-pico-de-gallo/11435,https://www.mealime.com/recipes/cheesy-vegan-burrito-bowl-spanish-rice-beans-pico-de-gallo/11434
scrambled-tofu-breakfast-burrito-carrot-celery-cilantro,11408,https://www.mealime.com/recipes/scrambled-tofu-breakfast-burrito-carrot-celery-cilantro/11408,https://www.mealime.com/recipes/scrambled-tofu-breakfast-burrito-carrot-celery-cilantro/11407
cheesy-prosciutto-chicken-grape-tomato-pan-sauce,11366,https://www.mealime.com/recipes/cheesy-prosciutto-chicken-grape-tomato-pan-sauce/11366,https://www.mealime.com/recipes/cheesy-prosciutto-chicken-grape-tomato-pan-sauce/11365
grilled-lemon-shrimp-skewers-peach-tomato-caprese-salad,11348,https://www.mealime.com/recipes/grilled-lemon-shrimp-skewers-peach-tomato-caprese-salad/11348,https://www.mealime.com/recipes/grilled-lemon-shrimp-skewers-peach-tomato-caprese-salad/11347
beefy-broccoli-cheese-soup,11336,https://www.mealime.com/recipes/beefy-broccoli-cheese-soup/11336,https://www.mealime.com/recipes/beefy-broccoli-cheese-soup/11335
grilled-zucchini-veggie-wraps-garlic-hummus,11318,https://www.mealime.com/recipes/grilled-zucchini-veggie-wraps-garlic-hummus/11318,https://www.mealime.com/recipes/grilled-zucchini-veggie-wraps-garlic-hummus/11317
vegetarian-spicy-portobello-carnitas-tacos-beans-chili-mayo,11294,https://www.mealime.com/recipes/vegetarian-spicy-portobello-carnitas-tacos-beans-chili-mayo/11294,https://www.mealime.com/recipes/vegetarian-spicy-portobello-carnitas-tacos-beans-chili-mayo/11293
grilled-sausage-tacos-spicy-charred-pepper-pineapple-salsa,11276,https://www.mealime.com/recipes/grilled-sausage-tacos-spicy-charred-pepper-pineapple-salsa/11276,https://www.mealime.com/recipes/grilled-sausage-tacos-spicy-charred-pepper-pineapple-salsa/11275
cheesy-beef-cilantro-lime-cauliflower-rice-burrito-bowl,11252,https://www.mealime.com/recipes/cheesy-beef-cilantro-lime-cauliflower-rice-burrito-bowl/11252,https://www.mealime.com/recipes/cheesy-beef-cilantro-lime-cauliflower-rice-burrito-bowl/11251
philly-cheesesteaks-quick-pickled-pepper-salad,11222,https://www.mealime.com/recipes/philly-cheesesteaks-quick-pickled-pepper-salad/11222,https://www.mealime.com/recipes/philly-cheesesteaks-quick-pickled-pepper-salad/11221
red-cabbage-quinoa-edamame-salad-asian-peanut-herb-dressing,11198,https://www.mealime.com/recipes/red-cabbage-quinoa-edamame-salad-asian-peanut-herb-dressing/11198,https://www.mealime.com/recipes/red-cabbage-quinoa-edamame-salad-asian-peanut-herb-dressing/11197
mexican-street-corn-salad-black-beans-radish-feta-lime-crema,11192,https://www.mealime.com/recipes/mexican-street-corn-salad-black-beans-radish-feta-lime-crema/11192,https://www.mealime.com/recipes/mexican-street-corn-salad-black-beans-radish-feta-lime-crema/11191
creamy-corn-pasta-salad-cucumber-basil-chives-feta,11168,https://www.mealime.com/recipes/creamy-corn-pasta-salad-cucumber-basil-chives-feta/11168,https://www.mealime.com/recipes/creamy-corn-pasta-salad-cucumber-basil-chives-feta/11167
grilled-pork-tacos-fresh-peach-lime-salsa,11114,https://www.mealime.com/recipes/grilled-pork-tacos-fresh-peach-lime-salsa/11114,https://www.mealime.com/recipes/grilled-pork-tacos-fresh-peach-lime-salsa/11113
warm-smoked-salmon-dilly-baby-potato-salad-avocado,11090,https://www.mealime.com/recipes/warm-smoked-salmon-dilly-baby-potato-salad-avocado/11090,https://www.mealime.com/recipes/warm-smoked-salmon-dilly-baby-potato-salad-avocado/11089
toasted-naan-smoked-salmon-goat-cheese-spread-chopped-salad,11072,https://www.mealime.com/recipes/toasted-naan-smoked-salmon-goat-cheese-spread-chopped-salad/11072,https://www.mealime.com/recipes/toasted-naan-smoked-salmon-goat-cheese-spread-chopped-salad/11071
lemony-white-bean-arugula-salad-prosciutto-homemade-croutons,11054,https://www.mealime.com/recipes/lemony-white-bean-arugula-salad-prosciutto-homemade-croutons/11054,https://www.mealime.com/recipes/lemony-white-bean-arugula-salad-prosciutto-homemade-croutons/11053
curried-egg-salad-naan-wrap-roasted-asparagus-chives,11030,https://www.mealime.com/recipes/curried-egg-salad-naan-wrap-roasted-asparagus-chives/11030,https://www.mealime.com/recipes/curried-egg-salad-naan-wrap-roasted-asparagus-chives/11029
baked-mediterranean-salmon-parcels-lemon-dill-roasted-potatoes,11018,https://www.mealime.com/recipes/baked-mediterranean-salmon-parcels-lemon-dill-roasted-potatoes/11018,https://www.mealime.com/recipes/baked-mediterranean-salmon-parcels-lemon-dill-roasted-potatoes/11017
sweet-potato-patties-smoked-salmon-creamy-greek-salad,10934,https://www.mealime.com/recipes/sweet-potato-patties-smoked-salmon-creamy-greek-salad/10934,https://www.mealime.com/recipes/sweet-potato-patties-smoked-salmon-creamy-greek-salad/10933
hot-gingered-beef-broccoli-salad-red-pepper,10916,https://www.mealime.com/recipes/hot-gingered-beef-broccoli-salad-red-pepper/10916,https://www.mealime.com/recipes/hot-gingered-beef-broccoli-salad-red-pepper/10915
sheet-pan-roasted-chicken-veggie-pitas-lemony-yogurt,10886,https://www.mealime.com/recipes/sheet-pan-roasted-chicken-veggie-pitas-lemony-yogurt/10886,https://www.mealime.com/recipes/sheet-pan-roasted-chicken-veggie-pitas-lemony-yogurt/10885
spicy-pork-pad-thai-sugar-peas-lime-cilantro,10826,https://www.mealime.com/recipes/spicy-pork-pad-thai-sugar-peas-lime-cilantro/10826,https://www.mealime.com/recipes/spicy-pork-pad-thai-sugar-peas-lime-cilantro/10825
red-lentil-tacos-veggie-herb-salad-quick-pickled-onions-feta,10802,https://www.mealime.com/recipes/red-lentil-tacos-veggie-herb-salad-quick-pickled-onions-feta/10802,https://www.mealime.com/recipes/red-lentil-tacos-veggie-herb-salad-quick-pickled-onions-feta/10801
baked-chicken-katsu-steamed-rice-scallion-cucumber-apple-slaw,10790,https://www.mealime.com/recipes/baked-chicken-katsu-steamed-rice-scallion-cucumber-apple-slaw/10790,https://www.mealime.com/recipes/baked-chicken-katsu-steamed-rice-scallion-cucumber-apple-slaw/10789
asian-rice-noodle-salad-grilled-chicken-jalapenos-fresh-herbs,10766,https://www.mealime.com/recipes/asian-rice-noodle-salad-grilled-chicken-jalapenos-fresh-herbs/10766,https://www.mealime.com/recipes/asian-rice-noodle-salad-grilled-chicken-jalapenos-fresh-herbs/10765
bbq-shrimp-zucchini-corn-over-cheddar-cauliflower-grits,10748,https://www.mealime.com/recipes/bbq-shrimp-zucchini-corn-over-cheddar-cauliflower-grits/10748,https://www.mealime.com/recipes/bbq-shrimp-zucchini-corn-over-cheddar-cauliflower-grits/10747
tikka-masala-eggs-spinach-garlic-naan,10742,https://www.mealime.com/recipes/tikka-masala-eggs-spinach-garlic-naan/10742,https://www.mealime.com/recipes/tikka-masala-eggs-spinach-garlic-naan/10741
quinoa-risotto-garden-veggies-basil-parmesan,10730,https://www.mealime.com/recipes/quinoa-risotto-garden-veggies-basil-parmesan/10730,https://www.mealime.com/recipes/quinoa-risotto-garden-veggies-basil-parmesan/10729
balsamic-portobello-burger-caramelized-onions-side-salad,10712,https://www.mealime.com/recipes/balsamic-portobello-burger-caramelized-onions-side-salad/10712,https://www.mealime.com/recipes/balsamic-portobello-burger-caramelized-onions-side-salad/10711
spinach-artichoke-white-bean-stuffed-peppers,10706,https://www.mealime.com/recipes/spinach-artichoke-white-bean-stuffed-peppers/10706,https://www.mealime.com/recipes/spinach-artichoke-white-bean-stuffed-peppers/10705
mini-glazed-meatloaves-mashed-potatoes-roasted-carrots,10694,https://www.mealime.com/recipes/mini-glazed-meatloaves-mashed-potatoes-roasted-carrots/10694,https://www.mealime.com/recipes/mini-glazed-meatloaves-mashed-potatoes-roasted-carrots/10693
chicken-pot-pie-parmesan-potato-crust,10664,https://www.mealime.com/recipes/chicken-pot-pie-parmesan-potato-crust/10664,https://www.mealime.com/recipes/chicken-pot-pie-parmesan-potato-crust/10663
minty-pear-mango-banana-green-smoothie,10646,https://www.mealime.com/recipes/minty-pear-mango-banana-green-smoothie/10646,https://www.mealime.com/recipes/minty-pear-mango-banana-green-smoothie/10645
fresh-corn-polenta-fried-eggs-goat-cheese-arugula-salad,10640,https://www.mealime.com/recipes/fresh-corn-polenta-fried-eggs-goat-cheese-arugula-salad/10640,https://www.mealime.com/recipes/fresh-corn-polenta-fried-eggs-goat-cheese-arugula-salad/10639
puttanesca-pasta-salad-tuna-anchovies-artichokes,10616,https://www.mealime.com/recipes/puttanesca-pasta-salad-tuna-anchovies-artichokes/10616,https://www.mealime.com/recipes/puttanesca-pasta-salad-tuna-anchovies-artichokes/10615
lemon-dill-greek-stuffed-chicken,10610,https://www.mealime.com/recipes/lemon-dill-greek-stuffed-chicken/10610,https://www.mealime.com/recipes/lemon-dill-greek-stuffed-chicken/10609
moroccan-fish-carrot-zucchini-bell-pepper-skillet-couscous,10598,https://www.mealime.com/recipes/moroccan-fish-carrot-zucchini-bell-pepper-skillet-couscous/10598,https://www.mealime.com/recipes/moroccan-fish-carrot-zucchini-bell-pepper-skillet-couscous/10597
balsamic-portobello-salad-pear-edamame-walnuts-avocado,10556,https://www.mealime.com/recipes/balsamic-portobello-salad-pear-edamame-walnuts-avocado/10556,https://www.mealime.com/recipes/balsamic-portobello-salad-pear-edamame-walnuts-avocado/10555
blackberry-glazed-drumsticks-couscous-roasted-brussels-sprouts,10550,https://www.mealime.com/recipes/blackberry-glazed-drumsticks-couscous-roasted-brussels-sprouts/10550,https://www.mealime.com/recipes/blackberry-glazed-drumsticks-couscous-roasted-brussels-sprouts/10549
garlic-lemon-seared-steak-bites-zucchini-noodles,10544,https://www.mealime.com/recipes/garlic-lemon-seared-steak-bites-zucchini-noodles/10544,https://www.mealime.com/recipes/garlic-lemon-seared-steak-bites-zucchini-noodles/10543
lemony-white-bean-spinach-salad-topped-feta-pistachios,10532,https://www.mealime.com/recipes/lemony-white-bean-spinach-salad-topped-feta-pistachios/10532,https://www.mealime.com/recipes/lemony-white-bean-spinach-salad-topped-feta-pistachios/10531
poached-chicken-salad-cranberries-pistachios-garlic-croutons,10514,https://www.mealime.com/recipes/poached-chicken-salad-cranberries-pistachios-garlic-croutons/10514,https://www.mealime.com/recipes/poached-chicken-salad-cranberries-pistachios-garlic-croutons/10513
naked-wonton-soup-bok-choy-green-onions,10397,https://www.mealime.com/recipes/naked-wonton-soup-bok-choy-green-onions/10397,https://www.mealime.com/recipes/naked-wonton-soup-bok-choy-green-onions/10396
cheesy-chicken-taquitos-pico-de-gallo-corn-salad-yogurt-crema,10361,https://www.mealime.com/recipes/cheesy-chicken-taquitos-pico-de-gallo-corn-salad-yogurt-crema/10361,https://www.mealime.com/recipes/cheesy-chicken-taquitos-pico-de-gallo-corn-salad-yogurt-crema/10360
spicy-mapo-tofu-ground-pork-mushrooms-spinach-green-onion,10325,https://www.mealime.com/recipes/spicy-mapo-tofu-ground-pork-mushrooms-spinach-green-onion/10325,https://www.mealime.com/recipes/spicy-mapo-tofu-ground-pork-mushrooms-spinach-green-onion/10324
teriyaki-salmon-meatballs-broccoli-carrot-rice-pilaf,10247,https://www.mealime.com/recipes/teriyaki-salmon-meatballs-broccoli-carrot-rice-pilaf/10247,https://www.mealime.com/recipes/teriyaki-salmon-meatballs-broccoli-carrot-rice-pilaf/10246
shrimp-poboy-spicy-mayo-lemon-dijon-garden-salad,10241,https://www.mealime.com/recipes/shrimp-poboy-spicy-mayo-lemon-dijon-garden-salad/10241,https://www.mealime.com/recipes/shrimp-poboy-spicy-mayo-lemon-dijon-garden-salad/10240
italian-tuna-salad-lettuce-wraps-cannellini-beans-olives,10213,https://www.mealime.com/recipes/italian-tuna-salad-lettuce-wraps-cannellini-beans-olives/10213,https://www.mealime.com/recipes/italian-tuna-salad-lettuce-wraps-cannellini-beans-olives/10212
caribbean-black-bean-stew-mango-salsa-rice,10195,https://www.mealime.com/recipes/caribbean-black-bean-stew-mango-salsa-rice/10195,https://www.mealime.com/recipes/caribbean-black-bean-stew-mango-salsa-rice/10194
maple-pecan-oatmeal-fresh-peaches,10183,https://www.mealime.com/recipes/maple-pecan-oatmeal-fresh-peaches/10183,https://www.mealime.com/recipes/maple-pecan-oatmeal-fresh-peaches/10182
chicken-bell-pepper-cashew-stir-fry-over-rice,10171,https://www.mealime.com/recipes/chicken-bell-pepper-cashew-stir-fry-over-rice/10171,https://www.mealime.com/recipes/chicken-bell-pepper-cashew-stir-fry-over-rice/10170
pasta-salad-mango-avocado-edamame-sesame-soy-dressing,10159,https://www.mealime.com/recipes/pasta-salad-mango-avocado-edamame-sesame-soy-dressing/10159,https://www.mealime.com/recipes/pasta-salad-mango-avocado-edamame-sesame-soy-dressing/10158
smoked-salmon-bowl-ginger-rice-edamame-mango-avocado,10089,https://www.mealime.com/recipes/smoked-salmon-bowl-ginger-rice-edamame-mango-avocado/10089,https://www.mealime.com/recipes/smoked-salmon-bowl-ginger-rice-edamame-mango-avocado/10088
smoked-salmon-goat-cheese-on-toasted-rolls-everything-spice,10069,https://www.mealime.com/recipes/smoked-salmon-goat-cheese-on-toasted-rolls-everything-spice/10069,https://www.mealime.com/recipes/smoked-salmon-goat-cheese-on-toasted-rolls-everything-spice/10068
crispy-fish-sandwich-garlic-tartar-sauce-side-salad,10047,https://www.mealime.com/recipes/crispy-fish-sandwich-garlic-tartar-sauce-side-salad/10047,https://www.mealime.com/recipes/crispy-fish-sandwich-garlic-tartar-sauce-side-salad/10046
chocolate-strawberry-oatmeal-sliced-almonds,10035,https://www.mealime.com/recipes/chocolate-strawberry-oatmeal-sliced-almonds/10035,https://www.mealime.com/recipes/chocolate-strawberry-oatmeal-sliced-almonds/10034
rotini-caesar-salad-homemade-garlic-croutons,10023,https://www.mealime.com/recipes/rotini-caesar-salad-homemade-garlic-croutons/10023,https://www.mealime.com/recipes/rotini-caesar-salad-homemade-garlic-croutons/10022
spicy-thai-coconut-chicken-soup-tom-kha-gai,10011,https://www.mealime.com/recipes/spicy-thai-coconut-chicken-soup-tom-kha-gai/10011,https://www.mealime.com/recipes/spicy-thai-coconut-chicken-soup-tom-kha-gai/10010
curried-chickpea-salad-flatbread-wrap-lettuce-tomato-dill,9999,https://www.mealime.com/recipes/curried-chickpea-salad-flatbread-wrap-lettuce-tomato-dill/9999,https://www.mealime.com/recipes/curried-chickpea-salad-flatbread-wrap-lettuce-tomato-dill/9998
antipasti-pasta-salad-crispy-prosciutto-artichokes-mozzarella,9969,https://www.mealime.com/recipes/antipasti-pasta-salad-crispy-prosciutto-artichokes-mozzarella/9969,https://www.mealime.com/recipes/antipasti-pasta-salad-crispy-prosciutto-artichokes-mozzarella/9968
hot-italian-sausage-sandwich-peppers-onions-mozzarella,9945,https://www.mealime.com/recipes/hot-italian-sausage-sandwich-peppers-onions-mozzarella/9945,https://www.mealime.com/recipes/hot-italian-sausage-sandwich-peppers-onions-mozzarella/9944
ginger-lime-salmon-cake-lettuce-wraps-spicy-mayo,9927,https://www.mealime.com/recipes/ginger-lime-salmon-cake-lettuce-wraps-spicy-mayo/9927,https://www.mealime.com/recipes/ginger-lime-salmon-cake-lettuce-wraps-spicy-mayo/9926
two-cheese-chicken-spinach-artichoke-melts,9903,https://www.mealime.com/recipes/two-cheese-chicken-spinach-artichoke-melts/9903,https://www.mealime.com/recipes/two-cheese-chicken-spinach-artichoke-melts/9902
lemon-poppy-seed-pancakes-strawberries-maple-syrup,9897,https://www.mealime.com/recipes/lemon-poppy-seed-pancakes-strawberries-maple-syrup/9897,https://www.mealime.com/recipes/lemon-poppy-seed-pancakes-strawberries-maple-syrup/9896
brussels-sprout-salad-roasted-chicken-crisp-apple-walnuts,9891,https://www.mealime.com/recipes/brussels-sprout-salad-roasted-chicken-crisp-apple-walnuts/9891,https://www.mealime.com/recipes/brussels-sprout-salad-roasted-chicken-crisp-apple-walnuts/9890
classic-steak-egg-breakfast-avocado-tomato-toast,9861,https://www.mealime.com/recipes/classic-steak-egg-breakfast-avocado-tomato-toast/9861,https://www.mealime.com/recipes/classic-steak-egg-breakfast-avocado-tomato-toast/9860
warm-sausage-rice-salad-spinach-feta,9789,https://www.mealime.com/recipes/warm-sausage-rice-salad-spinach-feta/9789,https://www.mealime.com/recipes/warm-sausage-rice-salad-spinach-feta/9788
cheesy-white-bean-kale-skillet-toast-points,9771,https://www.mealime.com/recipes/cheesy-white-bean-kale-skillet-toast-points/9771,https://www.mealime.com/recipes/cheesy-white-bean-kale-skillet-toast-points/9770
beef-cheddar-taco-bake-jalapenos,9753,https://www.mealime.com/recipes/beef-cheddar-taco-bake-jalapenos/9753,https://www.mealime.com/recipes/beef-cheddar-taco-bake-jalapenos/9752
cheesy-spinach-rice-stuffed-portobello-mushrooms,9747,https://www.mealime.com/recipes/cheesy-spinach-rice-stuffed-portobello-mushrooms/9747,https://www.mealime.com/recipes/cheesy-spinach-rice-stuffed-portobello-mushrooms/9746
kidney-bean-chili-melty-cheddar-cornbread-topping,9717,https://www.mealime.com/recipes/kidney-bean-chili-melty-cheddar-cornbread-topping/9717,https://www.mealime.com/recipes/kidney-bean-chili-melty-cheddar-cornbread-topping/9716
lettuce-wrap-burgers-fresh-greens-paprika-aioli,9699,https://www.mealime.com/recipes/lettuce-wrap-burgers-fresh-greens-paprika-aioli/9699,https://www.mealime.com/recipes/lettuce-wrap-burgers-fresh-greens-paprika-aioli/9698
creamy-garlic-parmesan-tuna-pasta-peas,9669,https://www.mealime.com/recipes/creamy-garlic-parmesan-tuna-pasta-peas/9669,https://www.mealime.com/recipes/creamy-garlic-parmesan-tuna-pasta-peas/9668
cherry-tomato-garlic-shrimp-saute-cornmeal-drop-biscuits,9633,https://www.mealime.com/recipes/cherry-tomato-garlic-shrimp-saute-cornmeal-drop-biscuits/9633,https://www.mealime.com/recipes/cherry-tomato-garlic-shrimp-saute-cornmeal-drop-biscuits/9632
vegan-caesar-salad-kale-kidney-beans-herbed-croutons,9621,https://www.mealime.com/recipes/vegan-caesar-salad-kale-kidney-beans-herbed-croutons/9621,https://www.mealime.com/recipes/vegan-caesar-salad-kale-kidney-beans-herbed-croutons/9620
pasta-frittata-warm-puttanesca-sauce-basil-arugula-salad,9609,https://www.mealime.com/recipes/pasta-frittata-warm-puttanesca-sauce-basil-arugula-salad/9609,https://www.mealime.com/recipes/pasta-frittata-warm-puttanesca-sauce-basil-arugula-salad/9608
grilled-ribeye-steak-salad-pear-blue-cheese-cranberries,9603,https://www.mealime.com/recipes/grilled-ribeye-steak-salad-pear-blue-cheese-cranberries/9603,https://www.mealime.com/recipes/grilled-ribeye-steak-salad-pear-blue-cheese-cranberries/9602
almond-butter-greek-yogurt-parfait-grapes,9570,https://www.mealime.com/recipes/almond-butter-greek-yogurt-parfait-grapes/9570,https://www.mealime.com/recipes/almond-butter-greek-yogurt-parfait-grapes/9569
baked-spicy-cajun-chicken-creamed-corn-green-beans,9564,https://www.mealime.com/recipes/baked-spicy-cajun-chicken-creamed-corn-green-beans/9564,https://www.mealime.com/recipes/baked-spicy-cajun-chicken-creamed-corn-green-beans/9563
gnocchi-creamy-parmesan-tomato-sauce-vegetables,9558,https://www.mealime.com/recipes/gnocchi-creamy-parmesan-tomato-sauce-vegetables/9558,https://www.mealime.com/recipes/gnocchi-creamy-parmesan-tomato-sauce-vegetables/9557
maple-sage-turkey-sausages-sunny-side-up-eggs,9540,https://www.mealime.com/recipes/maple-sage-turkey-sausages-sunny-side-up-eggs/9540,https://www.mealime.com/recipes/maple-sage-turkey-sausages-sunny-side-up-eggs/9539
cheesy-smashed-potatoes-bacon-mushrooms-tomato-green-onion,9510,https://www.mealime.com/recipes/cheesy-smashed-potatoes-bacon-mushrooms-tomato-green-onion/9510,https://www.mealime.com/recipes/cheesy-smashed-potatoes-bacon-mushrooms-tomato-green-onion/9509
pan-fried-cherry-tomatoes-basil-feta-over-toast,9498,https://www.mealime.com/recipes/pan-fried-cherry-tomatoes-basil-feta-over-toast/9498,https://www.mealime.com/recipes/pan-fried-cherry-tomatoes-basil-feta-over-toast/9497
pineapple-salmon-teriyaki-stir-fry-broccoli-green-onion,9480,https://www.mealime.com/recipes/pineapple-salmon-teriyaki-stir-fry-broccoli-green-onion/9480,https://www.mealime.com/recipes/pineapple-salmon-teriyaki-stir-fry-broccoli-green-onion/9479
italian-turkey-meatball-sandwich-mozzarella-homemade-marinara,9468,https://www.mealime.com/recipes/italian-turkey-meatball-sandwich-mozzarella-homemade-marinara/9468,https://www.mealime.com/recipes/italian-turkey-meatball-sandwich-mozzarella-homemade-marinara/9467
grilled-peanut-lime-chicken-broccoli-peppers-onion,9444,https://www.mealime.com/recipes/grilled-peanut-lime-chicken-broccoli-peppers-onion/9444,https://www.mealime.com/recipes/grilled-peanut-lime-chicken-broccoli-peppers-onion/9443
pumpkin-black-bean-soup-sweet-potatoes-tender-kale,9438,https://www.mealime.com/recipes/pumpkin-black-bean-soup-sweet-potatoes-tender-kale/9438,https://www.mealime.com/recipes/pumpkin-black-bean-soup-sweet-potatoes-tender-kale/9437
cheesy-vegan-broccoli-cashew-quinoa-burrito-sun-dried-tomatoes,9426,https://www.mealime.com/recipes/cheesy-vegan-broccoli-cashew-quinoa-burrito-sun-dried-tomatoes/9426,https://www.mealime.com/recipes/cheesy-vegan-broccoli-cashew-quinoa-burrito-sun-dried-tomatoes/9425
mushroom-onion-mozzarella-frittata-lemony-arugula,9408,https://www.mealime.com/recipes/mushroom-onion-mozzarella-frittata-lemony-arugula/9408,https://www.mealime.com/recipes/mushroom-onion-mozzarella-frittata-lemony-arugula/9407
grilled-salmon-salad-goat-cheese-walnuts-strawberry-dressing,9396,https://www.mealime.com/recipes/grilled-salmon-salad-goat-cheese-walnuts-strawberry-dressing/9396,https://www.mealime.com/recipes/grilled-salmon-salad-goat-cheese-walnuts-strawberry-dressing/9395
open-faced-muffuletta-sandwiches-tapenade-tomato-cucumber-salad,9372,https://www.mealime.com/recipes/open-faced-muffuletta-sandwiches-tapenade-tomato-cucumber-salad/9372,https://www.mealime.com/recipes/open-faced-muffuletta-sandwiches-tapenade-tomato-cucumber-salad/9371
sausage-asparagus-walnut-quinoa-pilaf-cranberries,9360,https://www.mealime.com/recipes/sausage-asparagus-walnut-quinoa-pilaf-cranberries/9360,https://www.mealime.com/recipes/sausage-asparagus-walnut-quinoa-pilaf-cranberries/9359
creamy-vegan-mushroom-stroganoff-thyme-baby-spinach,9348,https://www.mealime.com/recipes/creamy-vegan-mushroom-stroganoff-thyme-baby-spinach/9348,https://www.mealime.com/recipes/creamy-vegan-mushroom-stroganoff-thyme-baby-spinach/9347
salmon-fish-fingers-oven-baked-fries-zesty-yogurt-sauce,9336,https://www.mealime.com/recipes/salmon-fish-fingers-oven-baked-fries-zesty-yogurt-sauce/9336,https://www.mealime.com/recipes/salmon-fish-fingers-oven-baked-fries-zesty-yogurt-sauce/9335
one-pot-creamy-taco-pasta-turkey-cheddar,9312,https://www.mealime.com/recipes/one-pot-creamy-taco-pasta-turkey-cheddar/9312,https://www.mealime.com/recipes/one-pot-creamy-taco-pasta-turkey-cheddar/9311
potato-walnut-sun-dried-tomato-chorizo-tacos-avocado-cream,9306,https://www.mealime.com/recipes/potato-walnut-sun-dried-tomato-chorizo-tacos-avocado-cream/9306,https://www.mealime.com/recipes/potato-walnut-sun-dried-tomato-chorizo-tacos-avocado-cream/9305
indian-spiced-lentil-soup-sweet-potato-spinach-pita,9294,https://www.mealime.com/recipes/indian-spiced-lentil-soup-sweet-potato-spinach-pita/9294,https://www.mealime.com/recipes/indian-spiced-lentil-soup-sweet-potato-spinach-pita/9293
cauliflower-red-lentil-soup-avocado-cilantro-yogurt,9264,https://www.mealime.com/recipes/cauliflower-red-lentil-soup-avocado-cilantro-yogurt/9264,https://www.mealime.com/recipes/cauliflower-red-lentil-soup-avocado-cilantro-yogurt/9263
buttered-scallops-bacon-brown-sugar-brussels-sprouts,9258,https://www.mealime.com/recipes/buttered-scallops-bacon-brown-sugar-brussels-sprouts/9258,https://www.mealime.com/recipes/buttered-scallops-bacon-brown-sugar-brussels-sprouts/9257
chicken-cordon-bleu-lemon-dijon-sauce-roasted-asparagus,9246,https://www.mealime.com/recipes/chicken-cordon-bleu-lemon-dijon-sauce-roasted-asparagus/9246,https://www.mealime.com/recipes/chicken-cordon-bleu-lemon-dijon-sauce-roasted-asparagus/9245
indian-spiced-potato-pockets-mint-raita-cilantro-chutney,9210,https://www.mealime.com/recipes/indian-spiced-potato-pockets-mint-raita-cilantro-chutney/9210,https://www.mealime.com/recipes/indian-spiced-potato-pockets-mint-raita-cilantro-chutney/9209
one-pan-cheesy-cauliflower-broccoli-chicken,9204,https://www.mealime.com/recipes/one-pan-cheesy-cauliflower-broccoli-chicken/9204,https://www.mealime.com/recipes/one-pan-cheesy-cauliflower-broccoli-chicken/9203
bacon-cheddar-tortilla-egg-roll-chives,9180,https://www.mealime.com/recipes/bacon-cheddar-tortilla-egg-roll-chives/9180,https://www.mealime.com/recipes/bacon-cheddar-tortilla-egg-roll-chives/9179
short-cut-spanakopita-greek-tomato-cucumber-salad,9162,https://www.mealime.com/recipes/short-cut-spanakopita-greek-tomato-cucumber-salad/9162,https://www.mealime.com/recipes/short-cut-spanakopita-greek-tomato-cucumber-salad/9161
cheesy-one-pot-gnocchi-italian-sausage-spinach,9156,https://www.mealime.com/recipes/cheesy-one-pot-gnocchi-italian-sausage-spinach/9156,https://www.mealime.com/recipes/cheesy-one-pot-gnocchi-italian-sausage-spinach/9155
warm-avocado-dill-potato-salad-asparagus-edamame-pine-nuts,9144,https://www.mealime.com/recipes/warm-avocado-dill-potato-salad-asparagus-edamame-pine-nuts/9144,https://www.mealime.com/recipes/warm-avocado-dill-potato-salad-asparagus-edamame-pine-nuts/9143
cheesy-vegan-pizza-mushrooms-sun-dried-tomatoes-basil,9114,https://www.mealime.com/recipes/cheesy-vegan-pizza-mushrooms-sun-dried-tomatoes-basil/9114,https://www.mealime.com/recipes/cheesy-vegan-pizza-mushrooms-sun-dried-tomatoes-basil/9113
spicy-turkey-meatballs-peanut-broccoli-slaw-rice,9102,https://www.mealime.com/recipes/spicy-turkey-meatballs-peanut-broccoli-slaw-rice/9102,https://www.mealime.com/recipes/spicy-turkey-meatballs-peanut-broccoli-slaw-rice/9101
salisbury-steak-cauliflower-mash-tomato-onion-gravy,9084,https://www.mealime.com/recipes/salisbury-steak-cauliflower-mash-tomato-onion-gravy/9084,https://www.mealime.com/recipes/salisbury-steak-cauliflower-mash-tomato-onion-gravy/9083
sun-dried-tomato-pasta-spinach-fresh-basil,9066,https://www.mealime.com/recipes/sun-dried-tomato-pasta-spinach-fresh-basil/9066,https://www.mealime.com/recipes/sun-dried-tomato-pasta-spinach-fresh-basil/9065
sesame-encrusted-salmon-over-tahini-parmesan-caesar-salad-apple,9060,https://www.mealime.com/recipes/sesame-encrusted-salmon-over-tahini-parmesan-caesar-salad-apple/9060,https://www.mealime.com/recipes/sesame-encrusted-salmon-over-tahini-parmesan-caesar-salad-apple/9059
white-bean-soup-caper-almond-pesto,9054,https://www.mealime.com/recipes/white-bean-soup-caper-almond-pesto/9054,https://www.mealime.com/recipes/white-bean-soup-caper-almond-pesto/9053
cheesy-garlic-chicken-broccoli-spinach,9048,https://www.mealime.com/recipes/cheesy-garlic-chicken-broccoli-spinach/9048,https://www.mealime.com/recipes/cheesy-garlic-chicken-broccoli-spinach/9047
hummus-plate-roasted-asparagus-pita-chips-carrot-salad-feta,9036,https://www.mealime.com/recipes/hummus-plate-roasted-asparagus-pita-chips-carrot-salad-feta/9036,https://www.mealime.com/recipes/hummus-plate-roasted-asparagus-pita-chips-carrot-salad-feta/9035
sweet-sour-shrimp-rice-noodles-carrots-peppers,9018,https://www.mealime.com/recipes/sweet-sour-shrimp-rice-noodles-carrots-peppers/9018,https://www.mealime.com/recipes/sweet-sour-shrimp-rice-noodles-carrots-peppers/9017
butternut-squash-soup-spinach-salad-lemon-poppy-seed-dressing,9012,https://www.mealime.com/recipes/butternut-squash-soup-spinach-salad-lemon-poppy-seed-dressing/9012,https://www.mealime.com/recipes/butternut-squash-soup-spinach-salad-lemon-poppy-seed-dressing/9011
mozzarella-prosciutto-corn-arugula-flatbread-pizza,9006,https://www.mealime.com/recipes/mozzarella-prosciutto-corn-arugula-flatbread-pizza/9006,https://www.mealime.com/recipes/mozzarella-prosciutto-corn-arugula-flatbread-pizza/9005
avocado-toasts-lemon-cayenne-paprika-roasted-chickpeas,8994,https://www.mealime.com/recipes/avocado-toasts-lemon-cayenne-paprika-roasted-chickpeas/8994,https://www.mealime.com/recipes/avocado-toasts-lemon-cayenne-paprika-roasted-chickpeas/8993
lebanese-style-beef-kabobs-cucumber-tomato-salad-paprika-yogurt,8976,https://www.mealime.com/recipes/lebanese-style-beef-kabobs-cucumber-tomato-salad-paprika-yogurt/8976,https://www.mealime.com/recipes/lebanese-style-beef-kabobs-cucumber-tomato-salad-paprika-yogurt/8975
vegetarian-mushroom-tomato-sauce-over-crisp-zucchini-noodles,8952,https://www.mealime.com/recipes/vegetarian-mushroom-tomato-sauce-over-crisp-zucchini-noodles/8952,https://www.mealime.com/recipes/vegetarian-mushroom-tomato-sauce-over-crisp-zucchini-noodles/8951
turkey-meatballs-sauteed-kale-lemon-parsley-dressing,8940,https://www.mealime.com/recipes/turkey-meatballs-sauteed-kale-lemon-parsley-dressing/8940,https://www.mealime.com/recipes/turkey-meatballs-sauteed-kale-lemon-parsley-dressing/8939
steak-kabobs-mediterranean-spice-rub-cauliflower-tabouli-salad,8934,https://www.mealime.com/recipes/steak-kabobs-mediterranean-spice-rub-cauliflower-tabouli-salad/8934,https://www.mealime.com/recipes/steak-kabobs-mediterranean-spice-rub-cauliflower-tabouli-salad/8933
mushroom-toasts-goat-cheese-balsamic-thyme,8922,https://www.mealime.com/recipes/mushroom-toasts-goat-cheese-balsamic-thyme/8922,https://www.mealime.com/recipes/mushroom-toasts-goat-cheese-balsamic-thyme/8921
warm-pear-walnut-blue-cheese-toasts-honey,8910,https://www.mealime.com/recipes/warm-pear-walnut-blue-cheese-toasts-honey/8910,https://www.mealime.com/recipes/warm-pear-walnut-blue-cheese-toasts-honey/8909
pan-fried-salmon-cauliflower-spinach-power-mash,8904,https://www.mealime.com/recipes/pan-fried-salmon-cauliflower-spinach-power-mash/8904,https://www.mealime.com/recipes/pan-fried-salmon-cauliflower-spinach-power-mash/8903
sunrise-omelet-feta-dill,8892,https://www.mealime.com/recipes/sunrise-omelet-feta-dill/8892,https://www.mealime.com/recipes/sunrise-omelet-feta-dill/8891
charred-broccoli-bowl-chicken-edamame-almonds-cilantro-lime,8868,https://www.mealime.com/recipes/charred-broccoli-bowl-chicken-edamame-almonds-cilantro-lime/8868,https://www.mealime.com/recipes/charred-broccoli-bowl-chicken-edamame-almonds-cilantro-lime/8867
quinoa-minestrone-kale-crispy-italian-spiced-chickpeas,8850,https://www.mealime.com/recipes/quinoa-minestrone-kale-crispy-italian-spiced-chickpeas/8850,https://www.mealime.com/recipes/quinoa-minestrone-kale-crispy-italian-spiced-chickpeas/8849
turkish-eggs-garlicky-yogurt-chili-butter-chives-pita,8844,https://www.mealime.com/recipes/turkish-eggs-garlicky-yogurt-chili-butter-chives-pita/8844,https://www.mealime.com/recipes/turkish-eggs-garlicky-yogurt-chili-butter-chives-pita/8843
pumpkin-spice-smoothie-banana-fresh-ginger,8832,https://www.mealime.com/recipes/pumpkin-spice-smoothie-banana-fresh-ginger/8832,https://www.mealime.com/recipes/pumpkin-spice-smoothie-banana-fresh-ginger/8831
chicken-milanese-italian-pizzeria-salad-creamy-oregano-dressing,8820,https://www.mealime.com/recipes/chicken-milanese-italian-pizzeria-salad-creamy-oregano-dressing/8820,https://www.mealime.com/recipes/chicken-milanese-italian-pizzeria-salad-creamy-oregano-dressing/8819
bbq-black-bean-sandwich-creamy-vegan-slaw,8808,https://www.mealime.com/recipes/bbq-black-bean-sandwich-creamy-vegan-slaw/8808,https://www.mealime.com/recipes/bbq-black-bean-sandwich-creamy-vegan-slaw/8807
mozzarella-tomato-basil-omelet,8802,https://www.mealime.com/recipes/mozzarella-tomato-basil-omelet/8802,https://www.mealime.com/recipes/mozzarella-tomato-basil-omelet/8801
simple-butter-chicken-peas-basmati-rice,8751,https://www.mealime.com/recipes/simple-butter-chicken-peas-basmati-rice/8751,https://www.mealime.com/recipes/simple-butter-chicken-peas-basmati-rice/8750
turkey-shepherds-pie-mixed-vegetables-parmesan-potatoes,8708,https://www.mealime.com/recipes/turkey-shepherds-pie-mixed-vegetables-parmesan-potatoes/8708,https://www.mealime.com/recipes/turkey-shepherds-pie-mixed-vegetables-parmesan-potatoes/8707
creamy-herbed-pumpkin-pasta-garlic-green-beans,8696,https://www.mealime.com/recipes/creamy-herbed-pumpkin-pasta-garlic-green-beans/8696,https://www.mealime.com/recipes/creamy-herbed-pumpkin-pasta-garlic-green-beans/8695
spicy-beef-cheddar-bell-pepper-nachos-tomatoes-jalapenos,8690,https://www.mealime.com/recipes/spicy-beef-cheddar-bell-pepper-nachos-tomatoes-jalapenos/8690,https://www.mealime.com/recipes/spicy-beef-cheddar-bell-pepper-nachos-tomatoes-jalapenos/8689
tortilla-egg-roll-prosciutto-mozzarella-basil,8684,https://www.mealime.com/recipes/tortilla-egg-roll-prosciutto-mozzarella-basil/8684,https://www.mealime.com/recipes/tortilla-egg-roll-prosciutto-mozzarella-basil/8683
broccoli-pork-egg-fu-young-steamed-rice-gravy,8642,https://www.mealime.com/recipes/broccoli-pork-egg-fu-young-steamed-rice-gravy/8642,https://www.mealime.com/recipes/broccoli-pork-egg-fu-young-steamed-rice-gravy/8641
two-cheese-spinach-chicken-bake-roasted-zucchini,8636,https://www.mealime.com/recipes/two-cheese-spinach-chicken-bake-roasted-zucchini/8636,https://www.mealime.com/recipes/two-cheese-spinach-chicken-bake-roasted-zucchini/8635
spicy-tortilla-egg-roll-avocado-pico-de-gallo-salad,8618,https://www.mealime.com/recipes/spicy-tortilla-egg-roll-avocado-pico-de-gallo-salad/8618,https://www.mealime.com/recipes/spicy-tortilla-egg-roll-avocado-pico-de-gallo-salad/8617
spicy-thai-basil-chicken-baby-spinach-rice,8606,https://www.mealime.com/recipes/spicy-thai-basil-chicken-baby-spinach-rice/8606,https://www.mealime.com/recipes/spicy-thai-basil-chicken-baby-spinach-rice/8605
red-lentil-coconut-curry-peppers-avocado,8594,https://www.mealime.com/recipes/red-lentil-coconut-curry-peppers-avocado/8594,https://www.mealime.com/recipes/red-lentil-coconut-curry-peppers-avocado/8593
quinoa-burrito-bowls-fresh-strawberry-salsa,8588,https://www.mealime.com/recipes/quinoa-burrito-bowls-fresh-strawberry-salsa/8588,https://www.mealime.com/recipes/quinoa-burrito-bowls-fresh-strawberry-salsa/8587
quinoa-orange-blueberry-breakfast-salad-almonds,8582,https://www.mealime.com/recipes/quinoa-orange-blueberry-breakfast-salad-almonds/8582,https://www.mealime.com/recipes/quinoa-orange-blueberry-breakfast-salad-almonds/8581
lentil-taco-lettuce-wraps-sauteed-veggies-lime-crema,8576,https://www.mealime.com/recipes/lentil-taco-lettuce-wraps-sauteed-veggies-lime-crema/8576,https://www.mealime.com/recipes/lentil-taco-lettuce-wraps-sauteed-veggies-lime-crema/8575
sweet-potato-chickpea-bowls-maple-tahini-sauce,8570,https://www.mealime.com/recipes/sweet-potato-chickpea-bowls-maple-tahini-sauce/8570,https://www.mealime.com/recipes/sweet-potato-chickpea-bowls-maple-tahini-sauce/8569
buffalo-cauliflower-chickpea-pita-pockets-ranch-sauce,8558,https://www.mealime.com/recipes/buffalo-cauliflower-chickpea-pita-pockets-ranch-sauce/8558,https://www.mealime.com/recipes/buffalo-cauliflower-chickpea-pita-pockets-ranch-sauce/8557
savory-oatmeal-egg-asparagus-sun-dried-tomatoes-parmesan,8552,https://www.mealime.com/recipes/savory-oatmeal-egg-asparagus-sun-dried-tomatoes-parmesan/8552,https://www.mealime.com/recipes/savory-oatmeal-egg-asparagus-sun-dried-tomatoes-parmesan/8551
black-bean-avocado-cheddar-breakfast-tacos,8528,https://www.mealime.com/recipes/black-bean-avocado-cheddar-breakfast-tacos/8528,https://www.mealime.com/recipes/black-bean-avocado-cheddar-breakfast-tacos/8527
salmon-nicoise-pasta-salad-kalamata-olive-caper-vinaigrette,8504,https://www.mealime.com/recipes/salmon-nicoise-pasta-salad-kalamata-olive-caper-vinaigrette/8504,https://www.mealime.com/recipes/salmon-nicoise-pasta-salad-kalamata-olive-caper-vinaigrette/8503
honey-walnut-shrimp-broccoli-rice,8492,https://www.mealime.com/recipes/honey-walnut-shrimp-broccoli-rice/8492,https://www.mealime.com/recipes/honey-walnut-shrimp-broccoli-rice/8491
grilled-chicken-ranch-wraps-balsamic-tomatoes-cucumbers,8486,https://www.mealime.com/recipes/grilled-chicken-ranch-wraps-balsamic-tomatoes-cucumbers/8486,https://www.mealime.com/recipes/grilled-chicken-ranch-wraps-balsamic-tomatoes-cucumbers/8485
green-bean-pesto-white-cheddar-grilled-cheese-mixed-greens,8474,https://www.mealime.com/recipes/green-bean-pesto-white-cheddar-grilled-cheese-mixed-greens/8474,https://www.mealime.com/recipes/green-bean-pesto-white-cheddar-grilled-cheese-mixed-greens/8473
savory-oatmeal-soft-boiled-egg-avocado-fresh-herbs-sesame,8462,https://www.mealime.com/recipes/savory-oatmeal-soft-boiled-egg-avocado-fresh-herbs-sesame/8462,https://www.mealime.com/recipes/savory-oatmeal-soft-boiled-egg-avocado-fresh-herbs-sesame/8461
zesty-chickpea-kale-salad-sun-dried-tomatoes-pumpkin-seeds,8456,https://www.mealime.com/recipes/zesty-chickpea-kale-salad-sun-dried-tomatoes-pumpkin-seeds/8456,https://www.mealime.com/recipes/zesty-chickpea-kale-salad-sun-dried-tomatoes-pumpkin-seeds/8455
quick-pickled-spicy-shrimp-avocado-salad-buttered-toast-points,8432,https://www.mealime.com/recipes/quick-pickled-spicy-shrimp-avocado-salad-buttered-toast-points/8432,https://www.mealime.com/recipes/quick-pickled-spicy-shrimp-avocado-salad-buttered-toast-points/8431
spicy-chili-garlic-chicken-broccoli-rice-bowl,8420,https://www.mealime.com/recipes/spicy-chili-garlic-chicken-broccoli-rice-bowl/8420,https://www.mealime.com/recipes/spicy-chili-garlic-chicken-broccoli-rice-bowl/8419
mediterranean-sweet-potatoes-chickpeas-garlic-yogurt-sauce,8396,https://www.mealime.com/recipes/mediterranean-sweet-potatoes-chickpeas-garlic-yogurt-sauce/8396,https://www.mealime.com/recipes/mediterranean-sweet-potatoes-chickpeas-garlic-yogurt-sauce/8395
mixed-berry-smoothie-bowl-cinnamon-almonds,8390,https://www.mealime.com/recipes/mixed-berry-smoothie-bowl-cinnamon-almonds/8390,https://www.mealime.com/recipes/mixed-berry-smoothie-bowl-cinnamon-almonds/8389
mango-avocado-bacon-salad-lemony-chive-dressing,8378,https://www.mealime.com/recipes/mango-avocado-bacon-salad-lemony-chive-dressing/8378,https://www.mealime.com/recipes/mango-avocado-bacon-salad-lemony-chive-dressing/8377
asian-chili-garlic-salad-grilled-chicken-thighs-fresh-herbs,8366,https://www.mealime.com/recipes/asian-chili-garlic-salad-grilled-chicken-thighs-fresh-herbs/8366,https://www.mealime.com/recipes/asian-chili-garlic-salad-grilled-chicken-thighs-fresh-herbs/8365
mashed-peas-on-toast-fried-egg-bacon,8297,https://www.mealime.com/recipes/mashed-peas-on-toast-fried-egg-bacon/8297,https://www.mealime.com/recipes/mashed-peas-on-toast-fried-egg-bacon/8296
turkey-egg-roll-in-bowl-spicy-mayo,8273,https://www.mealime.com/recipes/turkey-egg-roll-in-bowl-spicy-mayo/8273,https://www.mealime.com/recipes/turkey-egg-roll-in-bowl-spicy-mayo/8272
spicy-sweet-potato-black-bean-burrito,8261,https://www.mealime.com/recipes/spicy-sweet-potato-black-bean-burrito/8261,https://www.mealime.com/recipes/spicy-sweet-potato-black-bean-burrito/8260
cranberry-pecan-breakfast-cookies,8255,https://www.mealime.com/recipes/cranberry-pecan-breakfast-cookies/8255,https://www.mealime.com/recipes/cranberry-pecan-breakfast-cookies/8254
dijon-caper-potato-salad-pork-chops-green-beans,8201,https://www.mealime.com/recipes/dijon-caper-potato-salad-pork-chops-green-beans/8201,https://www.mealime.com/recipes/dijon-caper-potato-salad-pork-chops-green-beans/8200
balsamic-roasted-mushrooms-cheesy-garlic-kale-mashed-potatoes,7894,https://www.mealime.com/recipes/balsamic-roasted-mushrooms-cheesy-garlic-kale-mashed-potatoes/7894,https://www.mealime.com/recipes/balsamic-roasted-mushrooms-cheesy-garlic-kale-mashed-potatoes/7893
sun-dried-tomato-chicken-broccoli-pine-nuts-parmesan,7876,https://www.mealime.com/recipes/sun-dried-tomato-chicken-broccoli-pine-nuts-parmesan/7876,https://www.mealime.com/recipes/sun-dried-tomato-chicken-broccoli-pine-nuts-parmesan/7875
portobello-tomato-melts-simple-greens,7834,https://www.mealime.com/recipes/portobello-tomato-melts-simple-greens/7834,https://www.mealime.com/recipes/portobello-tomato-melts-simple-greens/7833
warm-asparagus-salad-roasted-peppers-black-beans-fresh-mozza,7822,https://www.mealime.com/recipes/warm-asparagus-salad-roasted-peppers-black-beans-fresh-mozza/7822,https://www.mealime.com/recipes/warm-asparagus-salad-roasted-peppers-black-beans-fresh-mozza/7821
cinnamon-oatmeal-pistachios-maple-lime-yogurt,7810,https://www.mealime.com/recipes/cinnamon-oatmeal-pistachios-maple-lime-yogurt/7810,https://www.mealime.com/recipes/cinnamon-oatmeal-pistachios-maple-lime-yogurt/7809
roasted-cauliflower-black-bean-burrito-bowl-cilantro-lime-rice,7720,https://www.mealime.com/recipes/roasted-cauliflower-black-bean-burrito-bowl-cilantro-lime-rice/7720,https://www.mealime.com/recipes/roasted-cauliflower-black-bean-burrito-bowl-cilantro-lime-rice/7719
broiled-salt-pepper-pork-chops-cauliflower-potato-salad,7708,https://www.mealime.com/recipes/broiled-salt-pepper-pork-chops-cauliflower-potato-salad/7708,https://www.mealime.com/recipes/broiled-salt-pepper-pork-chops-cauliflower-potato-salad/7707
blackened-tilapia-minty-zucchini-mango-salad,7622,https://www.mealime.com/recipes/blackened-tilapia-minty-zucchini-mango-salad/7622,https://www.mealime.com/recipes/blackened-tilapia-minty-zucchini-mango-salad/7621
avocado-white-bean-toast-cheddar,7592,https://www.mealime.com/recipes/avocado-white-bean-toast-cheddar/7592,https://www.mealime.com/recipes/avocado-white-bean-toast-cheddar/7591
greek-salad-bowl-tzatziki-baked-meatballs,7568,https://www.mealime.com/recipes/greek-salad-bowl-tzatziki-baked-meatballs/7568,https://www.mealime.com/recipes/greek-salad-bowl-tzatziki-baked-meatballs/7567
grilled-salmon-kabobs-peach-tomato-panzanella-salad,7556,https://www.mealime.com/recipes/grilled-salmon-kabobs-peach-tomato-panzanella-salad/7556,https://www.mealime.com/recipes/grilled-salmon-kabobs-peach-tomato-panzanella-salad/7555
spaghetti-squash-pad-thai-shrimp,7532,https://www.mealime.com/recipes/spaghetti-squash-pad-thai-shrimp/7532,https://www.mealime.com/recipes/spaghetti-squash-pad-thai-shrimp/7531
quinoa-bowl-roasted-carrots-garlic-lime-chickpeas-cumin-yogurt,7478,https://www.mealime.com/recipes/quinoa-bowl-roasted-carrots-garlic-lime-chickpeas-cumin-yogurt/7478,https://www.mealime.com/recipes/quinoa-bowl-roasted-carrots-garlic-lime-chickpeas-cumin-yogurt/7477
peanut-butter-banana-roll-up-strawberries,7460,https://www.mealime.com/recipes/peanut-butter-banana-roll-up-strawberries/7460,https://www.mealime.com/recipes/peanut-butter-banana-roll-up-strawberries/7459
chimichurri-chicken-grilled-vegetable-kebabs,7454,https://www.mealime.com/recipes/chimichurri-chicken-grilled-vegetable-kebabs/7454,https://www.mealime.com/recipes/chimichurri-chicken-grilled-vegetable-kebabs/7453
maple-cinnamon-roasted-peach-cashew-yogurt-bowl,7448,https://www.mealime.com/recipes/maple-cinnamon-roasted-peach-cashew-yogurt-bowl/7448,https://www.mealime.com/recipes/maple-cinnamon-roasted-peach-cashew-yogurt-bowl/7447
vietnamese-grilled-steak-banh-mi-pickled-carrots-cucumber,7436,https://www.mealime.com/recipes/vietnamese-grilled-steak-banh-mi-pickled-carrots-cucumber/7436,https://www.mealime.com/recipes/vietnamese-grilled-steak-banh-mi-pickled-carrots-cucumber/7435
mozzarella-bruschetta-grilled-chicken-balsamic-glaze,7424,https://www.mealime.com/recipes/mozzarella-bruschetta-grilled-chicken-balsamic-glaze/7424,https://www.mealime.com/recipes/mozzarella-bruschetta-grilled-chicken-balsamic-glaze/7423
zucchini-frittata-tomato-basil-salad,7412,https://www.mealime.com/recipes/zucchini-frittata-tomato-basil-salad/7412,https://www.mealime.com/recipes/zucchini-frittata-tomato-basil-salad/7411
oatmeal-banana-pancakes-fresh-fruit,7400,https://www.mealime.com/recipes/oatmeal-banana-pancakes-fresh-fruit/7400,https://www.mealime.com/recipes/oatmeal-banana-pancakes-fresh-fruit/7399
cheesy-broccoli-quinoa-patties-tangy-cucumber-salad,7364,https://www.mealime.com/recipes/cheesy-broccoli-quinoa-patties-tangy-cucumber-salad/7364,https://www.mealime.com/recipes/cheesy-broccoli-quinoa-patties-tangy-cucumber-salad/7363
golden-carrot-orange-smoothie-turmeric-ginger,7358,https://www.mealime.com/recipes/golden-carrot-orange-smoothie-turmeric-ginger/7358,https://www.mealime.com/recipes/golden-carrot-orange-smoothie-turmeric-ginger/7357
persian-breakfast-flatbread-yogurt-feta-fresh-herbs,7346,https://www.mealime.com/recipes/persian-breakfast-flatbread-yogurt-feta-fresh-herbs/7346,https://www.mealime.com/recipes/persian-breakfast-flatbread-yogurt-feta-fresh-herbs/7345
mediterranean-baked-tilapia-green-beans-tomatoes-black-olives,7334,https://www.mealime.com/recipes/mediterranean-baked-tilapia-green-beans-tomatoes-black-olives/7334,https://www.mealime.com/recipes/mediterranean-baked-tilapia-green-beans-tomatoes-black-olives/7333
barbeque-pulled-chicken-sliders-creamy-cabbage-slaw,7328,https://www.mealime.com/recipes/barbeque-pulled-chicken-sliders-creamy-cabbage-slaw/7328,https://www.mealime.com/recipes/barbeque-pulled-chicken-sliders-creamy-cabbage-slaw/7327
sweet-potato-toast-greek-yogurt-raspberries,7304,https://www.mealime.com/recipes/sweet-potato-toast-greek-yogurt-raspberries/7304,https://www.mealime.com/recipes/sweet-potato-toast-greek-yogurt-raspberries/7303
oven-baked-bbq-chicken-lime-cilantro-slaw,7298,https://www.mealime.com/recipes/oven-baked-bbq-chicken-lime-cilantro-slaw/7298,https://www.mealime.com/recipes/oven-baked-bbq-chicken-lime-cilantro-slaw/7297
savoury-spinach-white-bean-scramble-breakfast-quesadilla,7292,https://www.mealime.com/recipes/savoury-spinach-white-bean-scramble-breakfast-quesadilla/7292,https://www.mealime.com/recipes/savoury-spinach-white-bean-scramble-breakfast-quesadilla/7291
caprese-pasta-salad-arugula-balsamic-vinaigrette,7280,https://www.mealime.com/recipes/caprese-pasta-salad-arugula-balsamic-vinaigrette/7280,https://www.mealime.com/recipes/caprese-pasta-salad-arugula-balsamic-vinaigrette/7279
sauteed-vegetable-black-bean-tacos-boats-tangy-tomato-guacamole,7262,https://www.mealime.com/recipes/sauteed-vegetable-black-bean-tacos-boats-tangy-tomato-guacamole/7262,https://www.mealime.com/recipes/sauteed-vegetable-black-bean-tacos-boats-tangy-tomato-guacamole/7261
crunchy-peanut-butter-apple-oatmeal,7232,https://www.mealime.com/recipes/crunchy-peanut-butter-apple-oatmeal/7232,https://www.mealime.com/recipes/crunchy-peanut-butter-apple-oatmeal/7231
spinach-feta-scramble-tomato-basil-salad,7214,https://www.mealime.com/recipes/spinach-feta-scramble-tomato-basil-salad/7214,https://www.mealime.com/recipes/spinach-feta-scramble-tomato-basil-salad/7213
southwestern-avocado-toast-eggs-salsa,7208,https://www.mealime.com/recipes/southwestern-avocado-toast-eggs-salsa/7208,https://www.mealime.com/recipes/southwestern-avocado-toast-eggs-salsa/7207
lemony-arugula-egg-wrap-zesty-aioli,7196,https://www.mealime.com/recipes/lemony-arugula-egg-wrap-zesty-aioli/7196,https://www.mealime.com/recipes/lemony-arugula-egg-wrap-zesty-aioli/7195
cheesy-penne-zucchini-corn-basil,7174,https://www.mealime.com/recipes/cheesy-penne-zucchini-corn-basil/7174,https://www.mealime.com/recipes/cheesy-penne-zucchini-corn-basil/7173
creamy-avocado-fettuccine-corn-cherry-tomatoes,7168,https://www.mealime.com/recipes/creamy-avocado-fettuccine-corn-cherry-tomatoes/7168,https://www.mealime.com/recipes/creamy-avocado-fettuccine-corn-cherry-tomatoes/7167
cheesy-scrambled-egg-stuffed-peppers-avocado-pico-de-gallo,7156,https://www.mealime.com/recipes/cheesy-scrambled-egg-stuffed-peppers-avocado-pico-de-gallo/7156,https://www.mealime.com/recipes/cheesy-scrambled-egg-stuffed-peppers-avocado-pico-de-gallo/7155
italian-tofu-scramble-potatoes-zucchini-cherry-tomatoes,7150,https://www.mealime.com/recipes/italian-tofu-scramble-potatoes-zucchini-cherry-tomatoes/7150,https://www.mealime.com/recipes/italian-tofu-scramble-potatoes-zucchini-cherry-tomatoes/7149
oven-roasted-chicken-carrots-cauliflower-rice-green-harissa,7144,https://www.mealime.com/recipes/oven-roasted-chicken-carrots-cauliflower-rice-green-harissa/7144,https://www.mealime.com/recipes/oven-roasted-chicken-carrots-cauliflower-rice-green-harissa/7143
spicy-orange-beef-broccoli-stir-fry,7132,https://www.mealime.com/recipes/spicy-orange-beef-broccoli-stir-fry/7132,https://www.mealime.com/recipes/spicy-orange-beef-broccoli-stir-fry/7131
savory-mushroom-potato-tofu-scramble,7126,https://www.mealime.com/recipes/savory-mushroom-potato-tofu-scramble/7126,https://www.mealime.com/recipes/savory-mushroom-potato-tofu-scramble/7125
carrot-beet-goat-cheese-salad-lemon-poppy-seed-vinaigrette,7108,https://www.mealime.com/recipes/carrot-beet-goat-cheese-salad-lemon-poppy-seed-vinaigrette/7108,https://www.mealime.com/recipes/carrot-beet-goat-cheese-salad-lemon-poppy-seed-vinaigrette/7107
coconut-tropical-citrus-smoothie,7096,https://www.mealime.com/recipes/coconut-tropical-citrus-smoothie/7096,https://www.mealime.com/recipes/coconut-tropical-citrus-smoothie/7095
prosciutto-spinach-cheddar-breakfast-egg-muffins,7084,https://www.mealime.com/recipes/prosciutto-spinach-cheddar-breakfast-egg-muffins/7084,https://www.mealime.com/recipes/prosciutto-spinach-cheddar-breakfast-egg-muffins/7083
maple-cinnamon-quinoa-porridge-blueberry-compote,7078,https://www.mealime.com/recipes/maple-cinnamon-quinoa-porridge-blueberry-compote/7078,https://www.mealime.com/recipes/maple-cinnamon-quinoa-porridge-blueberry-compote/7077
creamy-chocolate-almond-smoothie-banana-avocado,7072,https://www.mealime.com/recipes/creamy-chocolate-almond-smoothie-banana-avocado/7072,https://www.mealime.com/recipes/creamy-chocolate-almond-smoothie-banana-avocado/7071
orange-dried-cranberry-oatmeal-pistachios,7066,https://www.mealime.com/recipes/orange-dried-cranberry-oatmeal-pistachios/7066,https://www.mealime.com/recipes/orange-dried-cranberry-oatmeal-pistachios/7065
keto-ricotta-breakfast-porridge,7054,https://www.mealime.com/recipes/keto-ricotta-breakfast-porridge/7054,https://www.mealime.com/recipes/keto-ricotta-breakfast-porridge/7053
pear-pecan-ricotta-toast,7048,https://www.mealime.com/recipes/pear-pecan-ricotta-toast/7048,https://www.mealime.com/recipes/pear-pecan-ricotta-toast/7047
tomato-basil-feta-breakfast-egg-muffins,7042,https://www.mealime.com/recipes/tomato-basil-feta-breakfast-egg-muffins/7042,https://www.mealime.com/recipes/tomato-basil-feta-breakfast-egg-muffins/7041
creamy-peanut-butter-banana-smoothie,7036,https://www.mealime.com/recipes/creamy-peanut-butter-banana-smoothie/7036,https://www.mealime.com/recipes/creamy-peanut-butter-banana-smoothie/7035
scrambled-egg-spinach-parmesan-breakfast-wrap,7018,https://www.mealime.com/recipes/scrambled-egg-spinach-parmesan-breakfast-wrap/7018,https://www.mealime.com/recipes/scrambled-egg-spinach-parmesan-breakfast-wrap/7017
pecan-maple-roasted-strawberry-oatmeal,7000,https://www.mealime.com/recipes/pecan-maple-roasted-strawberry-oatmeal/7000,https://www.mealime.com/recipes/pecan-maple-roasted-strawberry-oatmeal/6999
apple-avocado-green-smoothie,6994,https://www.mealime.com/recipes/apple-avocado-green-smoothie/6994,https://www.mealime.com/recipes/apple-avocado-green-smoothie/6993
blueberry-crumble-smoothie-oats-almond-butter-cinnamon,6976,https://www.mealime.com/recipes/blueberry-crumble-smoothie-oats-almond-butter-cinnamon/6976,https://www.mealime.com/recipes/blueberry-crumble-smoothie-oats-almond-butter-cinnamon/6975
baked-spinach-prosciutto-egg-cups,6970,https://www.mealime.com/recipes/baked-spinach-prosciutto-egg-cups/6970,https://www.mealime.com/recipes/baked-spinach-prosciutto-egg-cups/6969
carrot-cake-smoothie-mango-coconut-walnuts,6964,https://www.mealime.com/recipes/carrot-cake-smoothie-mango-coconut-walnuts/6964,https://www.mealime.com/recipes/carrot-cake-smoothie-mango-coconut-walnuts/6963
ricotta-fruit-salad-almonds,6958,https://www.mealime.com/recipes/ricotta-fruit-salad-almonds/6958,https://www.mealime.com/recipes/ricotta-fruit-salad-almonds/6957
bacon-tomato-mozzarella-breakfast-pizza,6952,https://www.mealime.com/recipes/bacon-tomato-mozzarella-breakfast-pizza/6952,https://www.mealime.com/recipes/bacon-tomato-mozzarella-breakfast-pizza/6951
caramelized-banana-walnut-oatmeal,6946,https://www.mealime.com/recipes/caramelized-banana-walnut-oatmeal/6946,https://www.mealime.com/recipes/caramelized-banana-walnut-oatmeal/6945
bacon-egg-bowl-wilted-kale,6940,https://www.mealime.com/recipes/bacon-egg-bowl-wilted-kale/6940,https://www.mealime.com/recipes/bacon-egg-bowl-wilted-kale/6939
chocolate-nutty-granola-banana-greek-yogurt,6934,https://www.mealime.com/recipes/chocolate-nutty-granola-banana-greek-yogurt/6934,https://www.mealime.com/recipes/chocolate-nutty-granola-banana-greek-yogurt/6933
chickpea-tacos-avocado-cream,6928,https://www.mealime.com/recipes/chickpea-tacos-avocado-cream/6928,https://www.mealime.com/recipes/chickpea-tacos-avocado-cream/6927
asparagus-frittata-blue-cheese-pecans,6922,https://www.mealime.com/recipes/asparagus-frittata-blue-cheese-pecans/6922,https://www.mealime.com/recipes/asparagus-frittata-blue-cheese-pecans/6921
black-bean-penne-pasta-mixed-vegetables,6910,https://www.mealime.com/recipes/black-bean-penne-pasta-mixed-vegetables/6910,https://www.mealime.com/recipes/black-bean-penne-pasta-mixed-vegetables/6909
black-bean-pineapple-hawaiian-pita-pizza,6898,https://www.mealime.com/recipes/black-bean-pineapple-hawaiian-pita-pizza/6898,https://www.mealime.com/recipes/black-bean-pineapple-hawaiian-pita-pizza/6897
roasted-corn-bean-tostadas-broccoli-slaw,6880,https://www.mealime.com/recipes/roasted-corn-bean-tostadas-broccoli-slaw/6880,https://www.mealime.com/recipes/roasted-corn-bean-tostadas-broccoli-slaw/6879
thai-scallop-veggie-saute-spicy-peanut-sauce,6856,https://www.mealime.com/recipes/thai-scallop-veggie-saute-spicy-peanut-sauce/6856,https://www.mealime.com/recipes/thai-scallop-veggie-saute-spicy-peanut-sauce/6855
spicy-peanut-tofu-bowl-kale-savory-sesame-rice,6826,https://www.mealime.com/recipes/spicy-peanut-tofu-bowl-kale-savory-sesame-rice/6826,https://www.mealime.com/recipes/spicy-peanut-tofu-bowl-kale-savory-sesame-rice/6825
cheesy-asparagus-lemon-chicken-bake,6820,https://www.mealime.com/recipes/cheesy-asparagus-lemon-chicken-bake/6820,https://www.mealime.com/recipes/cheesy-asparagus-lemon-chicken-bake/6819
spiced-honey-chicken-sauteed-snap-peas-carrots-cabbage,6808,https://www.mealime.com/recipes/spiced-honey-chicken-sauteed-snap-peas-carrots-cabbage/6808,https://www.mealime.com/recipes/spiced-honey-chicken-sauteed-snap-peas-carrots-cabbage/6807
spiced-sirloin-quinoa-sweet-pepper-tomato-herb-salad,6734,https://www.mealime.com/recipes/spiced-sirloin-quinoa-sweet-pepper-tomato-herb-salad/6734,https://www.mealime.com/recipes/spiced-sirloin-quinoa-sweet-pepper-tomato-herb-salad/6733
honey-mustard-lamb-chops-mushrooms-green-beans,6722,https://www.mealime.com/recipes/honey-mustard-lamb-chops-mushrooms-green-beans/6722,https://www.mealime.com/recipes/honey-mustard-lamb-chops-mushrooms-green-beans/6721
roasted-eggplant-pitas-tzatziki-quick-pickled-onions,6716,https://www.mealime.com/recipes/roasted-eggplant-pitas-tzatziki-quick-pickled-onions/6716,https://www.mealime.com/recipes/roasted-eggplant-pitas-tzatziki-quick-pickled-onions/6715
teriyaki-mushroom-bowl-carrots-quick-pickled-cucumbers,6704,https://www.mealime.com/recipes/teriyaki-mushroom-bowl-carrots-quick-pickled-cucumbers/6704,https://www.mealime.com/recipes/teriyaki-mushroom-bowl-carrots-quick-pickled-cucumbers/6703
zesty-avocado-mac-n-cheese-zucchini-jalapeno,6686,https://www.mealime.com/recipes/zesty-avocado-mac-n-cheese-zucchini-jalapeno/6686,https://www.mealime.com/recipes/zesty-avocado-mac-n-cheese-zucchini-jalapeno/6685
shrimp-tostadas-guacamole-pico-de-gallo,6680,https://www.mealime.com/recipes/shrimp-tostadas-guacamole-pico-de-gallo/6680,https://www.mealime.com/recipes/shrimp-tostadas-guacamole-pico-de-gallo/6679
kale-potato-cakes-lemon-aioli-arugula-salad,6655,https://www.mealime.com/recipes/kale-potato-cakes-lemon-aioli-arugula-salad/6655,https://www.mealime.com/recipes/kale-potato-cakes-lemon-aioli-arugula-salad/6654
shrimp-couscous-tomatoes-zucchini-feta,6647,https://www.mealime.com/recipes/shrimp-couscous-tomatoes-zucchini-feta/6647,https://www.mealime.com/recipes/shrimp-couscous-tomatoes-zucchini-feta/6646
pork-tacos-roasted-veggies-fresh-salsa-lime-crema,6602,https://www.mealime.com/recipes/pork-tacos-roasted-veggies-fresh-salsa-lime-crema/6602,https://www.mealime.com/recipes/pork-tacos-roasted-veggies-fresh-salsa-lime-crema/6601
chicken-korma-cauliflower-rice,6596,https://www.mealime.com/recipes/chicken-korma-cauliflower-rice/6596,https://www.mealime.com/recipes/chicken-korma-cauliflower-rice/6595
creamy-soba-noodle-bowl-rainbow-veggies,6584,https://www.mealime.com/recipes/creamy-soba-noodle-bowl-rainbow-veggies/6584,https://www.mealime.com/recipes/creamy-soba-noodle-bowl-rainbow-veggies/6583
lemony-tuna-white-bean-sweet-pepper-spinach-salad,6506,https://www.mealime.com/recipes/lemony-tuna-white-bean-sweet-pepper-spinach-salad/6506,https://www.mealime.com/recipes/lemony-tuna-white-bean-sweet-pepper-spinach-salad/6505
spicy-tuna-sushi-stack-sticky-rice-avocado,6473,https://www.mealime.com/recipes/spicy-tuna-sushi-stack-sticky-rice-avocado/6473,https://www.mealime.com/recipes/spicy-tuna-sushi-stack-sticky-rice-avocado/6472
butternut-squash-fettuccine-bacon-baby-spinach,6469,https://www.mealime.com/recipes/butternut-squash-fettuccine-bacon-baby-spinach/6469,https://www.mealime.com/recipes/butternut-squash-fettuccine-bacon-baby-spinach/6468
charbroiled-beef-kebabs-curried-vegetables-basmati-rice,6463,https://www.mealime.com/recipes/charbroiled-beef-kebabs-curried-vegetables-basmati-rice/6463,https://www.mealime.com/recipes/charbroiled-beef-kebabs-curried-vegetables-basmati-rice/6462
shrimp-tacos-mango-salsa-cabbage-avocado-spicy-yogurt,6459,https://www.mealime.com/recipes/shrimp-tacos-mango-salsa-cabbage-avocado-spicy-yogurt/6459,https://www.mealime.com/recipes/shrimp-tacos-mango-salsa-cabbage-avocado-spicy-yogurt/6458
bean-pasta-fagioli-soup,6455,https://www.mealime.com/recipes/bean-pasta-fagioli-soup/6455,https://www.mealime.com/recipes/bean-pasta-fagioli-soup/6454
sweet-sour-thai-chicken-vegetable-soup,4751,https://www.mealime.com/recipes/sweet-sour-thai-chicken-vegetable-soup/4751,https://www.mealime.com/recipes/sweet-sour-thai-chicken-vegetable-soup/4750
spanish-potato-onion-frittata-spinach-salad,4747,https://www.mealime.com/recipes/spanish-potato-onion-frittata-spinach-salad/4747,https://www.mealime.com/recipes/spanish-potato-onion-frittata-spinach-salad/4746
shrimp-spinach-linguine-roasted-red-pepper-sauce,4743,https://www.mealime.com/recipes/shrimp-spinach-linguine-roasted-red-pepper-sauce/4743,https://www.mealime.com/recipes/shrimp-spinach-linguine-roasted-red-pepper-sauce/4742
chicken-tenders-roasted-vegetables-spicy-maple-mustard,4735,https://www.mealime.com/recipes/chicken-tenders-roasted-vegetables-spicy-maple-mustard/4735,https://www.mealime.com/recipes/chicken-tenders-roasted-vegetables-spicy-maple-mustard/4734
marinated-steak-crunchy-apple-walnut-blue-cheese-salad,4731,https://www.mealime.com/recipes/marinated-steak-crunchy-apple-walnut-blue-cheese-salad/4731,https://www.mealime.com/recipes/marinated-steak-crunchy-apple-walnut-blue-cheese-salad/4730
herb-crusted-salmon-arugula-roasted-tomato-salad,4727,https://www.mealime.com/recipes/herb-crusted-salmon-arugula-roasted-tomato-salad/4727,https://www.mealime.com/recipes/herb-crusted-salmon-arugula-roasted-tomato-salad/4726
weeknight-beef-cabbage-stir-up,4723,https://www.mealime.com/recipes/weeknight-beef-cabbage-stir-up/4723,https://www.mealime.com/recipes/weeknight-beef-cabbage-stir-up/4722
garlicky-spaghetti-parmesan-carbonara,4719,https://www.mealime.com/recipes/garlicky-spaghetti-parmesan-carbonara/4719,https://www.mealime.com/recipes/garlicky-spaghetti-parmesan-carbonara/4718
sheet-pan-sticky-sesame-chicken-roasted-broccoli-peppers,4711,https://www.mealime.com/recipes/sheet-pan-sticky-sesame-chicken-roasted-broccoli-peppers/4711,https://www.mealime.com/recipes/sheet-pan-sticky-sesame-chicken-roasted-broccoli-peppers/4710
smoky-bacon-wrapped-chicken-thighs-roasted-zucchini-asparagus,4707,https://www.mealime.com/recipes/smoky-bacon-wrapped-chicken-thighs-roasted-zucchini-asparagus/4707,https://www.mealime.com/recipes/smoky-bacon-wrapped-chicken-thighs-roasted-zucchini-asparagus/4706
crispy-chicken-cauliflower-rice-pilaf-fresh-greens,4703,https://www.mealime.com/recipes/crispy-chicken-cauliflower-rice-pilaf-fresh-greens/4703,https://www.mealime.com/recipes/crispy-chicken-cauliflower-rice-pilaf-fresh-greens/4702
beef-doner-cucumber-tomatoes-yogurt-sauce,4699,https://www.mealime.com/recipes/beef-doner-cucumber-tomatoes-yogurt-sauce/4699,https://www.mealime.com/recipes/beef-doner-cucumber-tomatoes-yogurt-sauce/4698
balsamic-grilled-chicken-fresh-mozzarella-avocado-salad-bowl,4695,https://www.mealime.com/recipes/balsamic-grilled-chicken-fresh-mozzarella-avocado-salad-bowl/4695,https://www.mealime.com/recipes/balsamic-grilled-chicken-fresh-mozzarella-avocado-salad-bowl/4694
spicy-thai-coconut-pumpkin-soup,4691,https://www.mealime.com/recipes/spicy-thai-coconut-pumpkin-soup/4691,https://www.mealime.com/recipes/spicy-thai-coconut-pumpkin-soup/4690
warm-roasted-caesar-salad-baked-salmon,4687,https://www.mealime.com/recipes/warm-roasted-caesar-salad-baked-salmon/4687,https://www.mealime.com/recipes/warm-roasted-caesar-salad-baked-salmon/4686
pan-fried-striploin-steak-cauliflower-leek-mash,4683,https://www.mealime.com/recipes/pan-fried-striploin-steak-cauliflower-leek-mash/4683,https://www.mealime.com/recipes/pan-fried-striploin-steak-cauliflower-leek-mash/4682
cheesy-cheddar-broccoli-chicken,4664,https://www.mealime.com/recipes/cheesy-cheddar-broccoli-chicken/4664,https://www.mealime.com/recipes/cheesy-cheddar-broccoli-chicken/4663
stuffed-mexican-sweet-potatoes,4662,https://www.mealime.com/recipes/stuffed-mexican-sweet-potatoes/4662,https://www.mealime.com/recipes/stuffed-mexican-sweet-potatoes/4661
teriyaki-chicken-bok-choy-cashews-coconut-rice,4660,https://www.mealime.com/recipes/teriyaki-chicken-bok-choy-cashews-coconut-rice/4660,https://www.mealime.com/recipes/teriyaki-chicken-bok-choy-cashews-coconut-rice/4659
minted-asparagus-pea-soup-seared-shrimp-parmesan-crisps,4658,https://www.mealime.com/recipes/minted-asparagus-pea-soup-seared-shrimp-parmesan-crisps/4658,https://www.mealime.com/recipes/minted-asparagus-pea-soup-seared-shrimp-parmesan-crisps/4657
brown-butter-pumpkin-mac-cheese,4656,https://www.mealime.com/recipes/brown-butter-pumpkin-mac-cheese/4656,https://www.mealime.com/recipes/brown-butter-pumpkin-mac-cheese/4655
curried-eggless-salad-sandwich-spring-salad,4654,https://www.mealime.com/recipes/curried-eggless-salad-sandwich-spring-salad/4654,https://www.mealime.com/recipes/curried-eggless-salad-sandwich-spring-salad/4653
rich-cauliflower-mac-cheese-sausage,4602,https://www.mealime.com/recipes/rich-cauliflower-mac-cheese-sausage/4602,https://www.mealime.com/recipes/rich-cauliflower-mac-cheese-sausage/4601
cheesy-zucchini-noodle-lasagna-skillet,4600,https://www.mealime.com/recipes/cheesy-zucchini-noodle-lasagna-skillet/4600,https://www.mealime.com/recipes/cheesy-zucchini-noodle-lasagna-skillet/4599
sheet-pan-lemony-chicken-potatoes,4598,https://www.mealime.com/recipes/sheet-pan-lemony-chicken-potatoes/4598,https://www.mealime.com/recipes/sheet-pan-lemony-chicken-potatoes/4597
cheesy-chicken-tortilla-bake,4596,https://www.mealime.com/recipes/cheesy-chicken-tortilla-bake/4596,https://www.mealime.com/recipes/cheesy-chicken-tortilla-bake/4595
orange-glazed-salmon-cranberry-brussels-sprouts-sweet-potatoes,4594,https://www.mealime.com/recipes/orange-glazed-salmon-cranberry-brussels-sprouts-sweet-potatoes/4594,https://www.mealime.com/recipes/orange-glazed-salmon-cranberry-brussels-sprouts-sweet-potatoes/4593
mexican-stuffed-peppers-roasted-sweet-potatoes,4588,https://www.mealime.com/recipes/mexican-stuffed-peppers-roasted-sweet-potatoes/4588,https://www.mealime.com/recipes/mexican-stuffed-peppers-roasted-sweet-potatoes/4587
curried-lentil-dal-cucumber-salad,4586,https://www.mealime.com/recipes/curried-lentil-dal-cucumber-salad/4586,https://www.mealime.com/recipes/curried-lentil-dal-cucumber-salad/4585
one-pot-creamy-zucchini-mushroom-pasta,4584,https://www.mealime.com/recipes/one-pot-creamy-zucchini-mushroom-pasta/4584,https://www.mealime.com/recipes/one-pot-creamy-zucchini-mushroom-pasta/4583
three-mushroom-parmesan-pilaf,4582,https://www.mealime.com/recipes/three-mushroom-parmesan-pilaf/4582,https://www.mealime.com/recipes/three-mushroom-parmesan-pilaf/4581
bacon-goat-cheese-onion-pizza-balsamic-glaze-arugula-salad,4580,https://www.mealime.com/recipes/bacon-goat-cheese-onion-pizza-balsamic-glaze-arugula-salad/4580,https://www.mealime.com/recipes/bacon-goat-cheese-onion-pizza-balsamic-glaze-arugula-salad/4579
quick-cheesy-french-onion-soup,4577,https://www.mealime.com/recipes/quick-cheesy-french-onion-soup/4577,https://www.mealime.com/recipes/quick-cheesy-french-onion-soup/4576
sheet-pan-chicken-tikka-masala-roasted-cauliflower-red-onion,4575,https://www.mealime.com/recipes/sheet-pan-chicken-tikka-masala-roasted-cauliflower-red-onion/4575,https://www.mealime.com/recipes/sheet-pan-chicken-tikka-masala-roasted-cauliflower-red-onion/4574
sheet-pan-asian-chicken-drumsticks-broccoli-spiced-walnuts,4574,https://www.mealime.com/recipes/sheet-pan-asian-chicken-drumsticks-broccoli-spiced-walnuts/4574,https://www.mealime.com/recipes/sheet-pan-asian-chicken-drumsticks-broccoli-spiced-walnuts/4573
sheet-pan-pork-chops-apricots-red-cabbage-blue-cheese,4571,https://www.mealime.com/recipes/sheet-pan-pork-chops-apricots-red-cabbage-blue-cheese/4571,https://www.mealime.com/recipes/sheet-pan-pork-chops-apricots-red-cabbage-blue-cheese/4570
asian-pork-noodles-lime-basil-spinach,4540,https://www.mealime.com/recipes/asian-pork-noodles-lime-basil-spinach/4540,https://www.mealime.com/recipes/asian-pork-noodles-lime-basil-spinach/4539
stuffed-acorn-squash-apple-bacon-pine-nuts,4534,https://www.mealime.com/recipes/stuffed-acorn-squash-apple-bacon-pine-nuts/4534,https://www.mealime.com/recipes/stuffed-acorn-squash-apple-bacon-pine-nuts/4533
shrimp-sausage-boil-corn-baby-potatoes-fresh-thyme,4524,https://www.mealime.com/recipes/shrimp-sausage-boil-corn-baby-potatoes-fresh-thyme/4524,https://www.mealime.com/recipes/shrimp-sausage-boil-corn-baby-potatoes-fresh-thyme/4523
turkey-bacon-burgers-napa-cabbage-carrot-sesame-slaw,4522,https://www.mealime.com/recipes/turkey-bacon-burgers-napa-cabbage-carrot-sesame-slaw/4522,https://www.mealime.com/recipes/turkey-bacon-burgers-napa-cabbage-carrot-sesame-slaw/4521
eggs-baked-in-tomatoes-cheese-cilantro-jalapeno-pepper,4520,https://www.mealime.com/recipes/eggs-baked-in-tomatoes-cheese-cilantro-jalapeno-pepper/4520,https://www.mealime.com/recipes/eggs-baked-in-tomatoes-cheese-cilantro-jalapeno-pepper/4519
garlic-dill-yogurt-arugula-fried-eggs,4518,https://www.mealime.com/recipes/garlic-dill-yogurt-arugula-fried-eggs/4518,https://www.mealime.com/recipes/garlic-dill-yogurt-arugula-fried-eggs/4517
grilled-thai-chicken-cucumber-peach-salad,4516,https://www.mealime.com/recipes/grilled-thai-chicken-cucumber-peach-salad/4516,https://www.mealime.com/recipes/grilled-thai-chicken-cucumber-peach-salad/4515
grilled-scallops-corn-lime-avocado-salad,4514,https://www.mealime.com/recipes/grilled-scallops-corn-lime-avocado-salad/4514,https://www.mealime.com/recipes/grilled-scallops-corn-lime-avocado-salad/4513
lemon-garlic-zucchini-salad-walnuts-ricotta-cheese,4512,https://www.mealime.com/recipes/lemon-garlic-zucchini-salad-walnuts-ricotta-cheese/4512,https://www.mealime.com/recipes/lemon-garlic-zucchini-salad-walnuts-ricotta-cheese/4511
chicken-peach-spinach-salad-feta-balsamic-vinaigrette,4444,https://www.mealime.com/recipes/chicken-peach-spinach-salad-feta-balsamic-vinaigrette/4444,https://www.mealime.com/recipes/chicken-peach-spinach-salad-feta-balsamic-vinaigrette/4443
striploin-steak-balsamic-bell-peppers,4441,https://www.mealime.com/recipes/striploin-steak-balsamic-bell-peppers/4441,https://www.mealime.com/recipes/striploin-steak-balsamic-bell-peppers/4440
turkey-taco-rice-bowl-pico-de-gallo-avocado-slices,4438,https://www.mealime.com/recipes/turkey-taco-rice-bowl-pico-de-gallo-avocado-slices/4438,https://www.mealime.com/recipes/turkey-taco-rice-bowl-pico-de-gallo-avocado-slices/4437
pan-fried-sole-mashed-potatoes-green-beans,4431,https://www.mealime.com/recipes/pan-fried-sole-mashed-potatoes-green-beans/4431,https://www.mealime.com/recipes/pan-fried-sole-mashed-potatoes-green-beans/4430
shrimp-burrito-bowl-cilantro-lime-rice-pico-de-gallo,4428,https://www.mealime.com/recipes/shrimp-burrito-bowl-cilantro-lime-rice-pico-de-gallo/4428,https://www.mealime.com/recipes/shrimp-burrito-bowl-cilantro-lime-rice-pico-de-gallo/4427
korean-style-beef-rice-bowl-cucumbers,4417,https://www.mealime.com/recipes/korean-style-beef-rice-bowl-cucumbers/4417,https://www.mealime.com/recipes/korean-style-beef-rice-bowl-cucumbers/4416
tuscan-panzanella-salad-white-beans,4403,https://www.mealime.com/recipes/tuscan-panzanella-salad-white-beans/4403,https://www.mealime.com/recipes/tuscan-panzanella-salad-white-beans/4402
fish-tacos-avocado-peach-salsa,4400,https://www.mealime.com/recipes/fish-tacos-avocado-peach-salsa/4400,https://www.mealime.com/recipes/fish-tacos-avocado-peach-salsa/4399
mango-avocado-quinoa-bowl-black-beans,4397,https://www.mealime.com/recipes/mango-avocado-quinoa-bowl-black-beans/4397,https://www.mealime.com/recipes/mango-avocado-quinoa-bowl-black-beans/4396
beef-burger-patties-greek-salad,4394,https://www.mealime.com/recipes/beef-burger-patties-greek-salad/4394,https://www.mealime.com/recipes/beef-burger-patties-greek-salad/4393
mango-chicken-curry-bell-pepper-basmati-rice,4391,https://www.mealime.com/recipes/mango-chicken-curry-bell-pepper-basmati-rice/4391,https://www.mealime.com/recipes/mango-chicken-curry-bell-pepper-basmati-rice/4390
zucchini-beef-skillet,4377,https://www.mealime.com/recipes/zucchini-beef-skillet/4377,https://www.mealime.com/recipes/zucchini-beef-skillet/4376
steak-roasted-new-potatoes-sugar-snap-peas,4374,https://www.mealime.com/recipes/steak-roasted-new-potatoes-sugar-snap-peas/4374,https://www.mealime.com/recipes/steak-roasted-new-potatoes-sugar-snap-peas/4373
turkey-fried-rice-carrots-peas-scallions,4363,https://www.mealime.com/recipes/turkey-fried-rice-carrots-peas-scallions/4363,https://www.mealime.com/recipes/turkey-fried-rice-carrots-peas-scallions/4362
potato-red-pepper-hash-fried-eggs-parmesan,4338,https://www.mealime.com/recipes/potato-red-pepper-hash-fried-eggs-parmesan/4338,https://www.mealime.com/recipes/potato-red-pepper-hash-fried-eggs-parmesan/4337
pan-seared-chicken-cranberry-pistachio-quinoa-salad,4335,https://www.mealime.com/recipes/pan-seared-chicken-cranberry-pistachio-quinoa-salad/4335,https://www.mealime.com/recipes/pan-seared-chicken-cranberry-pistachio-quinoa-salad/4334
apple-cheddar-grilled-cheese-sandwiches-tomato-soup,4332,https://www.mealime.com/recipes/apple-cheddar-grilled-cheese-sandwiches-tomato-soup/4332,https://www.mealime.com/recipes/apple-cheddar-grilled-cheese-sandwiches-tomato-soup/4331
curried-salmon-eggplant-puree-lemony-arugula,4329,https://www.mealime.com/recipes/curried-salmon-eggplant-puree-lemony-arugula/4329,https://www.mealime.com/recipes/curried-salmon-eggplant-puree-lemony-arugula/4328
striploin-steak-warm-potato-corn-snap-pea-salad,4326,https://www.mealime.com/recipes/striploin-steak-warm-potato-corn-snap-pea-salad/4326,https://www.mealime.com/recipes/striploin-steak-warm-potato-corn-snap-pea-salad/4325
eggplant-melts-fresh-mozzarella-pan-fried-chickpeas,4313,https://www.mealime.com/recipes/eggplant-melts-fresh-mozzarella-pan-fried-chickpeas/4313,https://www.mealime.com/recipes/eggplant-melts-fresh-mozzarella-pan-fried-chickpeas/4312
strawberry-black-bean-quinoa-bowl-feta,4307,https://www.mealime.com/recipes/strawberry-black-bean-quinoa-bowl-feta/4307,https://www.mealime.com/recipes/strawberry-black-bean-quinoa-bowl-feta/4306
pork-sausages-sauteed-apples-potato-mash,4304,https://www.mealime.com/recipes/pork-sausages-sauteed-apples-potato-mash/4304,https://www.mealime.com/recipes/pork-sausages-sauteed-apples-potato-mash/4303
beef-burger-patties-garlic-aioli-roasted-carrot-fries,4301,https://www.mealime.com/recipes/beef-burger-patties-garlic-aioli-roasted-carrot-fries/4301,https://www.mealime.com/recipes/beef-burger-patties-garlic-aioli-roasted-carrot-fries/4300
tilapia-fish-tacos-grapefruit-avocado-salsa,4295,https://www.mealime.com/recipes/tilapia-fish-tacos-grapefruit-avocado-salsa/4295,https://www.mealime.com/recipes/tilapia-fish-tacos-grapefruit-avocado-salsa/4294
pumpkin-soup-goat-cheese-chickpea-kale-saute,4292,https://www.mealime.com/recipes/pumpkin-soup-goat-cheese-chickpea-kale-saute/4292,https://www.mealime.com/recipes/pumpkin-soup-goat-cheese-chickpea-kale-saute/4291
pork-chops-pears-blue-cheese,4281,https://www.mealime.com/recipes/pork-chops-pears-blue-cheese/4281,https://www.mealime.com/recipes/pork-chops-pears-blue-cheese/4280
sweet-potato-black-bean-salad-avocado-dressing-feta,4278,https://www.mealime.com/recipes/sweet-potato-black-bean-salad-avocado-dressing-feta/4278,https://www.mealime.com/recipes/sweet-potato-black-bean-salad-avocado-dressing-feta/4277
lentil-sweet-potato-kale-salad-feta,4264,https://www.mealime.com/recipes/lentil-sweet-potato-kale-salad-feta/4264,https://www.mealime.com/recipes/lentil-sweet-potato-kale-salad-feta/4263
chicken-green-apple-curry-basmati-rice,4229,https://www.mealime.com/recipes/chicken-green-apple-curry-basmati-rice/4229,https://www.mealime.com/recipes/chicken-green-apple-curry-basmati-rice/4228
chicken-brussels-sprouts-apple-salad-toasted-walnuts-cranberries,4223,https://www.mealime.com/recipes/chicken-brussels-sprouts-apple-salad-toasted-walnuts-cranberries/4223,https://www.mealime.com/recipes/chicken-brussels-sprouts-apple-salad-toasted-walnuts-cranberries/4222
pan-seared-scallops-pea-puree-grapefruit-arugula-salad,4212,https://www.mealime.com/recipes/pan-seared-scallops-pea-puree-grapefruit-arugula-salad/4212,https://www.mealime.com/recipes/pan-seared-scallops-pea-puree-grapefruit-arugula-salad/4211
pan-fried-pork-chops-sauteed-kale-sweet-potato-mash,4189,https://www.mealime.com/recipes/pan-fried-pork-chops-sauteed-kale-sweet-potato-mash/4189,https://www.mealime.com/recipes/pan-fried-pork-chops-sauteed-kale-sweet-potato-mash/4188
greek-style-spaghetti-squash-toss-chickpeas-feta,4175,https://www.mealime.com/recipes/greek-style-spaghetti-squash-toss-chickpeas-feta/4175,https://www.mealime.com/recipes/greek-style-spaghetti-squash-toss-chickpeas-feta/4174
gingered-pumpkin-bisque-shrimp,4167,https://www.mealime.com/recipes/gingered-pumpkin-bisque-shrimp/4167,https://www.mealime.com/recipes/gingered-pumpkin-bisque-shrimp/4166
pan-fried-chicken-thighs-thai-inspired-kale-carrot-peanut-salad,4161,https://www.mealime.com/recipes/pan-fried-chicken-thighs-thai-inspired-kale-carrot-peanut-salad/4161,https://www.mealime.com/recipes/pan-fried-chicken-thighs-thai-inspired-kale-carrot-peanut-salad/4160
tofu-eggplant-stir-fry-basmati-rice,4154,https://www.mealime.com/recipes/tofu-eggplant-stir-fry-basmati-rice/4154,https://www.mealime.com/recipes/tofu-eggplant-stir-fry-basmati-rice/4153
pumpkin-turkey-chili-kale-cannellini-beans,4151,https://www.mealime.com/recipes/pumpkin-turkey-chili-kale-cannellini-beans/4151,https://www.mealime.com/recipes/pumpkin-turkey-chili-kale-cannellini-beans/4150
beef-meatballs-tomato-spinach-sauce-creamy-polenta,4147,https://www.mealime.com/recipes/beef-meatballs-tomato-spinach-sauce-creamy-polenta/4147,https://www.mealime.com/recipes/beef-meatballs-tomato-spinach-sauce-creamy-polenta/4146
tuna-salad-lettuce-wraps-avocado-bell-pepper,4140,https://www.mealime.com/recipes/tuna-salad-lettuce-wraps-avocado-bell-pepper/4140,https://www.mealime.com/recipes/tuna-salad-lettuce-wraps-avocado-bell-pepper/4139
pork-chops-sauteed-apples-brussels-sprouts,4137,https://www.mealime.com/recipes/pork-chops-sauteed-apples-brussels-sprouts/4137,https://www.mealime.com/recipes/pork-chops-sauteed-apples-brussels-sprouts/4136
potato-bacon-kale-frittata,4117,https://www.mealime.com/recipes/potato-bacon-kale-frittata/4117,https://www.mealime.com/recipes/potato-bacon-kale-frittata/4116
black-bean-soup-feta-kale-apple-pecan-salad,4113,https://www.mealime.com/recipes/black-bean-soup-feta-kale-apple-pecan-salad/4113,https://www.mealime.com/recipes/black-bean-soup-feta-kale-apple-pecan-salad/4112
sheet-pan-salmon-honey-dijon-roasted-kale-potatoes,4109,https://www.mealime.com/recipes/sheet-pan-salmon-honey-dijon-roasted-kale-potatoes/4109,https://www.mealime.com/recipes/sheet-pan-salmon-honey-dijon-roasted-kale-potatoes/4108
sauteed-chicken-thighs-brussels-sprouts-peanut-sauce,4097,https://www.mealime.com/recipes/sauteed-chicken-thighs-brussels-sprouts-peanut-sauce/4097,https://www.mealime.com/recipes/sauteed-chicken-thighs-brussels-sprouts-peanut-sauce/4096
apple-cheddar-grilled-cheese-sandwiches-arugula-apple-pecan-salad,4090,https://www.mealime.com/recipes/apple-cheddar-grilled-cheese-sandwiches-arugula-apple-pecan-salad/4090,https://www.mealime.com/recipes/apple-cheddar-grilled-cheese-sandwiches-arugula-apple-pecan-salad/4089
chickpea-waldorf-salad-apples-celery-grapes-walnuts,4083,https://www.mealime.com/recipes/chickpea-waldorf-salad-apples-celery-grapes-walnuts/4083,https://www.mealime.com/recipes/chickpea-waldorf-salad-apples-celery-grapes-walnuts/4082
baked-spaghetti-squash-kale-cannellini-bean-saute,4080,https://www.mealime.com/recipes/baked-spaghetti-squash-kale-cannellini-bean-saute/4080,https://www.mealime.com/recipes/baked-spaghetti-squash-kale-cannellini-bean-saute/4079
striploin-steak-mashed-potatoes-garlicky-spinach-saute,4073,https://www.mealime.com/recipes/striploin-steak-mashed-potatoes-garlicky-spinach-saute/4073,https://www.mealime.com/recipes/striploin-steak-mashed-potatoes-garlicky-spinach-saute/4072
pan-fried-pork-chops-apple-kale-saute,4068,https://www.mealime.com/recipes/pan-fried-pork-chops-apple-kale-saute/4068,https://www.mealime.com/recipes/pan-fried-pork-chops-apple-kale-saute/4067
pan-fried-cod-asparagus-carrot-puree,4055,https://www.mealime.com/recipes/pan-fried-cod-asparagus-carrot-puree/4055,https://www.mealime.com/recipes/pan-fried-cod-asparagus-carrot-puree/4054
lentil-peach-greens-salad-goat-cheese-walnuts,4049,https://www.mealime.com/recipes/lentil-peach-greens-salad-goat-cheese-walnuts/4049,https://www.mealime.com/recipes/lentil-peach-greens-salad-goat-cheese-walnuts/4048
pan-fried-salmon-creamy-green-beans,4046,https://www.mealime.com/recipes/pan-fried-salmon-creamy-green-beans/4046,https://www.mealime.com/recipes/pan-fried-salmon-creamy-green-beans/4045
pan-fried-steak-sweet-potato-mash-green-beans,4039,https://www.mealime.com/recipes/pan-fried-steak-sweet-potato-mash-green-beans/4039,https://www.mealime.com/recipes/pan-fried-steak-sweet-potato-mash-green-beans/4038
shrimp-zucchini-coconut-curry-basmati-rice,4036,https://www.mealime.com/recipes/shrimp-zucchini-coconut-curry-basmati-rice/4036,https://www.mealime.com/recipes/shrimp-zucchini-coconut-curry-basmati-rice/4035
balsamic-grilled-chicken-peach-tomato-basil-salad,4026,https://www.mealime.com/recipes/balsamic-grilled-chicken-peach-tomato-basil-salad/4026,https://www.mealime.com/recipes/balsamic-grilled-chicken-peach-tomato-basil-salad/4025
tofu-bell-pepper-fajitas-guacamole,4015,https://www.mealime.com/recipes/tofu-bell-pepper-fajitas-guacamole/4015,https://www.mealime.com/recipes/tofu-bell-pepper-fajitas-guacamole/4014
beef-burger-patties-garlic-aioli-tomato-cucumber-salad,4007,https://www.mealime.com/recipes/beef-burger-patties-garlic-aioli-tomato-cucumber-salad/4007,https://www.mealime.com/recipes/beef-burger-patties-garlic-aioli-tomato-cucumber-salad/4006
zucchini-black-bean-tacos-feta,4004,https://www.mealime.com/recipes/zucchini-black-bean-tacos-feta/4004,https://www.mealime.com/recipes/zucchini-black-bean-tacos-feta/4003
mexican-style-frittata-bell-pepper-cheddar-avocado,3998,https://www.mealime.com/recipes/mexican-style-frittata-bell-pepper-cheddar-avocado/3998,https://www.mealime.com/recipes/mexican-style-frittata-bell-pepper-cheddar-avocado/3997
striploin-steak-bell-pepper-tomato-basil-panzanella-salad,3990,https://www.mealime.com/recipes/striploin-steak-bell-pepper-tomato-basil-panzanella-salad/3990,https://www.mealime.com/recipes/striploin-steak-bell-pepper-tomato-basil-panzanella-salad/3989
balsamic-grilled-chicken-classic-caprese-salad,3984,https://www.mealime.com/recipes/balsamic-grilled-chicken-classic-caprese-salad/3984,https://www.mealime.com/recipes/balsamic-grilled-chicken-classic-caprese-salad/3983
creamy-leek-bacon-pasta-goat-cheese,3977,https://www.mealime.com/recipes/creamy-leek-bacon-pasta-goat-cheese/3977,https://www.mealime.com/recipes/creamy-leek-bacon-pasta-goat-cheese/3976
sesame-tofu-snap-pea-stir-fry-basmati-rice,3970,https://www.mealime.com/recipes/sesame-tofu-snap-pea-stir-fry-basmati-rice/3970,https://www.mealime.com/recipes/sesame-tofu-snap-pea-stir-fry-basmati-rice/3969
paprika-pork-chops-sauteed-bell-pepper-mango-red-onion,3958,https://www.mealime.com/recipes/paprika-pork-chops-sauteed-bell-pepper-mango-red-onion/3958,https://www.mealime.com/recipes/paprika-pork-chops-sauteed-bell-pepper-mango-red-onion/3957
black-bean-chickpea-avocado-salad-bell-pepper-tomatoes,3942,https://www.mealime.com/recipes/black-bean-chickpea-avocado-salad-bell-pepper-tomatoes/3942,https://www.mealime.com/recipes/black-bean-chickpea-avocado-salad-bell-pepper-tomatoes/3941
fish-tacos-strawberry-avocado-salsa,3938,https://www.mealime.com/recipes/fish-tacos-strawberry-avocado-salsa/3938,https://www.mealime.com/recipes/fish-tacos-strawberry-avocado-salsa/3937
grilled-pork-chops-peach-cucumber-salad,3925,https://www.mealime.com/recipes/grilled-pork-chops-peach-cucumber-salad/3925,https://www.mealime.com/recipes/grilled-pork-chops-peach-cucumber-salad/3924
grilled-cod-peach-tomato-basil-salad,3920,https://www.mealime.com/recipes/grilled-cod-peach-tomato-basil-salad/3920,https://www.mealime.com/recipes/grilled-cod-peach-tomato-basil-salad/3919
ricotta-spinach-pasta-toasted-pine-nuts,3906,https://www.mealime.com/recipes/ricotta-spinach-pasta-toasted-pine-nuts/3906,https://www.mealime.com/recipes/ricotta-spinach-pasta-toasted-pine-nuts/3905
cilantro-lime-chicken-thighs-avocado-tomato-salsa,3892,https://www.mealime.com/recipes/cilantro-lime-chicken-thighs-avocado-tomato-salsa/3892,https://www.mealime.com/recipes/cilantro-lime-chicken-thighs-avocado-tomato-salsa/3891
lemony-pasta-primavera-chicken-asparagus-peas,3883,https://www.mealime.com/recipes/lemony-pasta-primavera-chicken-asparagus-peas/3883,https://www.mealime.com/recipes/lemony-pasta-primavera-chicken-asparagus-peas/3882
ribeye-steak-asparagus-almond-goat-cheese-salad,3877,https://www.mealime.com/recipes/ribeye-steak-asparagus-almond-goat-cheese-salad/3877,https://www.mealime.com/recipes/ribeye-steak-asparagus-almond-goat-cheese-salad/3876
bell-pepper-kale-goat-cheese-frittata,3861,https://www.mealime.com/recipes/bell-pepper-kale-goat-cheese-frittata/3861,https://www.mealime.com/recipes/bell-pepper-kale-goat-cheese-frittata/3860
greek-style-lentil-salad-cucumber-tomatoes-olives-feta,3858,https://www.mealime.com/recipes/greek-style-lentil-salad-cucumber-tomatoes-olives-feta/3858,https://www.mealime.com/recipes/greek-style-lentil-salad-cucumber-tomatoes-olives-feta/3857
pan-fried-pork-chops-warm-asparagus-potato-salad,3855,https://www.mealime.com/recipes/pan-fried-pork-chops-warm-asparagus-potato-salad/3855,https://www.mealime.com/recipes/pan-fried-pork-chops-warm-asparagus-potato-salad/3854
black-bean-soup-orange-avocado-red-onion-salad,3822,https://www.mealime.com/recipes/black-bean-soup-orange-avocado-red-onion-salad/3822,https://www.mealime.com/recipes/black-bean-soup-orange-avocado-red-onion-salad/3821
mexican-chicken-soup-avocado-tortilla-crisps,3814,https://www.mealime.com/recipes/mexican-chicken-soup-avocado-tortilla-crisps/3814,https://www.mealime.com/recipes/mexican-chicken-soup-avocado-tortilla-crisps/3813
tofu-burrito-bowl-cilantro-lime-rice-pico-de-gallo,3811,https://www.mealime.com/recipes/tofu-burrito-bowl-cilantro-lime-rice-pico-de-gallo/3811,https://www.mealime.com/recipes/tofu-burrito-bowl-cilantro-lime-rice-pico-de-gallo/3810
black-bean-tacos-pico-de-gallo-feta,3771,https://www.mealime.com/recipes/black-bean-tacos-pico-de-gallo-feta/3771,https://www.mealime.com/recipes/black-bean-tacos-pico-de-gallo-feta/3770
pan-fried-pork-chops-sauteed-carrots-cauliflower-mash,3764,https://www.mealime.com/recipes/pan-fried-pork-chops-sauteed-carrots-cauliflower-mash/3764,https://www.mealime.com/recipes/pan-fried-pork-chops-sauteed-carrots-cauliflower-mash/3763
vegetarian-shepherds-pie-lentils-mushrooms-carrots,3757,https://www.mealime.com/recipes/vegetarian-shepherds-pie-lentils-mushrooms-carrots/3757,https://www.mealime.com/recipes/vegetarian-shepherds-pie-lentils-mushrooms-carrots/3756
chili-rubbed-salmon-warm-zucchini-corn-salad,3745,https://www.mealime.com/recipes/chili-rubbed-salmon-warm-zucchini-corn-salad/3745,https://www.mealime.com/recipes/chili-rubbed-salmon-warm-zucchini-corn-salad/3744
italian-wedding-soup-turkey-meatballs-kale,3737,https://www.mealime.com/recipes/italian-wedding-soup-turkey-meatballs-kale/3737,https://www.mealime.com/recipes/italian-wedding-soup-turkey-meatballs-kale/3736
pan-fried-chicken-breast-lemony-mushroom-herb-rice,3726,https://www.mealime.com/recipes/pan-fried-chicken-breast-lemony-mushroom-herb-rice/3726,https://www.mealime.com/recipes/pan-fried-chicken-breast-lemony-mushroom-herb-rice/3725
pan-seared-strip-steak-kale-colcannon-irish-mashed-potatoes,3716,https://www.mealime.com/recipes/pan-seared-strip-steak-kale-colcannon-irish-mashed-potatoes/3716,https://www.mealime.com/recipes/pan-seared-strip-steak-kale-colcannon-irish-mashed-potatoes/3715
fish-tacos-mango-jalapeno-salsa-lime-crema,3713,https://www.mealime.com/recipes/fish-tacos-mango-jalapeno-salsa-lime-crema/3713,https://www.mealime.com/recipes/fish-tacos-mango-jalapeno-salsa-lime-crema/3712
black-bean-puree-fried-eggs-avocado-grape-tomatoes,3702,https://www.mealime.com/recipes/black-bean-puree-fried-eggs-avocado-grape-tomatoes/3702,https://www.mealime.com/recipes/black-bean-puree-fried-eggs-avocado-grape-tomatoes/3701
pan-fried-tilapia-quinoa-cucumber-feta-salad,3699,https://www.mealime.com/recipes/pan-fried-tilapia-quinoa-cucumber-feta-salad/3699,https://www.mealime.com/recipes/pan-fried-tilapia-quinoa-cucumber-feta-salad/3698
beef-chili-mac-cheese-bell-pepper,3685,https://www.mealime.com/recipes/beef-chili-mac-cheese-bell-pepper/3685,https://www.mealime.com/recipes/beef-chili-mac-cheese-bell-pepper/3684
chicken-sweet-potato-curry-coconut-milk-spinach,3600,https://www.mealime.com/recipes/chicken-sweet-potato-curry-coconut-milk-spinach/3600,https://www.mealime.com/recipes/chicken-sweet-potato-curry-coconut-milk-spinach/3599
mediterranean-tuna-salad-chickpeas,3597,https://www.mealime.com/recipes/mediterranean-tuna-salad-chickpeas/3597,https://www.mealime.com/recipes/mediterranean-tuna-salad-chickpeas/3596
taco-lettuce-wraps-cheddar,3555,https://www.mealime.com/recipes/taco-lettuce-wraps-cheddar/3555,https://www.mealime.com/recipes/taco-lettuce-wraps-cheddar/3554
manhattan-fish-chowder-halibut-crusty-bread,3500,https://www.mealime.com/recipes/manhattan-fish-chowder-halibut-crusty-bread/3500,https://www.mealime.com/recipes/manhattan-fish-chowder-halibut-crusty-bread/3499
greek-style-stuffed-zucchini-boats-ground-beef,3481,https://www.mealime.com/recipes/greek-style-stuffed-zucchini-boats-ground-beef/3481,https://www.mealime.com/recipes/greek-style-stuffed-zucchini-boats-ground-beef/3480
peanut-tofu-rice-bowl-carrots-broccoli,3452,https://www.mealime.com/recipes/peanut-tofu-rice-bowl-carrots-broccoli/3452,https://www.mealime.com/recipes/peanut-tofu-rice-bowl-carrots-broccoli/3451
salmon-cakes-mango-cabbage-slaw,3379,https://www.mealime.com/recipes/salmon-cakes-mango-cabbage-slaw/3379,https://www.mealime.com/recipes/salmon-cakes-mango-cabbage-slaw/3378
cod-a-la-meuniere-roasted-green-beans-potatoes,3336,https://www.mealime.com/recipes/cod-a-la-meuniere-roasted-green-beans-potatoes/3336,https://www.mealime.com/recipes/cod-a-la-meuniere-roasted-green-beans-potatoes/3335
classic-beef-burger-chopped-salad,3279,https://www.mealime.com/recipes/classic-beef-burger-chopped-salad/3279,https://www.mealime.com/recipes/classic-beef-burger-chopped-salad/3278
chickpea-egg-avocado-chopped-salad-balsamic-vinaigrette,3256,https://www.mealime.com/recipes/chickpea-egg-avocado-chopped-salad-balsamic-vinaigrette/3256,https://www.mealime.com/recipes/chickpea-egg-avocado-chopped-salad-balsamic-vinaigrette/3255
beef-carrot-stew-mashed-potato-topping,3253,https://www.mealime.com/recipes/beef-carrot-stew-mashed-potato-topping/3253,https://www.mealime.com/recipes/beef-carrot-stew-mashed-potato-topping/3252
panko-crusted-fish-sticks-lemon-herb-dip-carrot-apple-slaw,3249,https://www.mealime.com/recipes/panko-crusted-fish-sticks-lemon-herb-dip-carrot-apple-slaw/3249,https://www.mealime.com/recipes/panko-crusted-fish-sticks-lemon-herb-dip-carrot-apple-slaw/3248
tofu-bell-pepper-stir-fry-jasmine-rice,3245,https://www.mealime.com/recipes/tofu-bell-pepper-stir-fry-jasmine-rice/3245,https://www.mealime.com/recipes/tofu-bell-pepper-stir-fry-jasmine-rice/3244
lemon-butter-chicken-honey-roasted-parsnips-carrots,3229,https://www.mealime.com/recipes/lemon-butter-chicken-honey-roasted-parsnips-carrots/3229,https://www.mealime.com/recipes/lemon-butter-chicken-honey-roasted-parsnips-carrots/3228
shrimp-scampi-spaghetti-squash,3125,https://www.mealime.com/recipes/shrimp-scampi-spaghetti-squash/3125,https://www.mealime.com/recipes/shrimp-scampi-spaghetti-squash/3124
unstuffed-cabbage-rolls,3124,https://www.mealime.com/recipes/unstuffed-cabbage-rolls/3124,https://www.mealime.com/recipes/unstuffed-cabbage-rolls/3123
bunless-beef-burgers-sauteed-sweet-potatoes,3123,https://www.mealime.com/recipes/bunless-beef-burgers-sauteed-sweet-potatoes/3123,https://www.mealime.com/recipes/bunless-beef-burgers-sauteed-sweet-potatoes/3122
vegetarian-cobb-salad-chickpeas,3122,https://www.mealime.com/recipes/vegetarian-cobb-salad-chickpeas/3122,https://www.mealime.com/recipes/vegetarian-cobb-salad-chickpeas/3121
thai-inspired-turkey-burgers-napa-cabbage-slaw,3121,https://www.mealime.com/recipes/thai-inspired-turkey-burgers-napa-cabbage-slaw/3121,https://www.mealime.com/recipes/thai-inspired-turkey-burgers-napa-cabbage-slaw/3120
classic-spaghetti-meatballs-tomato-sauce,3120,https://www.mealime.com/recipes/classic-spaghetti-meatballs-tomato-sauce/3120,https://www.mealime.com/recipes/classic-spaghetti-meatballs-tomato-sauce/3119
cilantro-lime-chicken-salad-mango-avocado-bell-pepper,3119,https://www.mealime.com/recipes/cilantro-lime-chicken-salad-mango-avocado-bell-pepper/3119,https://www.mealime.com/recipes/cilantro-lime-chicken-salad-mango-avocado-bell-pepper/3118
cod-poached-in-fresh-tomato-sauce-roasted-asparagus,3118,https://www.mealime.com/recipes/cod-poached-in-fresh-tomato-sauce-roasted-asparagus/3118,https://www.mealime.com/recipes/cod-poached-in-fresh-tomato-sauce-roasted-asparagus/3117
new-york-strip-steak-roasted-asparagus-new-potato-salad,3117,https://www.mealime.com/recipes/new-york-strip-steak-roasted-asparagus-new-potato-salad/3117,https://www.mealime.com/recipes/new-york-strip-steak-roasted-asparagus-new-potato-salad/3116
fish-tacos-guacamole-napa-cabbage-slaw,3116,https://www.mealime.com/recipes/fish-tacos-guacamole-napa-cabbage-slaw/3116,https://www.mealime.com/recipes/fish-tacos-guacamole-napa-cabbage-slaw/3115
lamb-chops-minty-cucumber-tomato-salad,3115,https://www.mealime.com/recipes/lamb-chops-minty-cucumber-tomato-salad/3115,https://www.mealime.com/recipes/lamb-chops-minty-cucumber-tomato-salad/3114
asian-steak-salad-cucumber-napa-cabbage-peanuts,3114,https://www.mealime.com/recipes/asian-steak-salad-cucumber-napa-cabbage-peanuts/3114,https://www.mealime.com/recipes/asian-steak-salad-cucumber-napa-cabbage-peanuts/3113
eggplant-tomato-chickpea-stew-couscous-feta,3113,https://www.mealime.com/recipes/eggplant-tomato-chickpea-stew-couscous-feta/3113,https://www.mealime.com/recipes/eggplant-tomato-chickpea-stew-couscous-feta/3112
chickpea-zucchini-saute-couscous-feta-almonds,3111,https://www.mealime.com/recipes/chickpea-zucchini-saute-couscous-feta-almonds/3111,https://www.mealime.com/recipes/chickpea-zucchini-saute-couscous-feta-almonds/3110
steak-kale-caesar-salad-creamy-parmesan-dressing,3110,https://www.mealime.com/recipes/steak-kale-caesar-salad-creamy-parmesan-dressing/3110,https://www.mealime.com/recipes/steak-kale-caesar-salad-creamy-parmesan-dressing/3109
chickpea-kale-caesar-salad-pumpkin-seeds,3109,https://www.mealime.com/recipes/chickpea-kale-caesar-salad-pumpkin-seeds/3109,https://www.mealime.com/recipes/chickpea-kale-caesar-salad-pumpkin-seeds/3108
buffalo-chicken-lettuce-wraps-celery-sticks,3108,https://www.mealime.com/recipes/buffalo-chicken-lettuce-wraps-celery-sticks/3108,https://www.mealime.com/recipes/buffalo-chicken-lettuce-wraps-celery-sticks/3107
tuscan-kale-white-bean-soup-toast,3107,https://www.mealime.com/recipes/tuscan-kale-white-bean-soup-toast/3107,https://www.mealime.com/recipes/tuscan-kale-white-bean-soup-toast/3106
garlic-rosemary-chicken-drumsticks-sauteed-brussels-sprouts,3106,https://www.mealime.com/recipes/garlic-rosemary-chicken-drumsticks-sauteed-brussels-sprouts/3106,https://www.mealime.com/recipes/garlic-rosemary-chicken-drumsticks-sauteed-brussels-sprouts/3105
pan-seared-lamb-chops-greek-salad-avocado-dressing,3105,https://www.mealime.com/recipes/pan-seared-lamb-chops-greek-salad-avocado-dressing/3105,https://www.mealime.com/recipes/pan-seared-lamb-chops-greek-salad-avocado-dressing/3104
pan-fried-salmon-carrot-beet-apple-slaw,3104,https://www.mealime.com/recipes/pan-fried-salmon-carrot-beet-apple-slaw/3104,https://www.mealime.com/recipes/pan-fried-salmon-carrot-beet-apple-slaw/3103
tangy-peanut-soba-noodle-salad-crispy-tofu,3103,https://www.mealime.com/recipes/tangy-peanut-soba-noodle-salad-crispy-tofu/3103,https://www.mealime.com/recipes/tangy-peanut-soba-noodle-salad-crispy-tofu/3102
cheesy-mashed-white-beans-sauteed-kale-fried-eggs,3102,https://www.mealime.com/recipes/cheesy-mashed-white-beans-sauteed-kale-fried-eggs/3102,https://www.mealime.com/recipes/cheesy-mashed-white-beans-sauteed-kale-fried-eggs/3101
shrimp-napa-cabbage-stir-fry-jasmine-rice,3100,https://www.mealime.com/recipes/shrimp-napa-cabbage-stir-fry-jasmine-rice/3100,https://www.mealime.com/recipes/shrimp-napa-cabbage-stir-fry-jasmine-rice/3099
ribeye-steak-sweet-potato-wedges-arugula-walnut-salad,3099,https://www.mealime.com/recipes/ribeye-steak-sweet-potato-wedges-arugula-walnut-salad/3099,https://www.mealime.com/recipes/ribeye-steak-sweet-potato-wedges-arugula-walnut-salad/3098
sweet-potato-spinach-white-bean-curry-quinoa,3098,https://www.mealime.com/recipes/sweet-potato-spinach-white-bean-curry-quinoa/3098,https://www.mealime.com/recipes/sweet-potato-spinach-white-bean-curry-quinoa/3097
pan-fried-pork-chops-maple-roasted-acorn-squash,3097,https://www.mealime.com/recipes/pan-fried-pork-chops-maple-roasted-acorn-squash/3097,https://www.mealime.com/recipes/pan-fried-pork-chops-maple-roasted-acorn-squash/3096
striploin-steak-roasted-carrot-beet-feta-salad,3082,https://www.mealime.com/recipes/striploin-steak-roasted-carrot-beet-feta-salad/3082,https://www.mealime.com/recipes/striploin-steak-roasted-carrot-beet-feta-salad/3081
pan-seared-salmon-warmed-potato-corn-snap-pea-salad,3081,https://www.mealime.com/recipes/pan-seared-salmon-warmed-potato-corn-snap-pea-salad/3081,https://www.mealime.com/recipes/pan-seared-salmon-warmed-potato-corn-snap-pea-salad/3080
seared-chicken-breast-green-beans-sauteed-mushrooms,3064,https://www.mealime.com/recipes/seared-chicken-breast-green-beans-sauteed-mushrooms/3064,https://www.mealime.com/recipes/seared-chicken-breast-green-beans-sauteed-mushrooms/3063
black-bean-tacos-tomato-avocado-salsa,3059,https://www.mealime.com/recipes/black-bean-tacos-tomato-avocado-salsa/3059,https://www.mealime.com/recipes/black-bean-tacos-tomato-avocado-salsa/3058
avocado-shrimp-corn-salad-cilantro-lime-dressing,3058,https://www.mealime.com/recipes/avocado-shrimp-corn-salad-cilantro-lime-dressing/3058,https://www.mealime.com/recipes/avocado-shrimp-corn-salad-cilantro-lime-dressing/3057
roasted-salmon-tomatoes-minted-pea-puree,3056,https://www.mealime.com/recipes/roasted-salmon-tomatoes-minted-pea-puree/3056,https://www.mealime.com/recipes/roasted-salmon-tomatoes-minted-pea-puree/3055
soy-ginger-salmon-sesame-napa-cabbage-slaw,3025,https://www.mealime.com/recipes/soy-ginger-salmon-sesame-napa-cabbage-slaw/3025,https://www.mealime.com/recipes/soy-ginger-salmon-sesame-napa-cabbage-slaw/3024
salmon-fettuccine-alfredo-spinach-lemon-dill,3018,https://www.mealime.com/recipes/salmon-fettuccine-alfredo-spinach-lemon-dill/3018,https://www.mealime.com/recipes/salmon-fettuccine-alfredo-spinach-lemon-dill/3017
new-potato-asparagus-egg-salad-lemon-mustard-vinaigrette,3013,https://www.mealime.com/recipes/new-potato-asparagus-egg-salad-lemon-mustard-vinaigrette/3013,https://www.mealime.com/recipes/new-potato-asparagus-egg-salad-lemon-mustard-vinaigrette/3012
chili-rubbed-pork-chops-apple-salsa-sweet-potato-mash,3012,https://www.mealime.com/recipes/chili-rubbed-pork-chops-apple-salsa-sweet-potato-mash/3012,https://www.mealime.com/recipes/chili-rubbed-pork-chops-apple-salsa-sweet-potato-mash/3011
sweet-potato-black-bean-chili-avocado,3011,https://www.mealime.com/recipes/sweet-potato-black-bean-chili-avocado/3011,https://www.mealime.com/recipes/sweet-potato-black-bean-chili-avocado/3010
asian-style-salmon-roasted-zucchini-sweet-potatoes,3009,https://www.mealime.com/recipes/asian-style-salmon-roasted-zucchini-sweet-potatoes/3009,https://www.mealime.com/recipes/asian-style-salmon-roasted-zucchini-sweet-potatoes/3008
skillet-eggplant-beef-feta-moussaka-lemon-arugula-salad,3008,https://www.mealime.com/recipes/skillet-eggplant-beef-feta-moussaka-lemon-arugula-salad/3008,https://www.mealime.com/recipes/skillet-eggplant-beef-feta-moussaka-lemon-arugula-salad/3007
lemon-garlic-chicken-drumsticks-zucchini-corn-feta-salad,2999,https://www.mealime.com/recipes/lemon-garlic-chicken-drumsticks-zucchini-corn-feta-salad/2999,https://www.mealime.com/recipes/lemon-garlic-chicken-drumsticks-zucchini-corn-feta-salad/2998
pork-tacos-pico-de-gallo-guacamole,2998,https://www.mealime.com/recipes/pork-tacos-pico-de-gallo-guacamole/2998,https://www.mealime.com/recipes/pork-tacos-pico-de-gallo-guacamole/2997
spaghetti-turkey-bolognese,2994,https://www.mealime.com/recipes/spaghetti-turkey-bolognese/2994,https://www.mealime.com/recipes/spaghetti-turkey-bolognese/2993
grilled-steak-tomato-corn-avocado-salad,2993,https://www.mealime.com/recipes/grilled-steak-tomato-corn-avocado-salad/2993,https://www.mealime.com/recipes/grilled-steak-tomato-corn-avocado-salad/2992
grilled-shrimp-tacos-mango-avocado-salsa,2992,https://www.mealime.com/recipes/grilled-shrimp-tacos-mango-avocado-salsa/2992,https://www.mealime.com/recipes/grilled-shrimp-tacos-mango-avocado-salsa/2991
shrimp-asparagus-fried-rice,2991,https://www.mealime.com/recipes/shrimp-asparagus-fried-rice/2991,https://www.mealime.com/recipes/shrimp-asparagus-fried-rice/2990
thai-chicken-mango-salad-jalapeno-peanut-dressing,2987,https://www.mealime.com/recipes/thai-chicken-mango-salad-jalapeno-peanut-dressing/2987,https://www.mealime.com/recipes/thai-chicken-mango-salad-jalapeno-peanut-dressing/2986
thai-chicken-bell-pepper-lettuce-wraps-peanut-sauce,2982,https://www.mealime.com/recipes/thai-chicken-bell-pepper-lettuce-wraps-peanut-sauce/2982,https://www.mealime.com/recipes/thai-chicken-bell-pepper-lettuce-wraps-peanut-sauce/2981
mediterranean-chicken-quinoa-bowl-feta-tzatziki,2980,https://www.mealime.com/recipes/mediterranean-chicken-quinoa-bowl-feta-tzatziki/2980,https://www.mealime.com/recipes/mediterranean-chicken-quinoa-bowl-feta-tzatziki/2979
grilled-fish-basmati-rice-strawberry-cucumber-mint-salsa,2977,https://www.mealime.com/recipes/grilled-fish-basmati-rice-strawberry-cucumber-mint-salsa/2977,https://www.mealime.com/recipes/grilled-fish-basmati-rice-strawberry-cucumber-mint-salsa/2976
pasta-e-ceci-pasta-chickpeas,2975,https://www.mealime.com/recipes/pasta-e-ceci-pasta-chickpeas/2975,https://www.mealime.com/recipes/pasta-e-ceci-pasta-chickpeas/2974
ground-beef-bell-pepper-green-bean-chili-yogurt,2974,https://www.mealime.com/recipes/ground-beef-bell-pepper-green-bean-chili-yogurt/2974,https://www.mealime.com/recipes/ground-beef-bell-pepper-green-bean-chili-yogurt/2973
ground-beef-green-bean-bell-pepper-stir-fry-jasmine-rice,2973,https://www.mealime.com/recipes/ground-beef-green-bean-bell-pepper-stir-fry-jasmine-rice/2973,https://www.mealime.com/recipes/ground-beef-green-bean-bell-pepper-stir-fry-jasmine-rice/2972
chicken-strawberry-avocado-salad-spinach-almonds,2972,https://www.mealime.com/recipes/chicken-strawberry-avocado-salad-spinach-almonds/2972,https://www.mealime.com/recipes/chicken-strawberry-avocado-salad-spinach-almonds/2971
rosemary-pork-chops-balsamic-strawberry-sauce-green-beans,2968,https://www.mealime.com/recipes/rosemary-pork-chops-balsamic-strawberry-sauce-green-beans/2968,https://www.mealime.com/recipes/rosemary-pork-chops-balsamic-strawberry-sauce-green-beans/2967
grilled-halibut-mango-avocado-salsa-basmati-rice,2966,https://www.mealime.com/recipes/grilled-halibut-mango-avocado-salsa-basmati-rice/2966,https://www.mealime.com/recipes/grilled-halibut-mango-avocado-salsa-basmati-rice/2965
napa-cabbage-pork-bell-pepper-stir-fry,2959,https://www.mealime.com/recipes/napa-cabbage-pork-bell-pepper-stir-fry/2959,https://www.mealime.com/recipes/napa-cabbage-pork-bell-pepper-stir-fry/2958
black-bean-mango-rice-bowl-cilantro-vinaigrette,2958,https://www.mealime.com/recipes/black-bean-mango-rice-bowl-cilantro-vinaigrette/2958,https://www.mealime.com/recipes/black-bean-mango-rice-bowl-cilantro-vinaigrette/2957
asparagus-chickpea-rice-bowl-almonds-lemon-vinaigrette,2956,https://www.mealime.com/recipes/asparagus-chickpea-rice-bowl-almonds-lemon-vinaigrette/2956,https://www.mealime.com/recipes/asparagus-chickpea-rice-bowl-almonds-lemon-vinaigrette/2955
black-bean-burgers-avocado-spread-mixed-greens-salad,2938,https://www.mealime.com/recipes/black-bean-burgers-avocado-spread-mixed-greens-salad/2938,https://www.mealime.com/recipes/black-bean-burgers-avocado-spread-mixed-greens-salad/2937
ground-beef-kale-carrot-stir-fry-cauliflower-rice,2937,https://www.mealime.com/recipes/ground-beef-kale-carrot-stir-fry-cauliflower-rice/2937,https://www.mealime.com/recipes/ground-beef-kale-carrot-stir-fry-cauliflower-rice/2936
portobello-mushroom-egg-bakes-asparagus-parmesan-quinoa,2936,https://www.mealime.com/recipes/portobello-mushroom-egg-bakes-asparagus-parmesan-quinoa/2936,https://www.mealime.com/recipes/portobello-mushroom-egg-bakes-asparagus-parmesan-quinoa/2935
creamy-chicken-apple-almond-salad-in-lettuce-cups,2934,https://www.mealime.com/recipes/creamy-chicken-apple-almond-salad-in-lettuce-cups/2934,https://www.mealime.com/recipes/creamy-chicken-apple-almond-salad-in-lettuce-cups/2933
salisbury-steak-mushroom-gravy-asparagus,2929,https://www.mealime.com/recipes/salisbury-steak-mushroom-gravy-asparagus/2929,https://www.mealime.com/recipes/salisbury-steak-mushroom-gravy-asparagus/2928
indian-inspired-beef-kheema-peas-basmati-rice,2924,https://www.mealime.com/recipes/indian-inspired-beef-kheema-peas-basmati-rice/2924,https://www.mealime.com/recipes/indian-inspired-beef-kheema-peas-basmati-rice/2923
grilled-turmeric-chicken-minty-cucumber-avocado-salad,2923,https://www.mealime.com/recipes/grilled-turmeric-chicken-minty-cucumber-avocado-salad/2923,https://www.mealime.com/recipes/grilled-turmeric-chicken-minty-cucumber-avocado-salad/2922
hawaiian-beef-pineapple-chili-spinach-avocado,2917,https://www.mealime.com/recipes/hawaiian-beef-pineapple-chili-spinach-avocado/2917,https://www.mealime.com/recipes/hawaiian-beef-pineapple-chili-spinach-avocado/2916
thai-beef-carrot-basil-salad-jasmine-rice,2916,https://www.mealime.com/recipes/thai-beef-carrot-basil-salad-jasmine-rice/2916,https://www.mealime.com/recipes/thai-beef-carrot-basil-salad-jasmine-rice/2915
chicken-sauteed-kale-roasted-beet-orange-slices,2909,https://www.mealime.com/recipes/chicken-sauteed-kale-roasted-beet-orange-slices/2909,https://www.mealime.com/recipes/chicken-sauteed-kale-roasted-beet-orange-slices/2908
chicken-mushroom-green-pea-skillet-quinoa,2908,https://www.mealime.com/recipes/chicken-mushroom-green-pea-skillet-quinoa/2908,https://www.mealime.com/recipes/chicken-mushroom-green-pea-skillet-quinoa/2907
roasted-chickpeas-brussels-sprouts-carrots-polenta,2907,https://www.mealime.com/recipes/roasted-chickpeas-brussels-sprouts-carrots-polenta/2907,https://www.mealime.com/recipes/roasted-chickpeas-brussels-sprouts-carrots-polenta/2906
spinach-mushroom-feta-frittata-grape-tomatoes,2901,https://www.mealime.com/recipes/spinach-mushroom-feta-frittata-grape-tomatoes/2901,https://www.mealime.com/recipes/spinach-mushroom-feta-frittata-grape-tomatoes/2900
cilantro-lime-grilled-chicken-thai-mango-salad,2857,https://www.mealime.com/recipes/cilantro-lime-grilled-chicken-thai-mango-salad/2857,https://www.mealime.com/recipes/cilantro-lime-grilled-chicken-thai-mango-salad/2856
garlic-paprika-chicken-drumsticks-avocado-tomato-greens-salad,2853,https://www.mealime.com/recipes/garlic-paprika-chicken-drumsticks-avocado-tomato-greens-salad/2853,https://www.mealime.com/recipes/garlic-paprika-chicken-drumsticks-avocado-tomato-greens-salad/2852
mediterranean-tuna-stuffed-bell-peppers-baby-spinach-salad,2849,https://www.mealime.com/recipes/mediterranean-tuna-stuffed-bell-peppers-baby-spinach-salad/2849,https://www.mealime.com/recipes/mediterranean-tuna-stuffed-bell-peppers-baby-spinach-salad/2848
pan-fried-pork-chops-basil-peach-salsa-green-beans,2845,https://www.mealime.com/recipes/pan-fried-pork-chops-basil-peach-salsa-green-beans/2845,https://www.mealime.com/recipes/pan-fried-pork-chops-basil-peach-salsa-green-beans/2844
thai-chicken-zucchini-noodle-salad-spicy-peanut-sauce,2825,https://www.mealime.com/recipes/thai-chicken-zucchini-noodle-salad-spicy-peanut-sauce/2825,https://www.mealime.com/recipes/thai-chicken-zucchini-noodle-salad-spicy-peanut-sauce/2824
creamy-mushroom-bacon-soup-pear-mixed-greens-salad,2813,https://www.mealime.com/recipes/creamy-mushroom-bacon-soup-pear-mixed-greens-salad/2813,https://www.mealime.com/recipes/creamy-mushroom-bacon-soup-pear-mixed-greens-salad/2812
salt-pepper-chicken-wings-cucumber-tomato-avocado-salad,2809,https://www.mealime.com/recipes/salt-pepper-chicken-wings-cucumber-tomato-avocado-salad/2809,https://www.mealime.com/recipes/salt-pepper-chicken-wings-cucumber-tomato-avocado-salad/2808
strawberry-bacon-spinach-salad-feta-poppy-seed-dressing,2789,https://www.mealime.com/recipes/strawberry-bacon-spinach-salad-feta-poppy-seed-dressing/2789,https://www.mealime.com/recipes/strawberry-bacon-spinach-salad-feta-poppy-seed-dressing/2788
skillet-dijon-chicken-mushrooms-asparagus,2781,https://www.mealime.com/recipes/skillet-dijon-chicken-mushrooms-asparagus/2781,https://www.mealime.com/recipes/skillet-dijon-chicken-mushrooms-asparagus/2780
pork-green-bean-bell-pepper-stir-fry-cashews,2765,https://www.mealime.com/recipes/pork-green-bean-bell-pepper-stir-fry-cashews/2765,https://www.mealime.com/recipes/pork-green-bean-bell-pepper-stir-fry-cashews/2764
avocado-caprese-salad-grilled-chicken,2761,https://www.mealime.com/recipes/avocado-caprese-salad-grilled-chicken/2761,https://www.mealime.com/recipes/avocado-caprese-salad-grilled-chicken/2760
roasted-zucchini-tuna-melts,2735,https://www.mealime.com/recipes/roasted-zucchini-tuna-melts/2735,https://www.mealime.com/recipes/roasted-zucchini-tuna-melts/2734
lemon-chicken-asparagus-stir-fry-cauliflower-rice,2719,https://www.mealime.com/recipes/lemon-chicken-asparagus-stir-fry-cauliflower-rice/2719,https://www.mealime.com/recipes/lemon-chicken-asparagus-stir-fry-cauliflower-rice/2718
pan-fried-pork-chops-roasted-broccoli-sweet-potato-mash,2690,https://www.mealime.com/recipes/pan-fried-pork-chops-roasted-broccoli-sweet-potato-mash/2690,https://www.mealime.com/recipes/pan-fried-pork-chops-roasted-broccoli-sweet-potato-mash/2689
chicken-tenders-honey-mustard-dip-roasted-green-beans,2682,https://www.mealime.com/recipes/chicken-tenders-honey-mustard-dip-roasted-green-beans/2682,https://www.mealime.com/recipes/chicken-tenders-honey-mustard-dip-roasted-green-beans/2681
margherita-portobello-mushroom-pizzas-bacon,2678,https://www.mealime.com/recipes/margherita-portobello-mushroom-pizzas-bacon/2678,https://www.mealime.com/recipes/margherita-portobello-mushroom-pizzas-bacon/2677
roasted-salmon-asparagus-balsamic-butter-sauce,2666,https://www.mealime.com/recipes/roasted-salmon-asparagus-balsamic-butter-sauce/2666,https://www.mealime.com/recipes/roasted-salmon-asparagus-balsamic-butter-sauce/2665
grilled-steak-green-bean-grape-tomato-salad,2662,https://www.mealime.com/recipes/grilled-steak-green-bean-grape-tomato-salad/2662,https://www.mealime.com/recipes/grilled-steak-green-bean-grape-tomato-salad/2661
chicken-mushroom-alfredo-over-zucchini-pasta,2657,https://www.mealime.com/recipes/chicken-mushroom-alfredo-over-zucchini-pasta/2657,https://www.mealime.com/recipes/chicken-mushroom-alfredo-over-zucchini-pasta/2656
teriyaki-chicken-drumsticks-sauteed-sugar-snap-peas,2637,https://www.mealime.com/recipes/teriyaki-chicken-drumsticks-sauteed-sugar-snap-peas/2637,https://www.mealime.com/recipes/teriyaki-chicken-drumsticks-sauteed-sugar-snap-peas/2636
pan-fried-chicken-sauteed-sugar-snap-peas-sweet-potato-mash,2627,https://www.mealime.com/recipes/pan-fried-chicken-sauteed-sugar-snap-peas-sweet-potato-mash/2627,https://www.mealime.com/recipes/pan-fried-chicken-sauteed-sugar-snap-peas-sweet-potato-mash/2626
green-bean-chickpea-sun-dried-tomato-salad-feta-olives,2623,https://www.mealime.com/recipes/green-bean-chickpea-sun-dried-tomato-salad-feta-olives/2623,https://www.mealime.com/recipes/green-bean-chickpea-sun-dried-tomato-salad-feta-olives/2622
chicken-fingers-avocado-dip-greens-grape-tomatoes,2619,https://www.mealime.com/recipes/chicken-fingers-avocado-dip-greens-grape-tomatoes/2619,https://www.mealime.com/recipes/chicken-fingers-avocado-dip-greens-grape-tomatoes/2618
chicken-kebabs-greek-salad-tzatziki-sauce,2599,https://www.mealime.com/recipes/chicken-kebabs-greek-salad-tzatziki-sauce/2599,https://www.mealime.com/recipes/chicken-kebabs-greek-salad-tzatziki-sauce/2598
steak-asparagus-bell-pepper-stir-fry,2587,https://www.mealime.com/recipes/steak-asparagus-bell-pepper-stir-fry/2587,https://www.mealime.com/recipes/steak-asparagus-bell-pepper-stir-fry/2586
spinach-shrimp-avocado-salad-zesty-lemon-vinaigrette,2583,https://www.mealime.com/recipes/spinach-shrimp-avocado-salad-zesty-lemon-vinaigrette/2583,https://www.mealime.com/recipes/spinach-shrimp-avocado-salad-zesty-lemon-vinaigrette/2582
caprese-frittata-fresh-mozzarella-basil-ribbons,2579,https://www.mealime.com/recipes/caprese-frittata-fresh-mozzarella-basil-ribbons/2579,https://www.mealime.com/recipes/caprese-frittata-fresh-mozzarella-basil-ribbons/2578
broccoli-cheddar-frittata,2567,https://www.mealime.com/recipes/broccoli-cheddar-frittata/2567,https://www.mealime.com/recipes/broccoli-cheddar-frittata/2566
egg-walnut-caesar-salad-parmesan-crisps-creamy-dressing,2543,https://www.mealime.com/recipes/egg-walnut-caesar-salad-parmesan-crisps-creamy-dressing/2543,https://www.mealime.com/recipes/egg-walnut-caesar-salad-parmesan-crisps-creamy-dressing/2542
asparagus-egg-bacon-salad-walnuts-dijon-vinaigrette,2514,https://www.mealime.com/recipes/asparagus-egg-bacon-salad-walnuts-dijon-vinaigrette/2514,https://www.mealime.com/recipes/asparagus-egg-bacon-salad-walnuts-dijon-vinaigrette/2513
asparagus-soup-chicken-slices-garlicky-grape-tomatoes,2506,https://www.mealime.com/recipes/asparagus-soup-chicken-slices-garlicky-grape-tomatoes/2506,https://www.mealime.com/recipes/asparagus-soup-chicken-slices-garlicky-grape-tomatoes/2505
asian-salmon-zucchini-noodle-bowl-carrots-sugar-snap-peas,2494,https://www.mealime.com/recipes/asian-salmon-zucchini-noodle-bowl-carrots-sugar-snap-peas/2494,https://www.mealime.com/recipes/asian-salmon-zucchini-noodle-bowl-carrots-sugar-snap-peas/2493
chicken-bell-pepper-quesadilla-pico-de-gallo,2490,https://www.mealime.com/recipes/chicken-bell-pepper-quesadilla-pico-de-gallo/2490,https://www.mealime.com/recipes/chicken-bell-pepper-quesadilla-pico-de-gallo/2489
avocado-chicken-soup-lime-cilantro,2486,https://www.mealime.com/recipes/avocado-chicken-soup-lime-cilantro/2486,https://www.mealime.com/recipes/avocado-chicken-soup-lime-cilantro/2485
chicken-mustard-cream-sauce-spinach-salad,2478,https://www.mealime.com/recipes/chicken-mustard-cream-sauce-spinach-salad/2478,https://www.mealime.com/recipes/chicken-mustard-cream-sauce-spinach-salad/2477
garlic-sage-chicken-thighs-maple-roasted-acorn-squash,2466,https://www.mealime.com/recipes/garlic-sage-chicken-thighs-maple-roasted-acorn-squash/2466,https://www.mealime.com/recipes/garlic-sage-chicken-thighs-maple-roasted-acorn-squash/2465
chicken-cauliflower-fried-rice-carrots-peas,2454,https://www.mealime.com/recipes/chicken-cauliflower-fried-rice-carrots-peas/2454,https://www.mealime.com/recipes/chicken-cauliflower-fried-rice-carrots-peas/2453
roasted-carrot-lentil-feta-salad-butter-lettuce,2445,https://www.mealime.com/recipes/roasted-carrot-lentil-feta-salad-butter-lettuce/2445,https://www.mealime.com/recipes/roasted-carrot-lentil-feta-salad-butter-lettuce/2444
roasted-root-vegetable-salad-goat-cheese-walnuts,2441,https://www.mealime.com/recipes/roasted-root-vegetable-salad-goat-cheese-walnuts/2441,https://www.mealime.com/recipes/roasted-root-vegetable-salad-goat-cheese-walnuts/2440
steak-mushroom-stir-fry-cauliflower-rice,2424,https://www.mealime.com/recipes/steak-mushroom-stir-fry-cauliflower-rice/2424,https://www.mealime.com/recipes/steak-mushroom-stir-fry-cauliflower-rice/2423
turkey-vegetable-chili-avocado-cheddar-cilantro,2420,https://www.mealime.com/recipes/turkey-vegetable-chili-avocado-cheddar-cilantro/2420,https://www.mealime.com/recipes/turkey-vegetable-chili-avocado-cheddar-cilantro/2419
winter-panzanella-salad-butternut-squash-apples,2402,https://www.mealime.com/recipes/winter-panzanella-salad-butternut-squash-apples/2402,https://www.mealime.com/recipes/winter-panzanella-salad-butternut-squash-apples/2401
meatballs-tomato-sauce-zucchini-spaghetti,2381,https://www.mealime.com/recipes/meatballs-tomato-sauce-zucchini-spaghetti/2381,https://www.mealime.com/recipes/meatballs-tomato-sauce-zucchini-spaghetti/2380
roasted-salmon-garlic-buttered-leeks,2373,https://www.mealime.com/recipes/roasted-salmon-garlic-buttered-leeks/2373,https://www.mealime.com/recipes/roasted-salmon-garlic-buttered-leeks/2372
citrus-chicken-quinoa-salad-avocado-orange,2369,https://www.mealime.com/recipes/citrus-chicken-quinoa-salad-avocado-orange/2369,https://www.mealime.com/recipes/citrus-chicken-quinoa-salad-avocado-orange/2368
rib-eye-steak-buttery-sauteed-mixed-vegetables,2361,https://www.mealime.com/recipes/rib-eye-steak-buttery-sauteed-mixed-vegetables/2361,https://www.mealime.com/recipes/rib-eye-steak-buttery-sauteed-mixed-vegetables/2360
bangers-cauliflower-mash-onion-gravy,2343,https://www.mealime.com/recipes/bangers-cauliflower-mash-onion-gravy/2343,https://www.mealime.com/recipes/bangers-cauliflower-mash-onion-gravy/2342
broiled-pork-chops-sauteed-red-cabbage,2331,https://www.mealime.com/recipes/broiled-pork-chops-sauteed-red-cabbage/2331,https://www.mealime.com/recipes/broiled-pork-chops-sauteed-red-cabbage/2330
strip-steak-bell-pepper-fajitas-guacamole-butter-lettuce,2327,https://www.mealime.com/recipes/strip-steak-bell-pepper-fajitas-guacamole-butter-lettuce/2327,https://www.mealime.com/recipes/strip-steak-bell-pepper-fajitas-guacamole-butter-lettuce/2326
pan-seared-steak-sauteed-brussels-sprouts,2319,https://www.mealime.com/recipes/pan-seared-steak-sauteed-brussels-sprouts/2319,https://www.mealime.com/recipes/pan-seared-steak-sauteed-brussels-sprouts/2318
leek-mushroom-goat-cheese-frittata,2315,https://www.mealime.com/recipes/leek-mushroom-goat-cheese-frittata/2315,https://www.mealime.com/recipes/leek-mushroom-goat-cheese-frittata/2314
chicken-bell-pepper-fajitas-guacamole-butter-lettuce,2311,https://www.mealime.com/recipes/chicken-bell-pepper-fajitas-guacamole-butter-lettuce/2311,https://www.mealime.com/recipes/chicken-bell-pepper-fajitas-guacamole-butter-lettuce/2310
brussels-sprouts-grape-apple-salad-walnuts-parmesan,2307,https://www.mealime.com/recipes/brussels-sprouts-grape-apple-salad-walnuts-parmesan/2307,https://www.mealime.com/recipes/brussels-sprouts-grape-apple-salad-walnuts-parmesan/2306
strip-steak-brussels-sprouts-stir-fry-jalapeno-pepper,2295,https://www.mealime.com/recipes/strip-steak-brussels-sprouts-stir-fry-jalapeno-pepper/2295,https://www.mealime.com/recipes/strip-steak-brussels-sprouts-stir-fry-jalapeno-pepper/2294
apple-bacon-cheddar-frittata,2292,https://www.mealime.com/recipes/apple-bacon-cheddar-frittata/2292,https://www.mealime.com/recipes/apple-bacon-cheddar-frittata/2291
broccoli-apple-bacon-salad-walnuts,2287,https://www.mealime.com/recipes/broccoli-apple-bacon-salad-walnuts/2287,https://www.mealime.com/recipes/broccoli-apple-bacon-salad-walnuts/2286
pork-chops-brussels-sprouts-apple-almond-salad,2263,https://www.mealime.com/recipes/pork-chops-brussels-sprouts-apple-almond-salad/2263,https://www.mealime.com/recipes/pork-chops-brussels-sprouts-apple-almond-salad/2262
garlicky-shrimp-scampi-bell-pepper-spaghetti,2229,https://www.mealime.com/recipes/garlicky-shrimp-scampi-bell-pepper-spaghetti/2229,https://www.mealime.com/recipes/garlicky-shrimp-scampi-bell-pepper-spaghetti/2228
spicy-orange-tofu-broccoli-basmati-rice,2213,https://www.mealime.com/recipes/spicy-orange-tofu-broccoli-basmati-rice/2213,https://www.mealime.com/recipes/spicy-orange-tofu-broccoli-basmati-rice/2212
shrimp-bell-pepper-mushroom-stir-fry-basmati-rice,2205,https://www.mealime.com/recipes/shrimp-bell-pepper-mushroom-stir-fry-basmati-rice/2205,https://www.mealime.com/recipes/shrimp-bell-pepper-mushroom-stir-fry-basmati-rice/2204
orange-glazed-pork-chops-almond-green-beans,2197,https://www.mealime.com/recipes/orange-glazed-pork-chops-almond-green-beans/2197,https://www.mealime.com/recipes/orange-glazed-pork-chops-almond-green-beans/2196
salmon-avocado-grapefruit-salsa-lime-cilantro-rice-pilaf,2193,https://www.mealime.com/recipes/salmon-avocado-grapefruit-salsa-lime-cilantro-rice-pilaf/2193,https://www.mealime.com/recipes/salmon-avocado-grapefruit-salsa-lime-cilantro-rice-pilaf/2192
warm-french-lentil-salad-goat-cheese,2189,https://www.mealime.com/recipes/warm-french-lentil-salad-goat-cheese/2189,https://www.mealime.com/recipes/warm-french-lentil-salad-goat-cheese/2188
pork-chops-sweet-potato-mash-citrus-baby-greens-salad,2185,https://www.mealime.com/recipes/pork-chops-sweet-potato-mash-citrus-baby-greens-salad/2185,https://www.mealime.com/recipes/pork-chops-sweet-potato-mash-citrus-baby-greens-salad/2184
tofu-bell-pepper-spinach-in-peanut-sauce-basmati-rice,2181,https://www.mealime.com/recipes/tofu-bell-pepper-spinach-in-peanut-sauce-basmati-rice/2181,https://www.mealime.com/recipes/tofu-bell-pepper-spinach-in-peanut-sauce-basmati-rice/2180
veggie-burrito-bowl-salsa-guacamole-cheddar,2177,https://www.mealime.com/recipes/veggie-burrito-bowl-salsa-guacamole-cheddar/2177,https://www.mealime.com/recipes/veggie-burrito-bowl-salsa-guacamole-cheddar/2176
tomato-basil-soup-cheddar-grilled-cheese,2169,https://www.mealime.com/recipes/tomato-basil-soup-cheddar-grilled-cheese/2169,https://www.mealime.com/recipes/tomato-basil-soup-cheddar-grilled-cheese/2168
cannellini-beans-roasted-tomatoes-basil-over-polenta,2165,https://www.mealime.com/recipes/cannellini-beans-roasted-tomatoes-basil-over-polenta/2165,https://www.mealime.com/recipes/cannellini-beans-roasted-tomatoes-basil-over-polenta/2164
hearty-sweet-potato-black-bean-chili-greek-yogurt,2152,https://www.mealime.com/recipes/hearty-sweet-potato-black-bean-chili-greek-yogurt/2152,https://www.mealime.com/recipes/hearty-sweet-potato-black-bean-chili-greek-yogurt/2151
chicken-turnip-mushroom-stew-garlic-bread,2140,https://www.mealime.com/recipes/chicken-turnip-mushroom-stew-garlic-bread/2140,https://www.mealime.com/recipes/chicken-turnip-mushroom-stew-garlic-bread/2139
california-club-sandwich-lemony-spinach-salad,2132,https://www.mealime.com/recipes/california-club-sandwich-lemony-spinach-salad/2132,https://www.mealime.com/recipes/california-club-sandwich-lemony-spinach-salad/2131
spaghetti-puttanesca,2120,https://www.mealime.com/recipes/spaghetti-puttanesca/2120,https://www.mealime.com/recipes/spaghetti-puttanesca/2119
stir-fried-pork-pineapple-bell-pepper-basmati-rice,2108,https://www.mealime.com/recipes/stir-fried-pork-pineapple-bell-pepper-basmati-rice/2108,https://www.mealime.com/recipes/stir-fried-pork-pineapple-bell-pepper-basmati-rice/2107
grilled-steak-mango-salsa-spinach-tomato-salad,2104,https://www.mealime.com/recipes/grilled-steak-mango-salsa-spinach-tomato-salad/2104,https://www.mealime.com/recipes/grilled-steak-mango-salsa-spinach-tomato-salad/2103
pork-lo-mein-bell-pepper-sugar-snap-peas,2096,https://www.mealime.com/recipes/pork-lo-mein-bell-pepper-sugar-snap-peas/2096,https://www.mealime.com/recipes/pork-lo-mein-bell-pepper-sugar-snap-peas/2095
chicken-green-bean-casserole-mushrooms-thyme,2088,https://www.mealime.com/recipes/chicken-green-bean-casserole-mushrooms-thyme/2088,https://www.mealime.com/recipes/chicken-green-bean-casserole-mushrooms-thyme/2087
southwestern-black-bean-cakes-guacamole-corn,2080,https://www.mealime.com/recipes/southwestern-black-bean-cakes-guacamole-corn/2080,https://www.mealime.com/recipes/southwestern-black-bean-cakes-guacamole-corn/2079
rosemary-chicken-thighs-roasted-winter-vegetables,2076,https://www.mealime.com/recipes/rosemary-chicken-thighs-roasted-winter-vegetables/2076,https://www.mealime.com/recipes/rosemary-chicken-thighs-roasted-winter-vegetables/2075
egg-salad-spinach-sandwich-grape-tomatoes,2060,https://www.mealime.com/recipes/egg-salad-spinach-sandwich-grape-tomatoes/2060,https://www.mealime.com/recipes/egg-salad-spinach-sandwich-grape-tomatoes/2059
chicken-bell-pepper-fajitas-guacamole,2053,https://www.mealime.com/recipes/chicken-bell-pepper-fajitas-guacamole/2053,https://www.mealime.com/recipes/chicken-bell-pepper-fajitas-guacamole/2052
pumpkin-beef-chili-green-onions-cool-yogurt,2049,https://www.mealime.com/recipes/pumpkin-beef-chili-green-onions-cool-yogurt/2049,https://www.mealime.com/recipes/pumpkin-beef-chili-green-onions-cool-yogurt/2048
chunky-vegetable-bean-chili-cool-greek-yogurt,2046,https://www.mealime.com/recipes/chunky-vegetable-bean-chili-cool-greek-yogurt/2046,https://www.mealime.com/recipes/chunky-vegetable-bean-chili-cool-greek-yogurt/2045
california-cobb-salad-dijon-vinaigrette,2042,https://www.mealime.com/recipes/california-cobb-salad-dijon-vinaigrette/2042,https://www.mealime.com/recipes/california-cobb-salad-dijon-vinaigrette/2041
vegetable-cashew-stir-fry-basmati-rice,2030,https://www.mealime.com/recipes/vegetable-cashew-stir-fry-basmati-rice/2030,https://www.mealime.com/recipes/vegetable-cashew-stir-fry-basmati-rice/2029
beef-broccoli-stir-fry-basmati-rice,2023,https://www.mealime.com/recipes/beef-broccoli-stir-fry-basmati-rice/2023,https://www.mealime.com/recipes/beef-broccoli-stir-fry-basmati-rice/2022
creamy-sundried-tomato-spinach-linguine-pasta,2010,https://www.mealime.com/recipes/creamy-sundried-tomato-spinach-linguine-pasta/2010,https://www.mealime.com/recipes/creamy-sundried-tomato-spinach-linguine-pasta/2009
black-bean-veggie-quesadillas-tomato-avocado-salsa,2001,https://www.mealime.com/recipes/black-bean-veggie-quesadillas-tomato-avocado-salsa/2001,https://www.mealime.com/recipes/black-bean-veggie-quesadillas-tomato-avocado-salsa/2000
fettuccine-alfredo-asparagus,1992,https://www.mealime.com/recipes/fettuccine-alfredo-asparagus/1992,https://www.mealime.com/recipes/fettuccine-alfredo-asparagus/1991
black-bean-bell-pepper-fajitas-guacamole,1984,https://www.mealime.com/recipes/black-bean-bell-pepper-fajitas-guacamole/1984,https://www.mealime.com/recipes/black-bean-bell-pepper-fajitas-guacamole/1983
thai-peanut-chicken-wraps-broccoli-slaw,1967,https://www.mealime.com/recipes/thai-peanut-chicken-wraps-broccoli-slaw/1967,https://www.mealime.com/recipes/thai-peanut-chicken-wraps-broccoli-slaw/1966
thai-pineapple-fried-rice-shrimp,1960,https://www.mealime.com/recipes/thai-pineapple-fried-rice-shrimp/1960,https://www.mealime.com/recipes/thai-pineapple-fried-rice-shrimp/1959
parmesan-parsley-crusted-chicken-roasted-romaine-lettuce,1945,https://www.mealime.com/recipes/parmesan-parsley-crusted-chicken-roasted-romaine-lettuce/1945,https://www.mealime.com/recipes/parmesan-parsley-crusted-chicken-roasted-romaine-lettuce/1944
sweet-sour-meatballs-pineapple-bell-pepper,1932,https://www.mealime.com/recipes/sweet-sour-meatballs-pineapple-bell-pepper/1932,https://www.mealime.com/recipes/sweet-sour-meatballs-pineapple-bell-pepper/1931
strip-steak-bell-pepper-fajitas-guacamole,1921,https://www.mealime.com/recipes/strip-steak-bell-pepper-fajitas-guacamole/1921,https://www.mealime.com/recipes/strip-steak-bell-pepper-fajitas-guacamole/1920
strawberry-spinach-quinoa-salad-balsamic-vinaigrette,1906,https://www.mealime.com/recipes/strawberry-spinach-quinoa-salad-balsamic-vinaigrette/1906,https://www.mealime.com/recipes/strawberry-spinach-quinoa-salad-balsamic-vinaigrette/1905
steak-arugula-caramelized-onions-balsamic-mushrooms,1878,https://www.mealime.com/recipes/steak-arugula-caramelized-onions-balsamic-mushrooms/1878,https://www.mealime.com/recipes/steak-arugula-caramelized-onions-balsamic-mushrooms/1877
tofu-fried-rice-carrots-peas,1868,https://www.mealime.com/recipes/tofu-fried-rice-carrots-peas/1868,https://www.mealime.com/recipes/tofu-fried-rice-carrots-peas/1867
southwest-chicken-salad-creamy-yogurt-dressing,1858,https://www.mealime.com/recipes/southwest-chicken-salad-creamy-yogurt-dressing/1858,https://www.mealime.com/recipes/southwest-chicken-salad-creamy-yogurt-dressing/1857
tuna-salad-nicoise-lemon-caper-vinaigrette,1852,https://www.mealime.com/recipes/tuna-salad-nicoise-lemon-caper-vinaigrette/1852,https://www.mealime.com/recipes/tuna-salad-nicoise-lemon-caper-vinaigrette/1851
roasted-sweet-potato-black-bean-salad-arugula-bell-pepper,1851,https://www.mealime.com/recipes/roasted-sweet-potato-black-bean-salad-arugula-bell-pepper/1851,https://www.mealime.com/recipes/roasted-sweet-potato-black-bean-salad-arugula-bell-pepper/1850
shrimp-corn-coconut-milk-chowder-bell-pepper,1837,https://www.mealime.com/recipes/shrimp-corn-coconut-milk-chowder-bell-pepper/1837,https://www.mealime.com/recipes/shrimp-corn-coconut-milk-chowder-bell-pepper/1836
roasted-chickpea-tomato-salad-arugula-feta,1824,https://www.mealime.com/recipes/roasted-chickpea-tomato-salad-arugula-feta/1824,https://www.mealime.com/recipes/roasted-chickpea-tomato-salad-arugula-feta/1823
shrimp-avocado-grapefruit-salad,1817,https://www.mealime.com/recipes/shrimp-avocado-grapefruit-salad/1817,https://www.mealime.com/recipes/shrimp-avocado-grapefruit-salad/1816
salisbury-steak-mushroom-gravy-parsley-mashed-potatoes,1805,https://www.mealime.com/recipes/salisbury-steak-mushroom-gravy-parsley-mashed-potatoes/1805,https://www.mealime.com/recipes/salisbury-steak-mushroom-gravy-parsley-mashed-potatoes/1804
salmon-burgers-mixed-greens,1799,https://www.mealime.com/recipes/salmon-burgers-mixed-greens/1799,https://www.mealime.com/recipes/salmon-burgers-mixed-greens/1798
pumpkin-ricotta-pasta-bake-kale-parmesan-chives,1787,https://www.mealime.com/recipes/pumpkin-ricotta-pasta-bake-kale-parmesan-chives/1787,https://www.mealime.com/recipes/pumpkin-ricotta-pasta-bake-kale-parmesan-chives/1786
pork-chops-blackberry-sauce-lemon-arugula-salad,1783,https://www.mealime.com/recipes/pork-chops-blackberry-sauce-lemon-arugula-salad/1783,https://www.mealime.com/recipes/pork-chops-blackberry-sauce-lemon-arugula-salad/1782
moroccan-style-chicken-zucchini-couscous,1771,https://www.mealime.com/recipes/moroccan-style-chicken-zucchini-couscous/1771,https://www.mealime.com/recipes/moroccan-style-chicken-zucchini-couscous/1770
mediterranean-chickpea-salad-lemon-vinaigrette,1770,https://www.mealime.com/recipes/mediterranean-chickpea-salad-lemon-vinaigrette/1770,https://www.mealime.com/recipes/mediterranean-chickpea-salad-lemon-vinaigrette/1769
mango-avocado-arugula-salad-cilantro-lime-dressing,1763,https://www.mealime.com/recipes/mango-avocado-arugula-salad-cilantro-lime-dressing/1763,https://www.mealime.com/recipes/mango-avocado-arugula-salad-cilantro-lime-dressing/1762
grilled-steak-strawberry-panzanella-salad,1748,https://www.mealime.com/recipes/grilled-steak-strawberry-panzanella-salad/1748,https://www.mealime.com/recipes/grilled-steak-strawberry-panzanella-salad/1747
grilled-steak-carrots-garlic-mashed-potatoes,1744,https://www.mealime.com/recipes/grilled-steak-carrots-garlic-mashed-potatoes/1744,https://www.mealime.com/recipes/grilled-steak-carrots-garlic-mashed-potatoes/1743
grilled-steak-vegetables-chimichurri-sauce,1727,https://www.mealime.com/recipes/grilled-steak-vegetables-chimichurri-sauce/1727,https://www.mealime.com/recipes/grilled-steak-vegetables-chimichurri-sauce/1726
classic-sloppy-joes-zesty-broccoli-slaw,1718,https://www.mealime.com/recipes/classic-sloppy-joes-zesty-broccoli-slaw/1718,https://www.mealime.com/recipes/classic-sloppy-joes-zesty-broccoli-slaw/1717
grilled-chicken-caesar-wrap-grape-tomatoes,1713,https://www.mealime.com/recipes/grilled-chicken-caesar-wrap-grape-tomatoes/1713,https://www.mealime.com/recipes/grilled-chicken-caesar-wrap-grape-tomatoes/1712
soft-beef-tacos-shredded-romaine-cheddar-spicy-salsa,1698,https://www.mealime.com/recipes/soft-beef-tacos-shredded-romaine-cheddar-spicy-salsa/1698,https://www.mealime.com/recipes/soft-beef-tacos-shredded-romaine-cheddar-spicy-salsa/1697
classic-beef-chili-avocado-crusty-bread,1691,https://www.mealime.com/recipes/classic-beef-chili-avocado-crusty-bread/1691,https://www.mealime.com/recipes/classic-beef-chili-avocado-crusty-bread/1690
cheeseburger-quesadilla-pico-de-gallo-greek-yogurt,1658,https://www.mealime.com/recipes/cheeseburger-quesadilla-pico-de-gallo-greek-yogurt/1658,https://www.mealime.com/recipes/cheeseburger-quesadilla-pico-de-gallo-greek-yogurt/1657
thai-coconut-shrimp-curry-basmati-rice,1640,https://www.mealime.com/recipes/thai-coconut-shrimp-curry-basmati-rice/1640,https://www.mealime.com/recipes/thai-coconut-shrimp-curry-basmati-rice/1639
beef-taco-salad-cheddar-catalina-dressing,1606,https://www.mealime.com/recipes/beef-taco-salad-cheddar-catalina-dressing/1606,https://www.mealime.com/recipes/beef-taco-salad-cheddar-catalina-dressing/1605
asparagus-strawberry-arugula-salad-goat-cheese-almonds,1595,https://www.mealime.com/recipes/asparagus-strawberry-arugula-salad-goat-cheese-almonds/1595,https://www.mealime.com/recipes/asparagus-strawberry-arugula-salad-goat-cheese-almonds/1594
apricot-chicken-salad-spinach-crusty-bread,1557,https://www.mealime.com/recipes/apricot-chicken-salad-spinach-crusty-bread/1557,https://www.mealime.com/recipes/apricot-chicken-salad-spinach-crusty-bread/1556
asian-steak-mango-salad-bell-pepper-romaine,1546,https://www.mealime.com/recipes/asian-steak-mango-salad-bell-pepper-romaine/1546,https://www.mealime.com/recipes/asian-steak-mango-salad-bell-pepper-romaine/1545
arugula-mushroom-quinoa-salad-lemon-chive-vinaigrette,1543,https://www.mealime.com/recipes/arugula-mushroom-quinoa-salad-lemon-chive-vinaigrette/1543,https://www.mealime.com/recipes/arugula-mushroom-quinoa-salad-lemon-chive-vinaigrette/1542
coconut-curry-shrimp-carrot-rice,1528,https://www.mealime.com/recipes/coconut-curry-shrimp-carrot-rice/1528,https://www.mealime.com/recipes/coconut-curry-shrimp-carrot-rice/1527
sauteed-chicken-thighs-mushroom-sauce-roasted-green-beans,1517,https://www.mealime.com/recipes/sauteed-chicken-thighs-mushroom-sauce-roasted-green-beans/1517,https://www.mealime.com/recipes/sauteed-chicken-thighs-mushroom-sauce-roasted-green-beans/1516
chickpea-panzanella-salad-cucumber-bell-pepper-tomatoes,1507,https://www.mealime.com/recipes/chickpea-panzanella-salad-cucumber-bell-pepper-tomatoes/1507,https://www.mealime.com/recipes/chickpea-panzanella-salad-cucumber-bell-pepper-tomatoes/1506
grilled-peach-strawberry-arugula-salad-pistachios-goat-cheese,1504,https://www.mealime.com/recipes/grilled-peach-strawberry-arugula-salad-pistachios-goat-cheese/1504,https://www.mealime.com/recipes/grilled-peach-strawberry-arugula-salad-pistachios-goat-cheese/1503
maple-glazed-salmon-sugar-snap-pea-carrot-quinoa-salad,1497,https://www.mealime.com/recipes/maple-glazed-salmon-sugar-snap-pea-carrot-quinoa-salad/1497,https://www.mealime.com/recipes/maple-glazed-salmon-sugar-snap-pea-carrot-quinoa-salad/1496
grilled-chicken-breast-greek-salad,1486,https://www.mealime.com/recipes/grilled-chicken-breast-greek-salad/1486,https://www.mealime.com/recipes/grilled-chicken-breast-greek-salad/1485
lemon-pepper-steak-mashed-potatoes-green-beans,1483,https://www.mealime.com/recipes/lemon-pepper-steak-mashed-potatoes-green-beans/1483,https://www.mealime.com/recipes/lemon-pepper-steak-mashed-potatoes-green-beans/1482
honey-mustard-chicken-tenders-broccoli-orange-slaw,1475,https://www.mealime.com/recipes/honey-mustard-chicken-tenders-broccoli-orange-slaw/1475,https://www.mealime.com/recipes/honey-mustard-chicken-tenders-broccoli-orange-slaw/1474
steak-mashed-turnip-potato-carrot-medley,1468,https://www.mealime.com/recipes/steak-mashed-turnip-potato-carrot-medley/1468,https://www.mealime.com/recipes/steak-mashed-turnip-potato-carrot-medley/1467
lentil-tomato-mixed-greens-salad-avocado-garlic-bread,1461,https://www.mealime.com/recipes/lentil-tomato-mixed-greens-salad-avocado-garlic-bread/1461,https://www.mealime.com/recipes/lentil-tomato-mixed-greens-salad-avocado-garlic-bread/1460
garlic-parmesan-chicken-wings-spicy-roasted-carrot,1458,https://www.mealime.com/recipes/garlic-parmesan-chicken-wings-spicy-roasted-carrot/1458,https://www.mealime.com/recipes/garlic-parmesan-chicken-wings-spicy-roasted-carrot/1457
thai-coconut-chicken-soup-mushrooms-bell-pepper,1451,https://www.mealime.com/recipes/thai-coconut-chicken-soup-mushrooms-bell-pepper/1451,https://www.mealime.com/recipes/thai-coconut-chicken-soup-mushrooms-bell-pepper/1450
roasted-eggplant-pasta-alla-norma,1436,https://www.mealime.com/recipes/roasted-eggplant-pasta-alla-norma/1436,https://www.mealime.com/recipes/roasted-eggplant-pasta-alla-norma/1435
quinoa-tabbouleh-salad-grape-tomatoes-cucumber,1432,https://www.mealime.com/recipes/quinoa-tabbouleh-salad-grape-tomatoes-cucumber/1432,https://www.mealime.com/recipes/quinoa-tabbouleh-salad-grape-tomatoes-cucumber/1431
paprika-salmon-grilled-eggplant-basil-vinaigrette,1429,https://www.mealime.com/recipes/paprika-salmon-grilled-eggplant-basil-vinaigrette/1429,https://www.mealime.com/recipes/paprika-salmon-grilled-eggplant-basil-vinaigrette/1428
honey-soy-glazed-salmon-sauteed-bok-choy-basmati-rice,1422,https://www.mealime.com/recipes/honey-soy-glazed-salmon-sauteed-bok-choy-basmati-rice/1422,https://www.mealime.com/recipes/honey-soy-glazed-salmon-sauteed-bok-choy-basmati-rice/1421
spinach-tomato-frittata-fresh-mozzarella,1412,https://www.mealime.com/recipes/spinach-tomato-frittata-fresh-mozzarella/1412,https://www.mealime.com/recipes/spinach-tomato-frittata-fresh-mozzarella/1411
tuna-noodle-casserole-peas-creamy-mushroom-sauce,1405,https://www.mealime.com/recipes/tuna-noodle-casserole-peas-creamy-mushroom-sauce/1405,https://www.mealime.com/recipes/tuna-noodle-casserole-peas-creamy-mushroom-sauce/1404
roasted-garlic-rosemary-chicken-pears-butternut-squash-mash,1402,https://www.mealime.com/recipes/roasted-garlic-rosemary-chicken-pears-butternut-squash-mash/1402,https://www.mealime.com/recipes/roasted-garlic-rosemary-chicken-pears-butternut-squash-mash/1401
sweet-potato-lentil-stew-crusty-bread,1385,https://www.mealime.com/recipes/sweet-potato-lentil-stew-crusty-bread/1385,https://www.mealime.com/recipes/sweet-potato-lentil-stew-crusty-bread/1384
thai-pineapple-fried-rice-chicken,1378,https://www.mealime.com/recipes/thai-pineapple-fried-rice-chicken/1378,https://www.mealime.com/recipes/thai-pineapple-fried-rice-chicken/1377
orange-glazed-chicken-thighs-roasted-parmesan-cauliflower,1375,https://www.mealime.com/recipes/orange-glazed-chicken-thighs-roasted-parmesan-cauliflower/1375,https://www.mealime.com/recipes/orange-glazed-chicken-thighs-roasted-parmesan-cauliflower/1374
paprika-pork-chops-yogurt-dressed-waldorf-salad,1372,https://www.mealime.com/recipes/paprika-pork-chops-yogurt-dressed-waldorf-salad/1372,https://www.mealime.com/recipes/paprika-pork-chops-yogurt-dressed-waldorf-salad/1371
beef-ricotta-meatballs-in-tomato-sauce-warm-flatbread,1366,https://www.mealime.com/recipes/beef-ricotta-meatballs-in-tomato-sauce-warm-flatbread/1366,https://www.mealime.com/recipes/beef-ricotta-meatballs-in-tomato-sauce-warm-flatbread/1365
steak-roasted-carrots-red-onion-chimichurri-sauce,1363,https://www.mealime.com/recipes/steak-roasted-carrots-red-onion-chimichurri-sauce/1363,https://www.mealime.com/recipes/steak-roasted-carrots-red-onion-chimichurri-sauce/1362
sauteed-chicken-thighs-roasted-parsnips-grape-tomatoes,1353,https://www.mealime.com/recipes/sauteed-chicken-thighs-roasted-parsnips-grape-tomatoes/1353,https://www.mealime.com/recipes/sauteed-chicken-thighs-roasted-parsnips-grape-tomatoes/1352
chicken-bell-pepper-goat-cheese-panini-arugula-tomato-salad,1347,https://www.mealime.com/recipes/chicken-bell-pepper-goat-cheese-panini-arugula-tomato-salad/1347,https://www.mealime.com/recipes/chicken-bell-pepper-goat-cheese-panini-arugula-tomato-salad/1346
southwest-white-chicken-chili-avocado-crusty-bread,1339,https://www.mealime.com/recipes/southwest-white-chicken-chili-avocado-crusty-bread/1339,https://www.mealime.com/recipes/southwest-white-chicken-chili-avocado-crusty-bread/1338
steak-spinach-salad-sauteed-mushrooms-grape-tomatoes-corn,1336,https://www.mealime.com/recipes/steak-spinach-salad-sauteed-mushrooms-grape-tomatoes-corn/1336,https://www.mealime.com/recipes/steak-spinach-salad-sauteed-mushrooms-grape-tomatoes-corn/1335
roasted-paprika-chicken-thighs-carrots-potatoes,1329,https://www.mealime.com/recipes/roasted-paprika-chicken-thighs-carrots-potatoes/1329,https://www.mealime.com/recipes/roasted-paprika-chicken-thighs-carrots-potatoes/1328
parsley-pork-chops-lemon-herb-roasted-new-potatoes,1323,https://www.mealime.com/recipes/parsley-pork-chops-lemon-herb-roasted-new-potatoes/1323,https://www.mealime.com/recipes/parsley-pork-chops-lemon-herb-roasted-new-potatoes/1322
penne-pasta-tuna-tomato-sauce,1308,https://www.mealime.com/recipes/penne-pasta-tuna-tomato-sauce/1308,https://www.mealime.com/recipes/penne-pasta-tuna-tomato-sauce/1307
maple-glazed-tofu-garlic-sauteed-bok-choy-basmati-rice,1301,https://www.mealime.com/recipes/maple-glazed-tofu-garlic-sauteed-bok-choy-basmati-rice/1301,https://www.mealime.com/recipes/maple-glazed-tofu-garlic-sauteed-bok-choy-basmati-rice/1300
grape-tomato-basil-ricotta-flatbread-pizza-arugula-salad,1291,https://www.mealime.com/recipes/grape-tomato-basil-ricotta-flatbread-pizza-arugula-salad/1291,https://www.mealime.com/recipes/grape-tomato-basil-ricotta-flatbread-pizza-arugula-salad/1290
sesame-chicken-broccoli-basmati-rice,1284,https://www.mealime.com/recipes/sesame-chicken-broccoli-basmati-rice/1284,https://www.mealime.com/recipes/sesame-chicken-broccoli-basmati-rice/1283
lamb-in-tomato-sauce-rosemary-white-bean-puree,1281,https://www.mealime.com/recipes/lamb-in-tomato-sauce-rosemary-white-bean-puree/1281,https://www.mealime.com/recipes/lamb-in-tomato-sauce-rosemary-white-bean-puree/1280
maple-balsamic-steak-pear-arugula-goat-cheese-salad,1278,https://www.mealime.com/recipes/maple-balsamic-steak-pear-arugula-goat-cheese-salad/1278,https://www.mealime.com/recipes/maple-balsamic-steak-pear-arugula-goat-cheese-salad/1277
maple-dijon-chicken-mushroom-quinoa-risotto,1275,https://www.mealime.com/recipes/maple-dijon-chicken-mushroom-quinoa-risotto/1275,https://www.mealime.com/recipes/maple-dijon-chicken-mushroom-quinoa-risotto/1274
herbed-salmon-roasted-green-beans-cauliflower-mash,1265,https://www.mealime.com/recipes/herbed-salmon-roasted-green-beans-cauliflower-mash/1265,https://www.mealime.com/recipes/herbed-salmon-roasted-green-beans-cauliflower-mash/1264
ground-turkey-potatoes-peas-crusty-bread,1258,https://www.mealime.com/recipes/ground-turkey-potatoes-peas-crusty-bread/1258,https://www.mealime.com/recipes/ground-turkey-potatoes-peas-crusty-bread/1257
ground-turkey-chickpea-curry-basmati-rice,1255,https://www.mealime.com/recipes/ground-turkey-chickpea-curry-basmati-rice/1255,https://www.mealime.com/recipes/ground-turkey-chickpea-curry-basmati-rice/1254
italian-stuffed-zucchini-boats-ground-beef-tomatoes-mozzarella,1244,https://www.mealime.com/recipes/italian-stuffed-zucchini-boats-ground-beef-tomatoes-mozzarella/1244,https://www.mealime.com/recipes/italian-stuffed-zucchini-boats-ground-beef-tomatoes-mozzarella/1243
honey-garlic-chicken-drumsticks-spinach-avocado-orange-salad,1234,https://www.mealime.com/recipes/honey-garlic-chicken-drumsticks-spinach-avocado-orange-salad/1234,https://www.mealime.com/recipes/honey-garlic-chicken-drumsticks-spinach-avocado-orange-salad/1233
chicken-satay-creamy-peanut-sauce-thai-cucumber-salad,1194,https://www.mealime.com/recipes/chicken-satay-creamy-peanut-sauce-thai-cucumber-salad/1194,https://www.mealime.com/recipes/chicken-satay-creamy-peanut-sauce-thai-cucumber-salad/1193
tofu-soba-noodle-stir-fry-spinach-mushrooms,1183,https://www.mealime.com/recipes/tofu-soba-noodle-stir-fry-spinach-mushrooms/1183,https://www.mealime.com/recipes/tofu-soba-noodle-stir-fry-spinach-mushrooms/1182
classic-beef-stew-potatoes-carrots-celery-crusty-bread,1161,https://www.mealime.com/recipes/classic-beef-stew-potatoes-carrots-celery-crusty-bread/1161,https://www.mealime.com/recipes/classic-beef-stew-potatoes-carrots-celery-crusty-bread/1160
chinese-chicken-salad-napa-cabbage-carrots-tortilla-strips,1158,https://www.mealime.com/recipes/chinese-chicken-salad-napa-cabbage-carrots-tortilla-strips/1158,https://www.mealime.com/recipes/chinese-chicken-salad-napa-cabbage-carrots-tortilla-strips/1157
chicken-caesar-salad-yogurt-dressing-garlic-croutons,1140,https://www.mealime.com/recipes/chicken-caesar-salad-yogurt-dressing-garlic-croutons/1140,https://www.mealime.com/recipes/chicken-caesar-salad-yogurt-dressing-garlic-croutons/1139
chicken-fresh-mozzarella-sandwich-avocado-spinach-salad,1135,https://www.mealime.com/recipes/chicken-fresh-mozzarella-sandwich-avocado-spinach-salad/1135,https://www.mealime.com/recipes/chicken-fresh-mozzarella-sandwich-avocado-spinach-salad/1134
dijon-pork-chops-roasted-brussels-sprouts-grapes,1129,https://www.mealime.com/recipes/dijon-pork-chops-roasted-brussels-sprouts-grapes/1129,https://www.mealime.com/recipes/dijon-pork-chops-roasted-brussels-sprouts-grapes/1128
curried-coconut-pumpkin-soup-chicken-crusty-bread,1121,https://www.mealime.com/recipes/curried-coconut-pumpkin-soup-chicken-crusty-bread/1121,https://www.mealime.com/recipes/curried-coconut-pumpkin-soup-chicken-crusty-bread/1120
tomato-mushroom-kalamata-olive-penne-parmesan,1115,https://www.mealime.com/recipes/tomato-mushroom-kalamata-olive-penne-parmesan/1115,https://www.mealime.com/recipes/tomato-mushroom-kalamata-olive-penne-parmesan/1114
tropical-fruit-quinoa-salad-honey-lime-dressing,1108,https://www.mealime.com/recipes/tropical-fruit-quinoa-salad-honey-lime-dressing/1108,https://www.mealime.com/recipes/tropical-fruit-quinoa-salad-honey-lime-dressing/1107
zucchini-potato-fritters-lentil-bell-pepper-goat-cheese-salad,1100,https://www.mealime.com/recipes/zucchini-potato-fritters-lentil-bell-pepper-goat-cheese-salad/1100,https://www.mealime.com/recipes/zucchini-potato-fritters-lentil-bell-pepper-goat-cheese-salad/1099
chicken-florentine-pasta-mushrooms-grape-tomatoes-spinach,1087,https://www.mealime.com/recipes/chicken-florentine-pasta-mushrooms-grape-tomatoes-spinach/1087,https://www.mealime.com/recipes/chicken-florentine-pasta-mushrooms-grape-tomatoes-spinach/1086
beet-orange-spinach-salad-goat-cheese-chopped-walnuts,1075,https://www.mealime.com/recipes/beet-orange-spinach-salad-goat-cheese-chopped-walnuts/1075,https://www.mealime.com/recipes/beet-orange-spinach-salad-goat-cheese-chopped-walnuts/1074
better-than-takeout-chicken-fried-rice,1067,https://www.mealime.com/recipes/better-than-takeout-chicken-fried-rice/1067,https://www.mealime.com/recipes/better-than-takeout-chicken-fried-rice/1066
breadcrumb-crusted-halibut-mushroom-spinach-saute-quinoa,1061,https://www.mealime.com/recipes/breadcrumb-crusted-halibut-mushroom-spinach-saute-quinoa/1061,https://www.mealime.com/recipes/breadcrumb-crusted-halibut-mushroom-spinach-saute-quinoa/1060
cajun-chicken-avocado-burger-baby-spinach-salad,1054,https://www.mealime.com/recipes/cajun-chicken-avocado-burger-baby-spinach-salad/1054,https://www.mealime.com/recipes/cajun-chicken-avocado-burger-baby-spinach-salad/1053
cauliflower-chickpea-coconut-curry-couscous,1051,https://www.mealime.com/recipes/cauliflower-chickpea-coconut-curry-couscous/1051,https://www.mealime.com/recipes/cauliflower-chickpea-coconut-curry-couscous/1050
broccoli-bell-pepper-chickpea-salad-feta-zesty-lemon-dressing,1048,https://www.mealime.com/recipes/broccoli-bell-pepper-chickpea-salad-feta-zesty-lemon-dressing/1048,https://www.mealime.com/recipes/broccoli-bell-pepper-chickpea-salad-feta-zesty-lemon-dressing/1047
asparagus-tomato-feta-frittata,1046,https://www.mealime.com/recipes/asparagus-tomato-feta-frittata/1046,https://www.mealime.com/recipes/asparagus-tomato-feta-frittata/1045
asian-noodle-salad-broccoli-slaw-creamy-peanut-sauce,1030,https://www.mealime.com/recipes/asian-noodle-salad-broccoli-slaw-creamy-peanut-sauce/1030,https://www.mealime.com/recipes/asian-noodle-salad-broccoli-slaw-creamy-peanut-sauce/1029
asian-chicken-brussels-sprouts-stir-fry-basmati-rice,1021,https://www.mealime.com/recipes/asian-chicken-brussels-sprouts-stir-fry-basmati-rice/1021,https://www.mealime.com/recipes/asian-chicken-brussels-sprouts-stir-fry-basmati-rice/1020
balsamic-chicken-drumsticks-garlic-parsley-sauteed-carrots,793,https://www.mealime.com/recipes/balsamic-chicken-drumsticks-garlic-parsley-sauteed-carrots/793,https://www.mealime.com/recipes/balsamic-chicken-drumsticks-garlic-parsley-sauteed-carrots/792
arugula-chickpea-salad-cucumber-avocado-parmesan,768,https://www.mealime.com/recipes/arugula-chickpea-salad-cucumber-avocado-parmesan/768,https://www.mealime.com/recipes/arugula-chickpea-salad-cucumber-avocado-parmesan/767
arugula-butternut-squash-quinoa-salad-goat-cheese,760,https://www.mealime.com/recipes/arugula-butternut-squash-quinoa-salad-goat-cheese/760,https://www.mealime.com/recipes/arugula-butternut-squash-quinoa-salad-goat-cheese/759
